{"data": {"offers": [{"offerID": "13142887", "offerUUID": "0c5a7057-1f2e-4308-8ea9-f9c6f6ddcc88", "seller": {"id": "4d1824cf-40c6-4815-85b4-c8341af8b813", "name": "World_of_games", "avatarUrl": "https://img.g2a.com/96x96/1x0x0/2.png/9269b260faba4c22af5a2060", "initials": "Wo", "type": "excellent", "rating": {"up": 48670, "neutral": 5322, "down": 695, "positiveFeedbackRatio": 99}, "ordersCount": 54687, "issueInvoices": false, "deliveryTime": "automated"}, "isSelectedOffer": false, "isPromotedOffer": true, "promotedOffer": {"campaignId": "42", "showId": "8e7a01e5-71cc-4a91-a9f8-c75468e9d381", "requestId": "|S4trd3y7mgKRpWCTz+wHubIXZmgcNPsRY8jd.UeSuGqrj_BtJqiG.9JLcDc_", "skc": "unknown-skc"}, "type": "dropshipping", "prices": {"normal": {"price": "1.05", "suggestedPrice": "9.99", "discountPercent": "89", "discountAmount": "8.94", "basePrice": "1.05", "baseSuggestedPrice": "9.99"}, "plus": {"price": "0.94", "suggestedPrice": "9.99", "discountPercent": "91", "discountAmount": "9.05", "basePrice": "0.94", "baseSuggestedPrice": "9.99"}}, "currency": "EUR", "offerType": "instant"}, {"offerID": "12771620", "offerUUID": "fe285935-a112-4263-9b2e-fcfcb2af8343", "seller": {"id": "dabd25fb-f026-4d09-96b0-cbbc2b36dc1a", "name": "Instant_game", "avatarUrl": "https://img.g2a.com/96x96/1x0x0/instant-gaming-logo.png/1b629b69bea641d380f9aeac", "initials": "In", "type": "excellent", "rating": {"up": 9446, "neutral": 772, "down": 12, "positiveFeedbackRatio": 100}, "ordersCount": 10230, "issueInvoices": false, "deliveryTime": "automated"}, "isSelectedOffer": false, "isPromotedOffer": false, "type": "dropshipping", "prices": {"normal": {"price": "1.43", "suggestedPrice": "9.99", "discountPercent": "86", "discountAmount": "8.56", "basePrice": "1.43", "baseSuggestedPrice": "9.99"}, "plus": {"price": "1.29", "suggestedPrice": "9.99", "discountPercent": "87", "discountAmount": "8.70", "basePrice": "1.29", "baseSuggestedPrice": "9.99"}}, "currency": "EUR", "offerType": "instant"}, {"offerID": "13136244", "offerUUID": "222d8d3c-88f9-401b-887f-b60ce10bb1ae", "seller": {"id": "d4d66234-acdc-43df-ad22-d39ac8168528", "name": "Trusted_keys_rep", "avatarUrl": "", "initials": "Tr", "type": "excellent", "rating": {"up": 1852, "neutral": 17, "down": 6, "positiveFeedbackRatio": 100}, "ordersCount": 1875, "issueInvoices": false, "deliveryTime": "automated"}, "isSelectedOffer": false, "isPromotedOffer": false, "type": "game", "prices": {"normal": {"price": "0.89", "suggestedPrice": "9.99", "discountPercent": "91", "discountAmount": "9.10", "basePrice": "0.89", "baseSuggestedPrice": "9.99"}, "plus": {"price": "0.80", "suggestedPrice": "9.99", "discountPercent": "92", "discountAmount": "9.19", "basePrice": "0.80", "baseSuggestedPrice": "9.99"}}, "currency": "EUR", "offerType": "instant"}, {"offerID": "13133159", "offerUUID": "f695c1b4-6fc5-40db-8419-8764c5416f0e", "seller": {"id": "7da70613-7ea1-4c11-93d0-e6b878778433", "name": "Gamescode", "avatarUrl": "", "initials": "Ga", "type": "default", "rating": {"up": 156, "neutral": 32, "down": 0, "positiveFeedbackRatio": 100}, "ordersCount": 188, "issueInvoices": false, "deliveryTime": "automated"}, "isSelectedOffer": false, "isPromotedOffer": false, "type": "game", "prices": {"normal": {"price": "6.27", "suggestedPrice": "9.99", "discountPercent": "37", "discountAmount": "3.72", "basePrice": "6.27", "baseSuggestedPrice": "9.99"}, "plus": {"price": "5.65", "suggestedPrice": "9.99", "discountPercent": "43", "discountAmount": "4.34", "basePrice": "5.65", "baseSuggestedPrice": "9.99"}}, "currency": "EUR", "offerType": "instant"}, {"offerID": "13133023", "offerUUID": "9581bdca-23a7-4748-850b-ff42669ca034", "seller": {"id": "a7c153fd-c6a5-4528-8669-9d3d0e2b841a", "name": "Cpadw33", "avatarUrl": "https://img.g2a.com/96x96/1x0x0/yezi.jpg/22293405ab884e978485915c", "initials": "Cp", "type": "default", "rating": {"up": 113, "neutral": 8, "down": 0, "positiveFeedbackRatio": 100}, "ordersCount": 121, "issueInvoices": false, "deliveryTime": "automated"}, "isSelectedOffer": false, "isPromotedOffer": false, "type": "game", "prices": {"normal": {"price": "6.26", "suggestedPrice": "9.99", "discountPercent": "37", "discountAmount": "3.73", "basePrice": "6.26", "baseSuggestedPrice": "9.99"}, "plus": {"price": "5.63", "suggestedPrice": "9.99", "discountPercent": "44", "discountAmount": "4.36", "basePrice": "5.63", "baseSuggestedPrice": "9.99"}}, "currency": "EUR", "offerType": "instant"}, {"offerID": "13142361", "offerUUID": "7e6dfabb-3151-4f76-adf4-4426a0cc44a2", "seller": {"id": "69ace28c-e1f8-45f3-b27c-0b66a16f75d8", "name": "Magnus_knudsen", "avatarUrl": "", "initials": "Ma", "type": "default", "rating": {"up": 47, "neutral": 3, "down": 0, "positiveFeedbackRatio": 100}, "ordersCount": 50, "issueInvoices": true, "deliveryTime": "automated"}, "isSelectedOffer": false, "isPromotedOffer": false, "type": "game", "prices": {"normal": {"price": "1.52", "suggestedPrice": "9.99", "discountPercent": "85", "discountAmount": "8.47", "basePrice": "1.52", "baseSuggestedPrice": "9.99"}, "plus": {"price": "1.37", "suggestedPrice": "9.99", "discountPercent": "86", "discountAmount": "8.62", "basePrice": "1.37", "baseSuggestedPrice": "9.99"}}, "currency": "EUR", "offerType": "instant"}, {"offerID": "13147104", "offerUUID": "489f3a58-ea87-48a1-9cd2-fc1bf96a8c8d", "seller": {"id": "5e55c95f-9cdc-4954-89a7-132145ce0b13", "name": "Sodone9to5games", "avatarUrl": "", "initials": "So", "type": "default", "rating": {"up": 17, "neutral": 0, "down": 0, "positiveFeedbackRatio": 100}, "ordersCount": 17, "issueInvoices": false, "deliveryTime": null}, "isSelectedOffer": false, "isPromotedOffer": false, "type": "game", "prices": {"normal": {"price": "0.96", "suggestedPrice": "9.99", "discountPercent": "90", "discountAmount": "9.03", "basePrice": "0.96", "baseSuggestedPrice": "9.99"}, "plus": {"price": "0.86", "suggestedPrice": "9.99", "discountPercent": "91", "discountAmount": "9.13", "basePrice": "0.86", "baseSuggestedPrice": "9.99"}}, "currency": "EUR", "offerType": "instant"}, {"offerID": "13140668", "offerUUID": "1f86faa6-1c62-4b4e-be6c-31bd1fba9a11", "seller": {"id": "9f6d45c2-7447-4b17-ac07-7562e4e9b5d4", "name": "Ohannibal", "avatarUrl": "", "initials": "Oh", "type": "default", "rating": {"up": 12, "neutral": 0, "down": 0, "positiveFeedbackRatio": 100}, "ordersCount": 12, "issueInvoices": false, "deliveryTime": "automated"}, "isSelectedOffer": false, "isPromotedOffer": false, "type": "game", "prices": {"normal": {"price": "1.15", "suggestedPrice": "9.99", "discountPercent": "88", "discountAmount": "8.84", "basePrice": "1.15", "baseSuggestedPrice": "9.99"}, "plus": {"price": "1.03", "suggestedPrice": "9.99", "discountPercent": "90", "discountAmount": "8.96", "basePrice": "1.03", "baseSuggestedPrice": "9.99"}}, "currency": "EUR", "offerType": "instant"}, {"offerID": "13143732", "offerUUID": "f8663a8e-3db2-4cb2-bf1d-28fb78265321", "seller": {"id": "49e9f5ea-2398-4af1-a0cb-c13e40d5f213", "name": "Yellowjacket88", "avatarUrl": "", "initials": "Ye", "type": "default", "rating": {"up": 5, "neutral": 0, "down": 0, "positiveFeedbackRatio": 100}, "ordersCount": 5, "issueInvoices": false, "deliveryTime": "automated"}, "isSelectedOffer": false, "isPromotedOffer": false, "type": "game", "prices": {"normal": {"price": "1.03", "suggestedPrice": "9.99", "discountPercent": "90", "discountAmount": "8.96", "basePrice": "1.03", "baseSuggestedPrice": "9.99"}, "plus": {"price": "0.93", "suggestedPrice": "9.99", "discountPercent": "91", "discountAmount": "9.06", "basePrice": "0.93", "baseSuggestedPrice": "9.99"}}, "currency": "EUR", "offerType": "instant"}, {"offerID": "13161389", "offerUUID": "f9428c29-5351-49bb-a0f9-965dbdc385f9", "seller": {"id": "1e582949-8655-4a7f-87a9-b90a1c78d161", "name": "Yksha_x", "avatarUrl": "", "initials": "Yk", "type": "default", "rating": {"up": 4, "neutral": 0, "down": 0, "positiveFeedbackRatio": 100}, "ordersCount": 4, "issueInvoices": false, "deliveryTime": "automated"}, "isSelectedOffer": false, "isPromotedOffer": false, "type": "game", "prices": {"normal": {"price": "0.90", "suggestedPrice": "9.99", "discountPercent": "91", "discountAmount": "9.09", "basePrice": "0.90", "baseSuggestedPrice": "9.99"}, "plus": {"price": "0.81", "suggestedPrice": "9.99", "discountPercent": "92", "discountAmount": "9.18", "basePrice": "0.81", "baseSuggestedPrice": "9.99"}}, "currency": "EUR", "offerType": "instant"}, {"offerID": "13147189", "offerUUID": "043d1586-d58a-4e74-b465-629b595caff6", "seller": {"id": "eb49f06d-d3e5-4e28-ad56-ac4e3e29b8ef", "name": "Joe1121", "avatarUrl": "", "initials": "Jo", "type": "default", "rating": {"up": 4, "neutral": 0, "down": 0, "positiveFeedbackRatio": 100}, "ordersCount": 4, "issueInvoices": false, "deliveryTime": null}, "isSelectedOffer": false, "isPromotedOffer": false, "type": "game", "prices": {"normal": {"price": "0.92", "suggestedPrice": "9.99", "discountPercent": "91", "discountAmount": "9.07", "basePrice": "0.92", "baseSuggestedPrice": "9.99"}, "plus": {"price": "0.83", "suggestedPrice": "9.99", "discountPercent": "92", "discountAmount": "9.16", "basePrice": "0.83", "baseSuggestedPrice": "9.99"}}, "currency": "EUR", "offerType": "instant"}, {"offerID": "13147166", "offerUUID": "07ffa20b-4049-4aaf-b93e-09653cff4bc6", "seller": {"id": "e5dedfec-3e50-4b41-b83c-4997aa99efa3", "name": "Wolfyd33", "avatarUrl": "", "initials": "Wo", "type": "default", "rating": {"up": 1, "neutral": 0, "down": 0, "positiveFeedbackRatio": 100}, "ordersCount": 1, "issueInvoices": false, "deliveryTime": "automated"}, "isSelectedOffer": false, "isPromotedOffer": false, "type": "game", "prices": {"normal": {"price": "0.95", "suggestedPrice": "9.99", "discountPercent": "90", "discountAmount": "9.04", "basePrice": "0.95", "baseSuggestedPrice": "9.99"}, "plus": {"price": "0.85", "suggestedPrice": "9.99", "discountPercent": "91", "discountAmount": "9.14", "basePrice": "0.85", "baseSuggestedPrice": "9.99"}}, "currency": "EUR", "offerType": "instant"}, {"offerID": "13147076", "offerUUID": "6afd0b47-5b0c-4b6d-9557-0e991799d6f6", "seller": {"id": "0ee366ff-79d5-489c-a4d2-6302c29f6bdd", "name": "Martinilx", "avatarUrl": "", "initials": "Ma", "type": "default", "rating": {"up": 1, "neutral": 0, "down": 0, "positiveFeedbackRatio": 100}, "ordersCount": 1, "issueInvoices": false, "deliveryTime": null}, "isSelectedOffer": false, "isPromotedOffer": false, "type": "game", "prices": {"normal": {"price": "0.99", "suggestedPrice": "9.99", "discountPercent": "90", "discountAmount": "9.00", "basePrice": "0.99", "baseSuggestedPrice": "9.99"}, "plus": {"price": "0.89", "suggestedPrice": "9.99", "discountPercent": "91", "discountAmount": "9.10", "basePrice": "0.89", "baseSuggestedPrice": "9.99"}}, "currency": "EUR", "offerType": "instant"}, {"offerID": "13152787", "offerUUID": "7ad733e4-0d18-4b2c-b714-a1fb3e59b4b1", "seller": {"id": "ff3f5d20-1f84-421e-bafb-f71e877efba4", "name": "Gks_store", "avatarUrl": "", "initials": "Gk", "type": "default", "rating": {"up": 661, "neutral": 27, "down": 5, "positiveFeedbackRatio": 99}, "ordersCount": 693, "issueInvoices": false, "deliveryTime": "automated"}, "isSelectedOffer": false, "isPromotedOffer": false, "type": "game", "prices": {"normal": {"price": "1.00", "suggestedPrice": "9.99", "discountPercent": "90", "discountAmount": "8.99", "basePrice": "1.00", "baseSuggestedPrice": "9.99"}, "plus": {"price": "0.90", "suggestedPrice": "9.99", "discountPercent": "91", "discountAmount": "9.09", "basePrice": "0.90", "baseSuggestedPrice": "9.99"}}, "currency": "EUR", "offerType": "instant"}, {"offerID": "13139986", "offerUUID": "02467b17-506e-4d7d-a6d5-aeca3d71d04c", "seller": {"id": "249f59fa-1f19-46b2-9430-74edb0280257", "name": "Squirum", "avatarUrl": "", "initials": "Sq", "type": "default", "rating": {"up": 489, "neutral": 3, "down": 4, "positiveFeedbackRatio": 99}, "ordersCount": 496, "issueInvoices": false, "deliveryTime": "automated"}, "isSelectedOffer": false, "isPromotedOffer": false, "type": "game", "prices": {"normal": {"price": "1.08", "suggestedPrice": "9.99", "discountPercent": "89", "discountAmount": "8.91", "basePrice": "1.08", "baseSuggestedPrice": "9.99"}, "plus": {"price": "0.98", "suggestedPrice": "9.99", "discountPercent": "90", "discountAmount": "9.01", "basePrice": "0.98", "baseSuggestedPrice": "9.99"}}, "currency": "EUR", "offerType": "instant"}, {"offerID": "13133230", "offerUUID": "3dcc4655-1969-4b18-9d69-5deafdc606d8", "seller": {"id": "9b93dddf-8aaa-46dc-bf2d-948e7aeaa70f", "name": "Allgameworld", "avatarUrl": "", "initials": "Al", "type": "excellent", "rating": {"up": 4977, "neutral": 163, "down": 132, "positiveFeedbackRatio": 97}, "ordersCount": 5272, "issueInvoices": false, "deliveryTime": "automated"}, "isSelectedOffer": false, "isPromotedOffer": false, "type": "game", "prices": {"normal": {"price": "4.22", "suggestedPrice": "9.99", "discountPercent": "58", "discountAmount": "5.77", "basePrice": "4.22", "baseSuggestedPrice": "9.99"}, "plus": {"price": "3.80", "suggestedPrice": "9.99", "discountPercent": "62", "discountAmount": "6.19", "basePrice": "3.80", "baseSuggestedPrice": "9.99"}}, "currency": "EUR", "offerType": "instant"}, {"offerID": "13143164", "offerUUID": "4c631aae-de50-4c88-ad48-37c9bed600dd", "seller": {"id": "764e5cd3-b5a5-4426-9edc-8a4575fdac31", "name": "Mygamesoft", "avatarUrl": "https://img.g2a.com/96x96/1x0x0/s-l500.jpg/baca203354c64d2ea71265de", "initials": "My", "type": "default", "rating": {"up": 105, "neutral": 1, "down": 4, "positiveFeedbackRatio": 96}, "ordersCount": 110, "issueInvoices": true, "deliveryTime": "automated"}, "isSelectedOffer": false, "isPromotedOffer": false, "type": "game", "prices": {"normal": {"price": "1.07", "suggestedPrice": "9.99", "discountPercent": "89", "discountAmount": "8.92", "basePrice": "1.07", "baseSuggestedPrice": "9.99"}, "plus": {"price": "0.96", "suggestedPrice": "9.99", "discountPercent": "90", "discountAmount": "9.03", "basePrice": "0.96", "baseSuggestedPrice": "9.99"}}, "currency": "EUR", "offerType": "instant"}, {"offerID": "13133619", "offerUUID": "558bf285-21ff-49ba-aaf5-ede0990c606d", "seller": {"id": "84875d0d-dac0-4a4b-ae99-426d3366dda2", "name": "Gamers_gate", "avatarUrl": "https://img.g2a.com/96x96/1x0x0/ScreenShot_20220117141509.png/f0bfef6485ec494daa2075d8", "initials": "Ga", "type": "default", "rating": {"up": 60, "neutral": 8, "down": 8, "positiveFeedbackRatio": 88}, "ordersCount": 76, "issueInvoices": false, "deliveryTime": "automated"}, "isSelectedOffer": false, "isPromotedOffer": false, "type": "game", "prices": {"normal": {"price": "1.11", "suggestedPrice": "9.99", "discountPercent": "89", "discountAmount": "8.88", "basePrice": "1.11", "baseSuggestedPrice": "9.99"}, "plus": {"price": "1.00", "suggestedPrice": "9.99", "discountPercent": "90", "discountAmount": "8.99", "basePrice": "1.00", "baseSuggestedPrice": "9.99"}}, "currency": "EUR", "offerType": "instant"}, {"offerID": "13140822", "offerUUID": "11879f6b-71b8-48a1-8609-9d906108011b", "seller": {"id": "d6a005f2-0704-4bab-a308-ca78abc38f99", "name": "Powsaaa", "avatarUrl": "", "initials": "Po", "type": "default", "rating": {"up": 0, "neutral": 0, "down": 2, "positiveFeedbackRatio": 0}, "ordersCount": 2, "issueInvoices": false, "deliveryTime": "automated"}, "isSelectedOffer": false, "isPromotedOffer": false, "type": "game", "prices": {"normal": {"price": "1.11", "suggestedPrice": "9.99", "discountPercent": "89", "discountAmount": "8.88", "basePrice": "1.11", "baseSuggestedPrice": "9.99"}, "plus": {"price": "1.00", "suggestedPrice": "9.99", "discountPercent": "90", "discountAmount": "8.99", "basePrice": "1.00", "baseSuggestedPrice": "9.99"}}, "currency": "EUR", "offerType": "instant"}, {"offerID": "13151912", "offerUUID": "be18efae-9a59-4f42-a86c-9b107d0872ae", "seller": {"id": "08ef2cb5-1e6f-48a5-9fb8-137807f28df6", "name": "Gamemarketau", "avatarUrl": "https://img.g2a.com/96x96/1x0x0/Group 15.png/e4d4d25c242e4de0b562dd43", "initials": "Ga", "type": "default", "rating": {"up": 0, "neutral": 0, "down": 0, "positiveFeedbackRatio": 0}, "ordersCount": 0, "issueInvoices": true, "deliveryTime": "automated"}, "isSelectedOffer": false, "isPromotedOffer": false, "type": "game", "prices": {"normal": {"price": "1.95", "suggestedPrice": "9.99", "discountPercent": "80", "discountAmount": "8.04", "basePrice": "1.95", "baseSuggestedPrice": "9.99"}, "plus": {"price": "1.76", "suggestedPrice": "9.99", "discountPercent": "82", "discountAmount": "8.23", "basePrice": "1.76", "baseSuggestedPrice": "9.99"}}, "currency": "EUR", "offerType": "instant"}, {"offerID": "13160369", "offerUUID": "72a1fe0f-e085-447b-a7e6-718c7a1302d0", "seller": {"id": "8b05998a-c7a2-4b50-8921-89583d36b8b5", "name": "Sellgameforliving", "avatarUrl": "", "initials": "Se", "type": "default", "rating": {"up": 0, "neutral": 0, "down": 0, "positiveFeedbackRatio": 0}, "ordersCount": 0, "issueInvoices": false, "deliveryTime": "automated"}, "isSelectedOffer": false, "isPromotedOffer": false, "type": "game", "prices": {"normal": {"price": "6.90", "suggestedPrice": "9.99", "discountPercent": "31", "discountAmount": "3.09", "basePrice": "6.90", "baseSuggestedPrice": "9.99"}, "plus": {"price": "6.21", "suggestedPrice": "9.99", "discountPercent": "38", "discountAmount": "3.78", "basePrice": "6.21", "baseSuggestedPrice": "9.99"}}, "currency": "EUR", "offerType": "instant"}], "productType": "digital", "error": null}}