{"data": {"offers": [{"offerID": "13074107", "offerUUID": "eadb0021-a7e9-4fe7-add8-6f050bd4a0d4", "seller": {"id": "93a37575-e3bb-4b21-b36a-64fa3e888966", "name": "Games_factory", "avatarUrl": "https://img.g2a.com/96x96/1x0x0/logo2.jpg/c45e4f861a0c4078b285dff4", "initials": "Ga", "type": "excellent", "rating": {"up": 34727, "neutral": 2722, "down": 104, "positiveFeedbackRatio": 100}, "ordersCount": 37553, "issueInvoices": false, "deliveryTime": "automated"}, "isSelectedOffer": false, "isPromotedOffer": false, "type": "dropshipping", "prices": {"normal": {"price": "11.77", "suggestedPrice": "49.99", "discountPercent": "76", "discountAmount": "38.22", "basePrice": "11.77", "baseSuggestedPrice": "49.99"}, "plus": {"price": "10.59", "suggestedPrice": "49.99", "discountPercent": "79", "discountAmount": "39.40", "basePrice": "10.59", "baseSuggestedPrice": "49.99"}}, "currency": "EUR", "offerType": "instant"}, {"offerID": "13161533", "offerUUID": "01a08a69-d1af-4073-8cb2-366589186b67", "seller": {"id": "9242f67e-32fc-4f31-a19f-ed516d7478d1", "name": "Dannyluther", "avatarUrl": "", "initials": "Da", "type": "default", "rating": {"up": 4, "neutral": 0, "down": 0, "positiveFeedbackRatio": 100}, "ordersCount": 4, "issueInvoices": false, "deliveryTime": "automated"}, "isSelectedOffer": false, "isPromotedOffer": false, "type": "game", "prices": {"normal": {"price": "4.72", "suggestedPrice": "49.99", "discountPercent": "91", "discountAmount": "45.27", "basePrice": "4.72", "baseSuggestedPrice": "49.99"}, "plus": {"price": "4.24", "suggestedPrice": "49.99", "discountPercent": "92", "discountAmount": "45.75", "basePrice": "4.24", "baseSuggestedPrice": "49.99"}}, "currency": "EUR", "offerType": "instant"}, {"offerID": "13157773", "offerUUID": "fb319648-aa7c-4c98-82a2-7f4d110700e0", "seller": {"id": "3aac3984-f3cc-4e77-9a89-770ccbf23757", "name": "Pegasus331", "avatarUrl": "", "initials": "Pe", "type": "default", "rating": {"up": 1, "neutral": 0, "down": 0, "positiveFeedbackRatio": 100}, "ordersCount": 1, "issueInvoices": false, "deliveryTime": null}, "isSelectedOffer": false, "isPromotedOffer": false, "type": "game", "prices": {"normal": {"price": "4.73", "suggestedPrice": "49.99", "discountPercent": "91", "discountAmount": "45.26", "basePrice": "4.73", "baseSuggestedPrice": "49.99"}, "plus": {"price": "4.26", "suggestedPrice": "49.99", "discountPercent": "91", "discountAmount": "45.73", "basePrice": "4.26", "baseSuggestedPrice": "49.99"}}, "currency": "EUR", "offerType": "instant"}, {"offerID": "13153775", "offerUUID": "f54a3270-a938-4fc4-821b-5564ea543d48", "seller": {"id": "ed1cb616-4bbd-4160-9123-af7f11e79f6d", "name": "Denoahman", "avatarUrl": "", "initials": "De", "type": "default", "rating": {"up": 0, "neutral": 0, "down": 0, "positiveFeedbackRatio": 0}, "ordersCount": 0, "issueInvoices": false, "deliveryTime": "automated"}, "isSelectedOffer": false, "isPromotedOffer": false, "type": "game", "prices": {"normal": {"price": "8.85", "suggestedPrice": "49.99", "discountPercent": "82", "discountAmount": "41.14", "basePrice": "8.85", "baseSuggestedPrice": "49.99"}, "plus": {"price": "7.97", "suggestedPrice": "49.99", "discountPercent": "84", "discountAmount": "42.02", "basePrice": "7.97", "baseSuggestedPrice": "49.99"}}, "currency": "EUR", "offerType": "instant"}], "productType": "digital", "error": null}}