{"data": {"offers": [{"offerID": "13149071", "offerUUID": "8aed01d1-2079-4210-806e-56ada32070dc", "seller": {"id": "54a8fd1c-2e4b-4f8c-a261-800644c479e7", "name": "Keysellgalaxy", "avatarUrl": "https://img.g2a.com/96x96/1x0x0/1x.jpg/6041141546177c365c4c55a2", "initials": "Ke", "type": "excellent", "rating": {"up": 17282, "neutral": 33, "down": 366, "positiveFeedbackRatio": 98}, "ordersCount": 17681, "issueInvoices": false, "deliveryTime": "automated"}, "isSelectedOffer": false, "isPromotedOffer": true, "promotedOffer": {"campaignId": "43", "showId": "2f983244-d7de-4950-afe6-e7874c834be8", "requestId": "|IwMJb60eBqMJiEaVr3c/gdYbAOUm/GqhFmLL.8OrWmhIB_pYLPh3.nwBx9K_", "skc": "unknown-skc"}, "type": "dropshipping", "prices": {"normal": {"price": "48.35", "suggestedPrice": "59.99", "discountPercent": "19", "discountAmount": "11.64", "basePrice": "48.35", "baseSuggestedPrice": "59.99"}, "plus": {"price": "48.35", "suggestedPrice": "59.99", "discountPercent": "19", "discountAmount": "11.64", "basePrice": "48.35", "baseSuggestedPrice": "59.99"}}, "currency": "EUR", "offerType": "instant"}, {"offerID": "13148791", "offerUUID": "dfea6bb2-f217-4a53-973e-b91bdaf35ff4", "seller": {"id": "9c5b72dd-941b-46ed-91b2-65ef37169c97", "name": "Gamersuniverse", "avatarUrl": "https://img.g2a.com/96x96/1x0x0/GameUniverse.png/082c50251210454fbb2a26d0", "initials": "Ga", "type": "excellent", "rating": {"up": 75821, "neutral": 5540, "down": 257, "positiveFeedbackRatio": 100}, "ordersCount": 81618, "issueInvoices": false, "deliveryTime": "automated"}, "isSelectedOffer": false, "isPromotedOffer": false, "type": "dropshipping", "prices": {"normal": {"price": "48.72", "suggestedPrice": "59.99", "discountPercent": "19", "discountAmount": "11.27", "basePrice": "48.72", "baseSuggestedPrice": "59.99"}, "plus": {"price": "48.72", "suggestedPrice": "59.99", "discountPercent": "19", "discountAmount": "11.27", "basePrice": "48.72", "baseSuggestedPrice": "59.99"}}, "currency": "EUR", "offerType": "instant"}, {"offerID": "13148807", "offerUUID": "4f86d1d0-aacb-4f8c-bb00-ed58eaf157f1", "seller": {"id": "2ce24982-8b8a-4b2b-b4d1-c862a3eb1c41", "name": "Bellakey", "avatarUrl": "", "initials": "Be", "type": "excellent", "rating": {"up": 35037, "neutral": 1152, "down": 48, "positiveFeedbackRatio": 100}, "ordersCount": 36237, "issueInvoices": false, "deliveryTime": "automated"}, "isSelectedOffer": false, "isPromotedOffer": false, "type": "dropshipping", "prices": {"normal": {"price": "51.33", "suggestedPrice": "59.99", "discountPercent": "14", "discountAmount": "8.66", "basePrice": "51.33", "baseSuggestedPrice": "59.99"}, "plus": {"price": "51.33", "suggestedPrice": "59.99", "discountPercent": "14", "discountAmount": "8.66", "basePrice": "51.33", "baseSuggestedPrice": "59.99"}}, "currency": "EUR", "offerType": "instant"}, {"offerID": "13148766", "offerUUID": "4000c93f-d9f8-4aba-91f5-249ef4689740", "seller": {"id": "dabd25fb-f026-4d09-96b0-cbbc2b36dc1a", "name": "Instant_game", "avatarUrl": "https://img.g2a.com/96x96/1x0x0/instant-gaming-logo.png/1b629b69bea641d380f9aeac", "initials": "In", "type": "excellent", "rating": {"up": 9446, "neutral": 772, "down": 12, "positiveFeedbackRatio": 100}, "ordersCount": 10230, "issueInvoices": false, "deliveryTime": "automated"}, "isSelectedOffer": false, "isPromotedOffer": false, "type": "dropshipping", "prices": {"normal": {"price": "51.58", "suggestedPrice": "59.99", "discountPercent": "14", "discountAmount": "8.41", "basePrice": "51.58", "baseSuggestedPrice": "59.99"}, "plus": {"price": "51.58", "suggestedPrice": "59.99", "discountPercent": "14", "discountAmount": "8.41", "basePrice": "51.58", "baseSuggestedPrice": "59.99"}}, "currency": "EUR", "offerType": "instant"}, {"offerID": "13148792", "offerUUID": "12f7fbfb-7018-4bbf-a255-e28782cce0e9", "seller": {"id": "f74c2d89-9055-4bb6-ad00-c000dbb4a856", "name": "Superbkeys", "avatarUrl": "https://img.g2a.com/96x96/1x0x0/S4.png/4a8b4d3cb4d84c16ba274210", "initials": "Su", "type": "excellent", "rating": {"up": 6223, "neutral": 672, "down": 13, "positiveFeedbackRatio": 100}, "ordersCount": 6908, "issueInvoices": false, "deliveryTime": "automated"}, "isSelectedOffer": false, "isPromotedOffer": false, "type": "dropshipping", "prices": {"normal": {"price": "50.48", "suggestedPrice": "59.99", "discountPercent": "16", "discountAmount": "9.51", "basePrice": "50.48", "baseSuggestedPrice": "59.99"}, "plus": {"price": "50.48", "suggestedPrice": "59.99", "discountPercent": "16", "discountAmount": "9.51", "basePrice": "50.48", "baseSuggestedPrice": "59.99"}}, "currency": "EUR", "offerType": "instant"}, {"offerID": "13148789", "offerUUID": "64a7167e-4d01-4767-8b23-4c1ac248f8a5", "seller": {"id": "6075c220-a47c-4c12-a20a-3d3ceab378db", "name": "Gamesdivision", "avatarUrl": "https://img.g2a.com/96x96/1x0x0/G3.png/5f1bf9fe6e3b4f36bc66e372", "initials": "Ga", "type": "excellent", "rating": {"up": 1518, "neutral": 183, "down": 5, "positiveFeedbackRatio": 100}, "ordersCount": 1706, "issueInvoices": false, "deliveryTime": "automated"}, "isSelectedOffer": false, "isPromotedOffer": false, "type": "dropshipping", "prices": {"normal": {"price": "50.72", "suggestedPrice": "59.99", "discountPercent": "15", "discountAmount": "9.27", "basePrice": "50.72", "baseSuggestedPrice": "59.99"}, "plus": {"price": "50.72", "suggestedPrice": "59.99", "discountPercent": "15", "discountAmount": "9.27", "basePrice": "50.72", "baseSuggestedPrice": "59.99"}}, "currency": "EUR", "offerType": "instant"}, {"offerID": "13148790", "offerUUID": "48b3fc31-016d-44a1-ace4-cbc65fbf5007", "seller": {"id": "fbe071e1-b0cd-458a-ae46-fe1acfcfca74", "name": "Lancce", "avatarUrl": "https://img.g2a.com/96x96/1x0x0/a.png/1da518f98f4141bb9bd45820", "initials": "La", "type": "default", "rating": {"up": 153, "neutral": 24, "down": 0, "positiveFeedbackRatio": 100}, "ordersCount": 177, "issueInvoices": false, "deliveryTime": null}, "isSelectedOffer": false, "isPromotedOffer": false, "type": "dropshipping", "prices": {"normal": {"price": "50.23", "suggestedPrice": "59.99", "discountPercent": "16", "discountAmount": "9.76", "basePrice": "50.23", "baseSuggestedPrice": "59.99"}, "plus": {"price": "50.23", "suggestedPrice": "59.99", "discountPercent": "16", "discountAmount": "9.76", "basePrice": "50.23", "baseSuggestedPrice": "59.99"}}, "currency": "EUR", "offerType": "instant"}, {"offerID": "13160450", "offerUUID": "1d2d7e12-1c40-4c2e-ab05-6819ba486d6f", "seller": {"id": "92bce4e5-2c2c-4b2f-8ed9-15995d0a38ef", "name": "Digital_game_keys", "avatarUrl": "", "initials": "Di", "type": "excellent", "rating": {"up": 2175, "neutral": 434, "down": 49, "positiveFeedbackRatio": 98}, "ordersCount": 2658, "issueInvoices": false, "deliveryTime": "automated"}, "isSelectedOffer": false, "isPromotedOffer": false, "type": "game", "prices": {"normal": {"price": "48.36", "suggestedPrice": "59.99", "discountPercent": "19", "discountAmount": "11.63", "basePrice": "48.36", "baseSuggestedPrice": "59.99"}, "plus": {"price": "48.36", "suggestedPrice": "59.99", "discountPercent": "19", "discountAmount": "11.63", "basePrice": "48.36", "baseSuggestedPrice": "59.99"}}, "currency": "EUR", "offerType": "instant"}], "productType": "digital", "error": null}}