{"data": {"offers": [{"offerID": "13043191", "offerUUID": "77b6b697-f0bc-4066-b29b-ad9c423bb046", "seller": {"id": "df6d1682-f4b1-447e-bafc-9608a3850d82", "name": "Games4world", "avatarUrl": "https://img.g2a.com/96x96/1x0x0/uarantee-badge-fast-delivery-logo-11563011011jf18lxafmj.png/8c2abdd9c0c14d10b05ddec2", "initials": "Ga", "type": "excellent", "rating": {"up": 3187, "neutral": 638, "down": 4, "positiveFeedbackRatio": 100}, "ordersCount": 3829, "issueInvoices": false, "deliveryTime": "automated"}, "isSelectedOffer": false, "isPromotedOffer": true, "promotedOffer": {"campaignId": "50", "showId": "ee1b0173-02ec-4d3f-9bac-a9e99f8537a6", "requestId": "|+/A5+0PW9ber7ZqPLrc+5xeWzejlc+42qJlf.VnZUo42l_f1CtVp.0r1DLh_", "skc": "unknown-skc"}, "type": "dropshipping", "prices": {"normal": {"price": "16.58", "suggestedPrice": "59.99", "discountPercent": "72", "discountAmount": "43.41", "basePrice": "16.58", "baseSuggestedPrice": "59.99"}, "plus": {"price": "14.92", "suggestedPrice": "59.99", "discountPercent": "75", "discountAmount": "45.07", "basePrice": "14.92", "baseSuggestedPrice": "59.99"}}, "currency": "EUR", "offerType": "instant"}, {"offerID": "12569767", "offerUUID": "e89d611b-87af-4a4c-a7e7-d4e39cd6cecb", "seller": {"id": "9c5b72dd-941b-46ed-91b2-65ef37169c97", "name": "Gamersuniverse", "avatarUrl": "https://img.g2a.com/96x96/1x0x0/GameUniverse.png/082c50251210454fbb2a26d0", "initials": "Ga", "type": "excellent", "rating": {"up": 75756, "neutral": 5540, "down": 252, "positiveFeedbackRatio": 100}, "ordersCount": 81548, "issueInvoices": false, "deliveryTime": "automated"}, "isSelectedOffer": false, "isPromotedOffer": false, "type": "dropshipping", "prices": {"normal": {"price": "11.83", "suggestedPrice": "59.99", "discountPercent": "80", "discountAmount": "48.16", "basePrice": "11.83", "baseSuggestedPrice": "59.99"}, "plus": {"price": "10.65", "suggestedPrice": "59.99", "discountPercent": "82", "discountAmount": "49.34", "basePrice": "10.65", "baseSuggestedPrice": "59.99"}}, "currency": "EUR", "offerType": "instant"}, {"offerID": "13073978", "offerUUID": "9a2c4837-4b1f-4e20-becb-81974186595e", "seller": {"id": "93a37575-e3bb-4b21-b36a-64fa3e888966", "name": "Games_factory", "avatarUrl": "https://img.g2a.com/96x96/1x0x0/logo2.jpg/c45e4f861a0c4078b285dff4", "initials": "Ga", "type": "excellent", "rating": {"up": 34703, "neutral": 2722, "down": 104, "positiveFeedbackRatio": 100}, "ordersCount": 37529, "issueInvoices": false, "deliveryTime": "automated"}, "isSelectedOffer": false, "isPromotedOffer": false, "type": "dropshipping", "prices": {"normal": {"price": "12.23", "suggestedPrice": "59.99", "discountPercent": "80", "discountAmount": "47.76", "basePrice": "12.23", "baseSuggestedPrice": "59.99"}, "plus": {"price": "11.01", "suggestedPrice": "59.99", "discountPercent": "82", "discountAmount": "48.98", "basePrice": "11.01", "baseSuggestedPrice": "59.99"}}, "currency": "EUR", "offerType": "instant"}, {"offerID": "12695247", "offerUUID": "eb2032b7-e976-424c-a33a-37029f816025", "seller": {"id": "dabd25fb-f026-4d09-96b0-cbbc2b36dc1a", "name": "Instant_game", "avatarUrl": "https://img.g2a.com/96x96/1x0x0/instant-gaming-logo.png/1b629b69bea641d380f9aeac", "initials": "In", "type": "excellent", "rating": {"up": 9437, "neutral": 772, "down": 11, "positiveFeedbackRatio": 100}, "ordersCount": 10220, "issueInvoices": false, "deliveryTime": "automated"}, "isSelectedOffer": false, "isPromotedOffer": false, "type": "dropshipping", "prices": {"normal": {"price": "14.87", "suggestedPrice": "59.99", "discountPercent": "75", "discountAmount": "45.12", "basePrice": "14.87", "baseSuggestedPrice": "59.99"}, "plus": {"price": "13.38", "suggestedPrice": "59.99", "discountPercent": "78", "discountAmount": "46.61", "basePrice": "13.38", "baseSuggestedPrice": "59.99"}}, "currency": "EUR", "offerType": "instant"}, {"offerID": "13140104", "offerUUID": "11299872-ecfd-4d38-aaab-be423047f1f3", "seller": {"id": "7ee85a85-32e5-4741-aeff-bede00e135a0", "name": "Fun_keys", "avatarUrl": "https://img.g2a.com/96x96/1x0x0/33.jpg/60313c5b46177c4151397092", "initials": "Fu", "type": "excellent", "rating": {"up": 7812, "neutral": 53, "down": 1, "positiveFeedbackRatio": 100}, "ordersCount": 7866, "issueInvoices": false, "deliveryTime": "automated"}, "isSelectedOffer": false, "isPromotedOffer": false, "type": "game", "prices": {"normal": {"price": "12.87", "suggestedPrice": "59.99", "discountPercent": "79", "discountAmount": "47.12", "basePrice": "12.87", "baseSuggestedPrice": "59.99"}, "plus": {"price": "11.58", "suggestedPrice": "59.99", "discountPercent": "81", "discountAmount": "48.41", "basePrice": "11.58", "baseSuggestedPrice": "59.99"}}, "currency": "EUR", "offerType": "instant"}, {"offerID": "12637911", "offerUUID": "836a1cf4-0de0-466e-8318-487af5ca141b", "seller": {"id": "fd3aa5e6-f89f-4ca5-85e1-6b5061856901", "name": "Codezilla", "avatarUrl": "https://img.g2a.com/96x96/1x0x0/rsz_115939684.png/7f0af52256f74eee8144e6e2", "initials": "Co", "type": "excellent", "rating": {"up": 6766, "neutral": 477, "down": 17, "positiveFeedbackRatio": 100}, "ordersCount": 7260, "issueInvoices": false, "deliveryTime": "automated"}, "isSelectedOffer": false, "isPromotedOffer": false, "type": "dropshipping", "prices": {"normal": {"price": "12.84", "suggestedPrice": "59.99", "discountPercent": "79", "discountAmount": "47.15", "basePrice": "12.84", "baseSuggestedPrice": "59.99"}, "plus": {"price": "11.56", "suggestedPrice": "59.99", "discountPercent": "81", "discountAmount": "48.43", "basePrice": "11.56", "baseSuggestedPrice": "59.99"}}, "currency": "EUR", "offerType": "instant"}, {"offerID": "12569766", "offerUUID": "29979cb2-e019-46da-ae91-71fb80cba9ef", "seller": {"id": "f74c2d89-9055-4bb6-ad00-c000dbb4a856", "name": "Superbkeys", "avatarUrl": "https://img.g2a.com/96x96/1x0x0/S4.png/4a8b4d3cb4d84c16ba274210", "initials": "Su", "type": "excellent", "rating": {"up": 6220, "neutral": 672, "down": 12, "positiveFeedbackRatio": 100}, "ordersCount": 6904, "issueInvoices": false, "deliveryTime": "automated"}, "isSelectedOffer": false, "isPromotedOffer": false, "type": "dropshipping", "prices": {"normal": {"price": "12.30", "suggestedPrice": "59.99", "discountPercent": "79", "discountAmount": "47.69", "basePrice": "12.30", "baseSuggestedPrice": "59.99"}, "plus": {"price": "11.07", "suggestedPrice": "59.99", "discountPercent": "82", "discountAmount": "48.92", "basePrice": "11.07", "baseSuggestedPrice": "59.99"}}, "currency": "EUR", "offerType": "instant"}, {"offerID": "12443833", "offerUUID": "e24a60ce-52fe-4c92-bc8a-17062081f444", "seller": {"id": "4ef9ea30-eb97-43f7-86bf-83401ff79d7b", "name": "Gr8keys", "avatarUrl": "", "initials": "Gr", "type": "excellent", "rating": {"up": 4069, "neutral": 193, "down": 13, "positiveFeedbackRatio": 100}, "ordersCount": 4275, "issueInvoices": false, "deliveryTime": "automated"}, "isSelectedOffer": false, "isPromotedOffer": false, "type": "game", "prices": {"normal": {"price": "22.99", "suggestedPrice": "59.99", "discountPercent": "62", "discountAmount": "37.00", "basePrice": "22.99", "baseSuggestedPrice": "59.99"}, "plus": {"price": "20.69", "suggestedPrice": "59.99", "discountPercent": "66", "discountAmount": "39.30", "basePrice": "20.69", "baseSuggestedPrice": "59.99"}}, "currency": "EUR", "offerType": "instant"}, {"offerID": "12387800", "offerUUID": "aa77676c-a511-4ec7-9c4e-9229b8a76050", "seller": {"id": "2e82abf1-d858-4b03-ad79-c89c67c3a504", "name": "Stgame", "avatarUrl": "", "initials": "St", "type": "excellent", "rating": {"up": 3078, "neutral": 106, "down": 1, "positiveFeedbackRatio": 100}, "ordersCount": 3185, "issueInvoices": false, "deliveryTime": "automated"}, "isSelectedOffer": false, "isPromotedOffer": false, "type": "game", "prices": {"normal": {"price": "28.40", "suggestedPrice": "59.99", "discountPercent": "53", "discountAmount": "31.59", "basePrice": "28.40", "baseSuggestedPrice": "59.99"}, "plus": {"price": "25.99", "suggestedPrice": "59.99", "discountPercent": "57", "discountAmount": "34.00", "basePrice": "25.99", "baseSuggestedPrice": "59.99"}}, "currency": "EUR", "offerType": "instant"}, {"offerID": "12569764", "offerUUID": "9fc68853-8bdc-4e52-830a-7eada29fce2b", "seller": {"id": "6075c220-a47c-4c12-a20a-3d3ceab378db", "name": "Gamesdivision", "avatarUrl": "https://img.g2a.com/96x96/1x0x0/G3.png/5f1bf9fe6e3b4f36bc66e372", "initials": "Ga", "type": "excellent", "rating": {"up": 1518, "neutral": 183, "down": 5, "positiveFeedbackRatio": 100}, "ordersCount": 1706, "issueInvoices": false, "deliveryTime": "automated"}, "isSelectedOffer": false, "isPromotedOffer": false, "type": "dropshipping", "prices": {"normal": {"price": "12.36", "suggestedPrice": "59.99", "discountPercent": "79", "discountAmount": "47.63", "basePrice": "12.36", "baseSuggestedPrice": "59.99"}, "plus": {"price": "11.13", "suggestedPrice": "59.99", "discountPercent": "81", "discountAmount": "48.86", "basePrice": "11.13", "baseSuggestedPrice": "59.99"}}, "currency": "EUR", "offerType": "instant"}, {"offerID": "12569765", "offerUUID": "2bec4421-edc8-4c98-9df4-9189c775de60", "seller": {"id": "fbe071e1-b0cd-458a-ae46-fe1acfcfca74", "name": "Lancce", "avatarUrl": "https://img.g2a.com/96x96/1x0x0/a.png/1da518f98f4141bb9bd45820", "initials": "La", "type": "default", "rating": {"up": 153, "neutral": 24, "down": 0, "positiveFeedbackRatio": 100}, "ordersCount": 177, "issueInvoices": false, "deliveryTime": null}, "isSelectedOffer": false, "isPromotedOffer": false, "type": "dropshipping", "prices": {"normal": {"price": "12.24", "suggestedPrice": "59.99", "discountPercent": "80", "discountAmount": "47.75", "basePrice": "12.24", "baseSuggestedPrice": "59.99"}, "plus": {"price": "11.02", "suggestedPrice": "59.99", "discountPercent": "82", "discountAmount": "48.97", "basePrice": "11.02", "baseSuggestedPrice": "59.99"}}, "currency": "EUR", "offerType": "instant"}, {"offerID": "12591360", "offerUUID": "c8e12fd2-45da-4296-bfe6-bd48aba99989", "seller": {"id": "2f38e1e1-b18d-478c-9a81-b2b410486f0e", "name": "Gamers_players", "avatarUrl": "https://img.g2a.com/96x96/1x0x0/g2a avatar square.png/33acee0b39604c619501e143", "initials": "Ga", "type": "default", "rating": {"up": 53, "neutral": 1, "down": 0, "positiveFeedbackRatio": 100}, "ordersCount": 54, "issueInvoices": false, "deliveryTime": "automated"}, "isSelectedOffer": false, "isPromotedOffer": false, "type": "game", "prices": {"normal": {"price": "31.08", "suggestedPrice": "59.99", "discountPercent": "48", "discountAmount": "28.91", "basePrice": "31.08", "baseSuggestedPrice": "59.99"}, "plus": {"price": "28.60", "suggestedPrice": "59.99", "discountPercent": "52", "discountAmount": "31.39", "basePrice": "28.60", "baseSuggestedPrice": "59.99"}}, "currency": "EUR", "offerType": "instant"}, {"offerID": "13161297", "offerUUID": "86e2de9a-fb6c-451b-84bb-e64df16ec19c", "seller": {"id": "fb17d2be-baf3-470d-929a-30c25ee0917e", "name": "Lura_games", "avatarUrl": "https://img.g2a.com/96x96/1x0x0/b295373c1a230ffcee87b9f8880fe5dc.png/a9234ed5ff814af991c3c352", "initials": "Lu", "type": "default", "rating": {"up": 41, "neutral": 0, "down": 0, "positiveFeedbackRatio": 100}, "ordersCount": 41, "issueInvoices": false, "deliveryTime": "automated"}, "isSelectedOffer": false, "isPromotedOffer": false, "type": "game", "prices": {"normal": {"price": "10.88", "suggestedPrice": "59.99", "discountPercent": "82", "discountAmount": "49.11", "basePrice": "10.88", "baseSuggestedPrice": "59.99"}, "plus": {"price": "9.79", "suggestedPrice": "59.99", "discountPercent": "84", "discountAmount": "50.20", "basePrice": "9.79", "baseSuggestedPrice": "59.99"}}, "currency": "EUR", "offerType": "instant"}, {"offerID": "12626776", "offerUUID": "3204d18f-dd18-4664-a0e8-55191d24954e", "seller": {"id": "98c43478-2732-499c-a466-520a30a56828", "name": "Rottviler", "avatarUrl": "https://img.g2a.com/96x96/1x0x0/logo.png/b39e84cfa5844877a3ceb4bc", "initials": "Ro", "type": "default", "rating": {"up": 999, "neutral": 79, "down": 11, "positiveFeedbackRatio": 99}, "ordersCount": 1089, "issueInvoices": false, "deliveryTime": "automated"}, "isSelectedOffer": false, "isPromotedOffer": false, "type": "game", "prices": {"normal": {"price": "11.84", "suggestedPrice": "59.99", "discountPercent": "80", "discountAmount": "48.15", "basePrice": "11.84", "baseSuggestedPrice": "59.99"}, "plus": {"price": "10.66", "suggestedPrice": "59.99", "discountPercent": "82", "discountAmount": "49.33", "basePrice": "10.66", "baseSuggestedPrice": "59.99"}}, "currency": "EUR", "offerType": "instant"}, {"offerID": "12776104", "offerUUID": "344ff122-1e91-4350-a4a9-94373a9d46a4", "seller": {"id": "63d6ccaf-1cf4-4a23-96bd-20a638b278da", "name": "Royalco", "avatarUrl": "https://img.g2a.com/96x96/1x0x0/RC 100x100.png/602bf8637e696c7e98186dc2", "initials": "Ro", "type": "default", "rating": {"up": 817, "neutral": 195, "down": 8, "positiveFeedbackRatio": 99}, "ordersCount": 1020, "issueInvoices": false, "deliveryTime": "automated"}, "isSelectedOffer": false, "isPromotedOffer": false, "type": "dropshipping", "prices": {"normal": {"price": "14.26", "suggestedPrice": "59.99", "discountPercent": "76", "discountAmount": "45.73", "basePrice": "14.26", "baseSuggestedPrice": "59.99"}, "plus": {"price": "12.83", "suggestedPrice": "59.99", "discountPercent": "79", "discountAmount": "47.16", "basePrice": "12.83", "baseSuggestedPrice": "59.99"}}, "currency": "EUR", "offerType": "instant"}, {"offerID": "13158855", "offerUUID": "2413a9f7-bf35-4c4e-8120-d5ab04fc67b4", "seller": {"id": "a6ded5c5-3795-43c3-818b-8a5d76ebe0c9", "name": "Marttello", "avatarUrl": "https://img.g2a.com/96x96/1x0x0/images (61).jpeg/997b72eb24c54438b9e72412", "initials": "Ma", "type": "default", "rating": {"up": 833, "neutral": 86, "down": 5, "positiveFeedbackRatio": 99}, "ordersCount": 924, "issueInvoices": false, "deliveryTime": "automated"}, "isSelectedOffer": false, "isPromotedOffer": false, "type": "game", "prices": {"normal": {"price": "11.78", "suggestedPrice": "59.99", "discountPercent": "80", "discountAmount": "48.21", "basePrice": "11.78", "baseSuggestedPrice": "59.99"}, "plus": {"price": "10.60", "suggestedPrice": "59.99", "discountPercent": "82", "discountAmount": "49.39", "basePrice": "10.60", "baseSuggestedPrice": "59.99"}}, "currency": "EUR", "offerType": "instant"}, {"offerID": "13135764", "offerUUID": "5ca4a6a9-e4aa-4457-8f32-566e80a34572", "seller": {"id": "ff3f5d20-1f84-421e-bafb-f71e877efba4", "name": "Gks_store", "avatarUrl": "", "initials": "Gk", "type": "default", "rating": {"up": 661, "neutral": 27, "down": 5, "positiveFeedbackRatio": 99}, "ordersCount": 693, "issueInvoices": false, "deliveryTime": "automated"}, "isSelectedOffer": false, "isPromotedOffer": false, "type": "game", "prices": {"normal": {"price": "11.82", "suggestedPrice": "59.99", "discountPercent": "80", "discountAmount": "48.17", "basePrice": "11.82", "baseSuggestedPrice": "59.99"}, "plus": {"price": "10.64", "suggestedPrice": "59.99", "discountPercent": "82", "discountAmount": "49.35", "basePrice": "10.64", "baseSuggestedPrice": "59.99"}}, "currency": "EUR", "offerType": "instant"}, {"offerID": "13144132", "offerUUID": "d8dd9cb0-fefa-4afb-8bbd-18543fd6db46", "seller": {"id": "af1055f4-9bc4-4970-9be3-6eb945ddb6b3", "name": "Elite_gamers", "avatarUrl": "https://img.g2a.com/96x96/1x0x0/my logo Elite.png/602667ae7e696c4e8219ee12", "initials": "El", "type": "default", "rating": {"up": 187, "neutral": 24, "down": 1, "positiveFeedbackRatio": 99}, "ordersCount": 212, "issueInvoices": false, "deliveryTime": "automated"}, "isSelectedOffer": false, "isPromotedOffer": false, "type": "game", "prices": {"normal": {"price": "12.72", "suggestedPrice": "59.99", "discountPercent": "79", "discountAmount": "47.27", "basePrice": "12.72", "baseSuggestedPrice": "59.99"}, "plus": {"price": "11.45", "suggestedPrice": "59.99", "discountPercent": "81", "discountAmount": "48.54", "basePrice": "11.45", "baseSuggestedPrice": "59.99"}}, "currency": "EUR", "offerType": "instant"}, {"offerID": "12722352", "offerUUID": "9859dbf0-2483-4c64-b226-6a7409e29e24", "seller": {"id": "72b7491c-c67c-47d3-80be-258623b5f319", "name": "Game_boutique", "avatarUrl": "https://img.g2a.com/96x96/1x0x0/logo_size.jpg/98b79b21c3d84af79ee15aa9", "initials": "Ga", "type": "excellent", "rating": {"up": 4579, "neutral": 477, "down": 95, "positiveFeedbackRatio": 98}, "ordersCount": 5151, "issueInvoices": false, "deliveryTime": "automated"}, "isSelectedOffer": false, "isPromotedOffer": false, "type": "game", "prices": {"normal": {"price": "22.80", "suggestedPrice": "59.99", "discountPercent": "62", "discountAmount": "37.19", "basePrice": "22.80", "baseSuggestedPrice": "59.99"}, "plus": {"price": "20.52", "suggestedPrice": "59.99", "discountPercent": "66", "discountAmount": "39.47", "basePrice": "20.52", "baseSuggestedPrice": "59.99"}}, "currency": "EUR", "offerType": "instant"}, {"offerID": "13071604", "offerUUID": "ddaf7b56-969a-460e-9e0c-e9637a8212f1", "seller": {"id": "face215a-9da3-414f-84e4-6c630f12c768", "name": "Aaa_games_for_you", "avatarUrl": "https://img.g2a.com/96x96/1x0x0/logo-d4-648f2299fd6cdd15.png/6061daa846177c40072955f2", "initials": "Aa", "type": "default", "rating": {"up": 659, "neutral": 65, "down": 14, "positiveFeedbackRatio": 98}, "ordersCount": 738, "issueInvoices": true, "deliveryTime": "automated"}, "isSelectedOffer": false, "isPromotedOffer": false, "type": "game", "prices": {"normal": {"price": "14.25", "suggestedPrice": "59.99", "discountPercent": "76", "discountAmount": "45.74", "basePrice": "14.25", "baseSuggestedPrice": "59.99"}, "plus": {"price": "12.82", "suggestedPrice": "59.99", "discountPercent": "79", "discountAmount": "47.17", "basePrice": "12.82", "baseSuggestedPrice": "59.99"}}, "currency": "EUR", "offerType": "instant"}, {"offerID": "12396738", "offerUUID": "875ed7fa-31e9-4139-9f8c-7d648f9c27af", "seller": {"id": "7b44edbd-8cef-4d2b-8b16-48938ee1c4f8", "name": "Kgamestrade", "avatarUrl": "", "initials": "Kg", "type": "excellent", "rating": {"up": 21333, "neutral": 319, "down": 738, "positiveFeedbackRatio": 97}, "ordersCount": 22390, "issueInvoices": false, "deliveryTime": "automated"}, "isSelectedOffer": false, "isPromotedOffer": false, "type": "game", "prices": {"normal": {"price": "16.59", "suggestedPrice": "59.99", "discountPercent": "72", "discountAmount": "43.40", "basePrice": "16.59", "baseSuggestedPrice": "59.99"}, "plus": {"price": "14.93", "suggestedPrice": "59.99", "discountPercent": "75", "discountAmount": "45.06", "basePrice": "14.93", "baseSuggestedPrice": "59.99"}}, "currency": "EUR", "offerType": "instant"}, {"offerID": "12518274", "offerUUID": "c5743c0e-8ab3-41d5-9502-a4cccb1743b0", "seller": {"id": "26c3a44d-9f8f-4fa9-b3c7-3f855b74284c", "name": "Retaildepot", "avatarUrl": "", "initials": "Re", "type": "excellent", "rating": {"up": 1810, "neutral": 54, "down": 96, "positiveFeedbackRatio": 95}, "ordersCount": 1960, "issueInvoices": false, "deliveryTime": "automated"}, "isSelectedOffer": false, "isPromotedOffer": false, "type": "game", "prices": {"normal": {"price": "12.08", "suggestedPrice": "59.99", "discountPercent": "80", "discountAmount": "47.91", "basePrice": "12.08", "baseSuggestedPrice": "59.99"}, "plus": {"price": "10.88", "suggestedPrice": "59.99", "discountPercent": "82", "discountAmount": "49.11", "basePrice": "10.88", "baseSuggestedPrice": "59.99"}}, "currency": "EUR", "offerType": "instant"}, {"offerID": "13146427", "offerUUID": "3ba830dd-7c1c-49bf-8191-e5e32c7d6b3f", "seller": {"id": "1b857d7c-2de7-4619-87a1-7dc7228767ae", "name": "Viagames", "avatarUrl": "", "initials": "Vi", "type": "default", "rating": {"up": 8, "neutral": 1, "down": 2, "positiveFeedbackRatio": 80}, "ordersCount": 11, "issueInvoices": false, "deliveryTime": "automated"}, "isSelectedOffer": false, "isPromotedOffer": false, "type": "dropshipping", "prices": {"normal": {"price": "19.36", "suggestedPrice": "59.99", "discountPercent": "68", "discountAmount": "40.63", "basePrice": "19.36", "baseSuggestedPrice": "59.99"}, "plus": {"price": "17.43", "suggestedPrice": "59.99", "discountPercent": "71", "discountAmount": "42.56", "basePrice": "17.43", "baseSuggestedPrice": "59.99"}}, "currency": "EUR", "offerType": "instant"}, {"offerID": "13096120", "offerUUID": "2ffb2ac2-cd67-49b2-882f-12c5cc0e91da", "seller": {"id": "66d171d4-734a-44c2-bfec-f62035c37c1d", "name": "Crescentkey", "avatarUrl": "", "initials": "Cr", "type": "default", "rating": {"up": 4, "neutral": 0, "down": 1, "positiveFeedbackRatio": 80}, "ordersCount": 5, "issueInvoices": false, "deliveryTime": "automated"}, "isSelectedOffer": false, "isPromotedOffer": false, "type": "game", "prices": {"normal": {"price": "21.53", "suggestedPrice": "59.99", "discountPercent": "64", "discountAmount": "38.46", "basePrice": "21.53", "baseSuggestedPrice": "59.99"}, "plus": {"price": "19.38", "suggestedPrice": "59.99", "discountPercent": "68", "discountAmount": "40.61", "basePrice": "19.38", "baseSuggestedPrice": "59.99"}}, "currency": "EUR", "offerType": "instant"}, {"offerID": "13147788", "offerUUID": "a89d7d1d-a1f4-42bc-a58e-9bd5ed1157f1", "seller": {"id": "03ad09d4-d206-4be1-a079-c77b89c84ed5", "name": "Hrvat005", "avatarUrl": "", "initials": "Hr", "type": "default", "rating": {"up": 1, "neutral": 0, "down": 2, "positiveFeedbackRatio": 33}, "ordersCount": 3, "issueInvoices": false, "deliveryTime": "automated"}, "isSelectedOffer": false, "isPromotedOffer": false, "type": "game", "prices": {"normal": {"price": "9.32", "suggestedPrice": "59.99", "discountPercent": "84", "discountAmount": "50.67", "basePrice": "9.32", "baseSuggestedPrice": "59.99"}, "plus": {"price": "8.39", "suggestedPrice": "59.99", "discountPercent": "86", "discountAmount": "51.60", "basePrice": "8.39", "baseSuggestedPrice": "59.99"}}, "currency": "EUR", "offerType": "instant"}], "productType": "digital", "error": null}}