{"data": {"offers": [{"offerID": "13162085", "offerUUID": "c7a567da-638a-4398-b28c-ffa3f072c4cb", "seller": {"id": "fd3aa5e6-f89f-4ca5-85e1-6b5061856901", "name": "Codezilla", "avatarUrl": "https://img.g2a.com/96x96/1x0x0/rsz_115939684.png/7f0af52256f74eee8144e6e2", "initials": "Co", "type": "excellent", "rating": {"up": 6766, "neutral": 477, "down": 17, "positiveFeedbackRatio": 100}, "ordersCount": 7260, "issueInvoices": false, "deliveryTime": "automated"}, "isSelectedOffer": false, "isPromotedOffer": true, "promotedOffer": {"campaignId": "77", "showId": "f659da1c-cfac-4d0f-9538-11f221a8ac02", "requestId": "|Sc8vYxCea7KjrGylbltmvnYl8zEhR7SkiHy/.Hioxkf7t_GHI12G.99PxSP_", "skc": "unknown-skc"}, "type": "dropshipping", "prices": {"normal": {"price": "72.67", "discountPercent": "0", "discountAmount": "0.00", "basePrice": "72.67"}, "plus": {"price": "72.67", "discountPercent": "0", "discountAmount": "0.00", "basePrice": "72.67"}}, "currency": "EUR", "offerType": "instant"}, {"offerID": "13161568", "offerUUID": "6cb57c2f-fcc9-466d-b4d1-cbca3d025e20", "seller": {"id": "9c5b72dd-941b-46ed-91b2-65ef37169c97", "name": "Gamersuniverse", "avatarUrl": "https://img.g2a.com/96x96/1x0x0/GameUniverse.png/082c50251210454fbb2a26d0", "initials": "Ga", "type": "excellent", "rating": {"up": 75760, "neutral": 5540, "down": 252, "positiveFeedbackRatio": 100}, "ordersCount": 81552, "issueInvoices": false, "deliveryTime": "automated"}, "isSelectedOffer": false, "isPromotedOffer": false, "type": "dropshipping", "prices": {"normal": {"price": "70.19", "discountPercent": "0", "discountAmount": "0.00", "basePrice": "70.19"}, "plus": {"price": "70.19", "discountPercent": "0", "discountAmount": "0.00", "basePrice": "70.19"}}, "currency": "EUR", "offerType": "instant"}, {"offerID": "13161569", "offerUUID": "883de116-40b0-4d9a-a179-66181a1ebf8f", "seller": {"id": "f74c2d89-9055-4bb6-ad00-c000dbb4a856", "name": "Superbkeys", "avatarUrl": "https://img.g2a.com/96x96/1x0x0/S4.png/4a8b4d3cb4d84c16ba274210", "initials": "Su", "type": "excellent", "rating": {"up": 6220, "neutral": 672, "down": 12, "positiveFeedbackRatio": 100}, "ordersCount": 6904, "issueInvoices": false, "deliveryTime": "automated"}, "isSelectedOffer": false, "isPromotedOffer": false, "type": "dropshipping", "prices": {"normal": {"price": "72.70", "discountPercent": "0", "discountAmount": "0.00", "basePrice": "72.70"}, "plus": {"price": "72.70", "discountPercent": "0", "discountAmount": "0.00", "basePrice": "72.70"}}, "currency": "EUR", "offerType": "instant"}, {"offerID": "13161565", "offerUUID": "2a6e9232-bb8e-4a22-8399-a4cedf93018e", "seller": {"id": "6075c220-a47c-4c12-a20a-3d3ceab378db", "name": "Gamesdivision", "avatarUrl": "https://img.g2a.com/96x96/1x0x0/G3.png/5f1bf9fe6e3b4f36bc66e372", "initials": "Ga", "type": "excellent", "rating": {"up": 1518, "neutral": 183, "down": 5, "positiveFeedbackRatio": 100}, "ordersCount": 1706, "issueInvoices": false, "deliveryTime": "automated"}, "isSelectedOffer": false, "isPromotedOffer": false, "type": "dropshipping", "prices": {"normal": {"price": "73.05", "discountPercent": "0", "discountAmount": "0.00", "basePrice": "73.05"}, "plus": {"price": "73.05", "discountPercent": "0", "discountAmount": "0.00", "basePrice": "73.05"}}, "currency": "EUR", "offerType": "instant"}, {"offerID": "13161566", "offerUUID": "5eb5c122-1958-413c-a5e1-48e32b3c3a50", "seller": {"id": "fbe071e1-b0cd-458a-ae46-fe1acfcfca74", "name": "Lancce", "avatarUrl": "https://img.g2a.com/96x96/1x0x0/a.png/1da518f98f4141bb9bd45820", "initials": "La", "type": "default", "rating": {"up": 153, "neutral": 24, "down": 0, "positiveFeedbackRatio": 100}, "ordersCount": 177, "issueInvoices": false, "deliveryTime": null}, "isSelectedOffer": false, "isPromotedOffer": false, "type": "dropshipping", "prices": {"normal": {"price": "72.35", "discountPercent": "0", "discountAmount": "0.00", "basePrice": "72.35"}, "plus": {"price": "72.35", "discountPercent": "0", "discountAmount": "0.00", "basePrice": "72.35"}}, "currency": "EUR", "offerType": "instant"}], "productType": "digital", "error": null}}