{"data": {"offers": [{"offerID": "13153115", "offerUUID": "bea0011e-def4-4e26-aac6-b6e9c319c173", "seller": {"id": "98c43478-2732-499c-a466-520a30a56828", "name": "Rottviler", "avatarUrl": "https://img.g2a.com/96x96/1x0x0/logo.png/b39e84cfa5844877a3ceb4bc", "initials": "Ro", "type": "default", "rating": {"up": 999, "neutral": 79, "down": 11, "positiveFeedbackRatio": 99}, "ordersCount": 1089, "issueInvoices": false, "deliveryTime": "automated"}, "isSelectedOffer": false, "isPromotedOffer": true, "promotedOffer": {"campaignId": "187", "showId": "830b527a-a062-4a18-a9cd-2203ce9ae762", "requestId": "|/V7S1Suaf4DTTQ26ZZ0D0nePhNb6cNbTn8ED.w+Ep0cZa_fkfjkd.e4VWab_", "skc": "unknown-skc"}, "type": "game", "prices": {"normal": {"price": "4.96", "suggestedPrice": "19.99", "discountPercent": "75", "discountAmount": "15.03", "basePrice": "4.96", "baseSuggestedPrice": "19.99"}, "plus": {"price": "4.46", "suggestedPrice": "19.99", "discountPercent": "78", "discountAmount": "15.53", "basePrice": "4.46", "baseSuggestedPrice": "19.99"}}, "currency": "EUR", "offerType": "instant"}, {"offerID": "12796899", "offerUUID": "f6a8755d-35f9-40b3-8d55-8828ff1cc1c6", "seller": {"id": "dabd25fb-f026-4d09-96b0-cbbc2b36dc1a", "name": "Instant_game", "avatarUrl": "https://img.g2a.com/96x96/1x0x0/instant-gaming-logo.png/1b629b69bea641d380f9aeac", "initials": "In", "type": "excellent", "rating": {"up": 9437, "neutral": 772, "down": 11, "positiveFeedbackRatio": 100}, "ordersCount": 10220, "issueInvoices": false, "deliveryTime": "automated"}, "isSelectedOffer": false, "isPromotedOffer": false, "type": "dropshipping", "prices": {"normal": {"price": "2.59", "suggestedPrice": "19.99", "discountPercent": "87", "discountAmount": "17.40", "basePrice": "2.59", "baseSuggestedPrice": "19.99"}, "plus": {"price": "2.33", "suggestedPrice": "19.99", "discountPercent": "88", "discountAmount": "17.66", "basePrice": "2.33", "baseSuggestedPrice": "19.99"}}, "currency": "EUR", "offerType": "instant"}, {"offerID": "13157453", "offerUUID": "80bfd601-e701-48fa-b881-9bf7538f0580", "seller": {"id": "7ee85a85-32e5-4741-aeff-bede00e135a0", "name": "Fun_keys", "avatarUrl": "https://img.g2a.com/96x96/1x0x0/33.jpg/60313c5b46177c4151397092", "initials": "Fu", "type": "excellent", "rating": {"up": 7812, "neutral": 53, "down": 1, "positiveFeedbackRatio": 100}, "ordersCount": 7866, "issueInvoices": false, "deliveryTime": "automated"}, "isSelectedOffer": false, "isPromotedOffer": false, "type": "game", "prices": {"normal": {"price": "3.46", "suggestedPrice": "19.99", "discountPercent": "83", "discountAmount": "16.53", "basePrice": "3.46", "baseSuggestedPrice": "19.99"}, "plus": {"price": "3.11", "suggestedPrice": "19.99", "discountPercent": "84", "discountAmount": "16.88", "basePrice": "3.11", "baseSuggestedPrice": "19.99"}}, "currency": "EUR", "offerType": "instant"}, {"offerID": "13160845", "offerUUID": "67c11498-9100-4a6b-97ac-cef384497203", "seller": {"id": "d4d66234-acdc-43df-ad22-d39ac8168528", "name": "Trusted_keys_rep", "avatarUrl": "", "initials": "Tr", "type": "excellent", "rating": {"up": 1849, "neutral": 16, "down": 7, "positiveFeedbackRatio": 100}, "ordersCount": 1872, "issueInvoices": false, "deliveryTime": "automated"}, "isSelectedOffer": false, "isPromotedOffer": false, "type": "game", "prices": {"normal": {"price": "2.41", "suggestedPrice": "19.99", "discountPercent": "88", "discountAmount": "17.58", "basePrice": "2.41", "baseSuggestedPrice": "19.99"}, "plus": {"price": "2.17", "suggestedPrice": "19.99", "discountPercent": "89", "discountAmount": "17.82", "basePrice": "2.17", "baseSuggestedPrice": "19.99"}}, "currency": "EUR", "offerType": "instant"}, {"offerID": "13152839", "offerUUID": "72d61d14-9907-46e2-b924-a8f8ecc36569", "seller": {"id": "528ae0f0-1baf-4604-bdea-a8b27bc90417", "name": "True_keys", "avatarUrl": "https://img.g2a.com/96x96/1x0x0/keys-large.png/5AMjnNbDHHSqQsbArpmKPE", "initials": "Tr", "type": "default", "rating": {"up": 273, "neutral": 13, "down": 1, "positiveFeedbackRatio": 100}, "ordersCount": 287, "issueInvoices": false, "deliveryTime": "automated"}, "isSelectedOffer": false, "isPromotedOffer": false, "type": "game", "prices": {"normal": {"price": "5.98", "suggestedPrice": "19.99", "discountPercent": "70", "discountAmount": "14.01", "basePrice": "5.98", "baseSuggestedPrice": "19.99"}, "plus": {"price": "5.39", "suggestedPrice": "19.99", "discountPercent": "73", "discountAmount": "14.60", "basePrice": "5.39", "baseSuggestedPrice": "19.99"}}, "currency": "EUR", "offerType": "instant"}, {"offerID": "13162212", "offerUUID": "3b790353-6166-4274-a703-ed12b2ee3095", "seller": {"id": "69ace28c-e1f8-45f3-b27c-0b66a16f75d8", "name": "Magnus_knudsen", "avatarUrl": "", "initials": "Ma", "type": "default", "rating": {"up": 46, "neutral": 3, "down": 0, "positiveFeedbackRatio": 100}, "ordersCount": 49, "issueInvoices": true, "deliveryTime": "automated"}, "isSelectedOffer": false, "isPromotedOffer": false, "type": "game", "prices": {"normal": {"price": "2.37", "suggestedPrice": "19.99", "discountPercent": "88", "discountAmount": "17.62", "basePrice": "2.37", "baseSuggestedPrice": "19.99"}, "plus": {"price": "2.13", "suggestedPrice": "19.99", "discountPercent": "89", "discountAmount": "17.86", "basePrice": "2.13", "baseSuggestedPrice": "19.99"}}, "currency": "EUR", "offerType": "instant"}, {"offerID": "13152990", "offerUUID": "1972cc9f-5f03-478c-82df-b0ab4fce47aa", "seller": {"id": "b4ed6b6c-0a78-4cb1-9638-a847d97ce2f4", "name": "Darkshout", "avatarUrl": "", "initials": "Da", "type": "default", "rating": {"up": 18, "neutral": 0, "down": 0, "positiveFeedbackRatio": 100}, "ordersCount": 18, "issueInvoices": false, "deliveryTime": "automated"}, "isSelectedOffer": false, "isPromotedOffer": false, "type": "game", "prices": {"normal": {"price": "2.59", "suggestedPrice": "19.99", "discountPercent": "87", "discountAmount": "17.40", "basePrice": "2.59", "baseSuggestedPrice": "19.99"}, "plus": {"price": "2.33", "suggestedPrice": "19.99", "discountPercent": "88", "discountAmount": "17.66", "basePrice": "2.33", "baseSuggestedPrice": "19.99"}}, "currency": "EUR", "offerType": "instant"}, {"offerID": "13161803", "offerUUID": "0f51c89a-aa2e-4105-9cea-f807fab56979", "seller": {"id": "223bc550-842f-49ab-b916-68cbacae88f8", "name": "Dopamineprod", "avatarUrl": "", "initials": "Do", "type": "default", "rating": {"up": 11, "neutral": 0, "down": 0, "positiveFeedbackRatio": 100}, "ordersCount": 11, "issueInvoices": false, "deliveryTime": "automated"}, "isSelectedOffer": false, "isPromotedOffer": false, "type": "game", "prices": {"normal": {"price": "2.39", "suggestedPrice": "19.99", "discountPercent": "88", "discountAmount": "17.60", "basePrice": "2.39", "baseSuggestedPrice": "19.99"}, "plus": {"price": "2.15", "suggestedPrice": "19.99", "discountPercent": "89", "discountAmount": "17.84", "basePrice": "2.15", "baseSuggestedPrice": "19.99"}}, "currency": "EUR", "offerType": "instant"}, {"offerID": "13153108", "offerUUID": "725fa626-6133-4451-a4c2-647a31e3ad93", "seller": {"id": "d05eb3dc-7752-4649-bea3-d9725eb5c672", "name": "Bigworm187", "avatarUrl": "", "initials": "Bi", "type": "default", "rating": {"up": 9, "neutral": 0, "down": 0, "positiveFeedbackRatio": 100}, "ordersCount": 9, "issueInvoices": false, "deliveryTime": "automated"}, "isSelectedOffer": false, "isPromotedOffer": false, "type": "game", "prices": {"normal": {"price": "3.84", "suggestedPrice": "19.99", "discountPercent": "81", "discountAmount": "16.15", "basePrice": "3.84", "baseSuggestedPrice": "19.99"}, "plus": {"price": "3.45", "suggestedPrice": "19.99", "discountPercent": "83", "discountAmount": "16.54", "basePrice": "3.45", "baseSuggestedPrice": "19.99"}}, "currency": "EUR", "offerType": "instant"}, {"offerID": "13152830", "offerUUID": "111dd385-23bc-45be-b9cd-0a5a9557bb1e", "seller": {"id": "478a3e25-68da-487e-aaaa-20ea989688bd", "name": "Zmoracieni", "avatarUrl": "", "initials": "Zm", "type": "default", "rating": {"up": 5, "neutral": 1, "down": 0, "positiveFeedbackRatio": 100}, "ordersCount": 6, "issueInvoices": false, "deliveryTime": "automated"}, "isSelectedOffer": false, "isPromotedOffer": false, "type": "game", "prices": {"normal": {"price": "5.02", "suggestedPrice": "19.99", "discountPercent": "75", "discountAmount": "14.97", "basePrice": "5.02", "baseSuggestedPrice": "19.99"}, "plus": {"price": "4.52", "suggestedPrice": "19.99", "discountPercent": "77", "discountAmount": "15.47", "basePrice": "4.52", "baseSuggestedPrice": "19.99"}}, "currency": "EUR", "offerType": "instant"}, {"offerID": "13161395", "offerUUID": "261ed131-0ffc-43ff-bb5a-1c0db0622fb3", "seller": {"id": "1e582949-8655-4a7f-87a9-b90a1c78d161", "name": "Yksha_x", "avatarUrl": "", "initials": "Yk", "type": "default", "rating": {"up": 4, "neutral": 0, "down": 0, "positiveFeedbackRatio": 100}, "ordersCount": 4, "issueInvoices": false, "deliveryTime": "automated"}, "isSelectedOffer": false, "isPromotedOffer": false, "type": "game", "prices": {"normal": {"price": "2.43", "suggestedPrice": "19.99", "discountPercent": "88", "discountAmount": "17.56", "basePrice": "2.43", "baseSuggestedPrice": "19.99"}, "plus": {"price": "2.19", "suggestedPrice": "19.99", "discountPercent": "89", "discountAmount": "17.80", "basePrice": "2.19", "baseSuggestedPrice": "19.99"}}, "currency": "EUR", "offerType": "instant"}, {"offerID": "13153285", "offerUUID": "61a05513-d68a-4c04-a2d8-e3fdc609cefe", "seller": {"id": "239437fd-2de5-4bbc-91da-348713f0e181", "name": "Skingo", "avatarUrl": "", "initials": "Sk", "type": "default", "rating": {"up": 2, "neutral": 0, "down": 0, "positiveFeedbackRatio": 100}, "ordersCount": 2, "issueInvoices": false, "deliveryTime": "automated"}, "isSelectedOffer": false, "isPromotedOffer": false, "type": "game", "prices": {"normal": {"price": "3.77", "suggestedPrice": "19.99", "discountPercent": "81", "discountAmount": "16.22", "basePrice": "3.77", "baseSuggestedPrice": "19.99"}, "plus": {"price": "3.40", "suggestedPrice": "19.99", "discountPercent": "83", "discountAmount": "16.59", "basePrice": "3.40", "baseSuggestedPrice": "19.99"}}, "currency": "EUR", "offerType": "instant"}, {"offerID": "13152836", "offerUUID": "0931dce5-a9c5-49b1-9678-681e919c7868", "seller": {"id": "eaf51957-4a63-4be2-904e-a4682306ca9c", "name": "Essune", "avatarUrl": "", "initials": "Es", "type": "default", "rating": {"up": 2, "neutral": 0, "down": 0, "positiveFeedbackRatio": 100}, "ordersCount": 2, "issueInvoices": false, "deliveryTime": null}, "isSelectedOffer": false, "isPromotedOffer": false, "type": "game", "prices": {"normal": {"price": "5.10", "suggestedPrice": "19.99", "discountPercent": "74", "discountAmount": "14.89", "basePrice": "5.10", "baseSuggestedPrice": "19.99"}, "plus": {"price": "4.59", "suggestedPrice": "19.99", "discountPercent": "77", "discountAmount": "15.40", "basePrice": "4.59", "baseSuggestedPrice": "19.99"}}, "currency": "EUR", "offerType": "instant"}, {"offerID": "13152815", "offerUUID": "7c2e3a1d-8dd4-4696-a36e-e3023c30d9f3", "seller": {"id": "11056ced-efe4-4301-a5c0-3692fe189a94", "name": "Seller1337_9", "avatarUrl": "", "initials": "Se", "type": "default", "rating": {"up": 2, "neutral": 0, "down": 0, "positiveFeedbackRatio": 100}, "ordersCount": 2, "issueInvoices": false, "deliveryTime": "automated"}, "isSelectedOffer": false, "isPromotedOffer": false, "type": "game", "prices": {"normal": {"price": "6.27", "suggestedPrice": "19.99", "discountPercent": "69", "discountAmount": "13.72", "basePrice": "6.27", "baseSuggestedPrice": "19.99"}, "plus": {"price": "5.65", "suggestedPrice": "19.99", "discountPercent": "72", "discountAmount": "14.34", "basePrice": "5.65", "baseSuggestedPrice": "19.99"}}, "currency": "EUR", "offerType": "instant"}, {"offerID": "13153002", "offerUUID": "19dc29d6-2b79-4274-9552-74e5f62505bf", "seller": {"id": "4b6be03e-d554-4cc4-8f2a-d67e7b252fd5", "name": "Thecrimsonking96", "avatarUrl": "", "initials": "Th", "type": "default", "rating": {"up": 1, "neutral": 0, "down": 0, "positiveFeedbackRatio": 100}, "ordersCount": 1, "issueInvoices": false, "deliveryTime": null}, "isSelectedOffer": false, "isPromotedOffer": false, "type": "game", "prices": {"normal": {"price": "4.15", "suggestedPrice": "19.99", "discountPercent": "79", "discountAmount": "15.84", "basePrice": "4.15", "baseSuggestedPrice": "19.99"}, "plus": {"price": "3.74", "suggestedPrice": "19.99", "discountPercent": "81", "discountAmount": "16.25", "basePrice": "3.74", "baseSuggestedPrice": "19.99"}}, "currency": "EUR", "offerType": "instant"}, {"offerID": "13153199", "offerUUID": "92fca8e0-b282-4184-8363-e120c945c1c9", "seller": {"id": "d2d6c341-5cd8-4b3d-b2cc-76f594429503", "name": "Faser71", "avatarUrl": "", "initials": "Fa", "type": "default", "rating": {"up": 301, "neutral": 17, "down": 11, "positiveFeedbackRatio": 96}, "ordersCount": 329, "issueInvoices": false, "deliveryTime": "automated"}, "isSelectedOffer": false, "isPromotedOffer": false, "type": "game", "prices": {"normal": {"price": "2.45", "suggestedPrice": "19.99", "discountPercent": "88", "discountAmount": "17.54", "basePrice": "2.45", "baseSuggestedPrice": "19.99"}, "plus": {"price": "2.20", "suggestedPrice": "19.99", "discountPercent": "89", "discountAmount": "17.79", "basePrice": "2.20", "baseSuggestedPrice": "19.99"}}, "currency": "EUR", "offerType": "instant"}, {"offerID": "13162046", "offerUUID": "fadae703-6acc-40bd-8687-dc91edb69946", "seller": {"id": "0bcdd405-58f3-45f6-bb87-504d4d39862c", "name": "Lukass_cze", "avatarUrl": "", "initials": "Lu", "type": "default", "rating": {"up": 19, "neutral": 0, "down": 1, "positiveFeedbackRatio": 95}, "ordersCount": 20, "issueInvoices": false, "deliveryTime": "automated"}, "isSelectedOffer": false, "isPromotedOffer": false, "type": "game", "prices": {"normal": {"price": "2.38", "suggestedPrice": "19.99", "discountPercent": "88", "discountAmount": "17.61", "basePrice": "2.38", "baseSuggestedPrice": "19.99"}, "plus": {"price": "2.14", "suggestedPrice": "19.99", "discountPercent": "89", "discountAmount": "17.85", "basePrice": "2.14", "baseSuggestedPrice": "19.99"}}, "currency": "EUR", "offerType": "instant"}, {"offerID": "13161136", "offerUUID": "cb20c78b-58eb-4a33-93d5-4c64acf93ee8", "seller": {"id": "bc70e7f0-f59c-4385-ab50-e032b80d28f7", "name": "Goodeddy", "avatarUrl": "", "initials": "Go", "type": "default", "rating": {"up": 19, "neutral": 0, "down": 1, "positiveFeedbackRatio": 95}, "ordersCount": 20, "issueInvoices": false, "deliveryTime": "automated"}, "isSelectedOffer": false, "isPromotedOffer": false, "type": "game", "prices": {"normal": {"price": "2.50", "suggestedPrice": "19.99", "discountPercent": "87", "discountAmount": "17.49", "basePrice": "2.50", "baseSuggestedPrice": "19.99"}, "plus": {"price": "2.25", "suggestedPrice": "19.99", "discountPercent": "89", "discountAmount": "17.74", "basePrice": "2.25", "baseSuggestedPrice": "19.99"}}, "currency": "EUR", "offerType": "instant"}, {"offerID": "13152842", "offerUUID": "03453de3-cf0b-4b2a-b9d9-e8aa3df10c84", "seller": {"id": "2420b286-9d40-4ba8-86ef-45f23628cf5b", "name": "Neozika", "avatarUrl": "", "initials": "Ne", "type": "default", "rating": {"up": 12, "neutral": 1, "down": 1, "positiveFeedbackRatio": 92}, "ordersCount": 14, "issueInvoices": false, "deliveryTime": "automated"}, "isSelectedOffer": false, "isPromotedOffer": false, "type": "game", "prices": {"normal": {"price": "5.09", "suggestedPrice": "19.99", "discountPercent": "75", "discountAmount": "14.90", "basePrice": "5.09", "baseSuggestedPrice": "19.99"}, "plus": {"price": "4.58", "suggestedPrice": "19.99", "discountPercent": "77", "discountAmount": "15.41", "basePrice": "4.58", "baseSuggestedPrice": "19.99"}}, "currency": "EUR", "offerType": "instant"}, {"offerID": "13153166", "offerUUID": "fd8907a3-673c-4397-ba87-5be5310d8e86", "seller": {"id": "eb2db3ac-8d0c-41f2-b89b-5fc408a92037", "name": "Piszczu1", "avatarUrl": "", "initials": "Pi", "type": "default", "rating": {"up": 4, "neutral": 0, "down": 1, "positiveFeedbackRatio": 80}, "ordersCount": 5, "issueInvoices": false, "deliveryTime": "automated"}, "isSelectedOffer": false, "isPromotedOffer": false, "type": "game", "prices": {"normal": {"price": "3.81", "suggestedPrice": "19.99", "discountPercent": "81", "discountAmount": "16.18", "basePrice": "3.81", "baseSuggestedPrice": "19.99"}, "plus": {"price": "3.43", "suggestedPrice": "19.99", "discountPercent": "83", "discountAmount": "16.56", "basePrice": "3.43", "baseSuggestedPrice": "19.99"}}, "currency": "EUR", "offerType": "instant"}, {"offerID": "13152973", "offerUUID": "bd212458-d0bd-4e9d-a7de-0315b1269cb0", "seller": {"id": "e2793786-5aff-4b63-87df-fcd04f235efe", "name": "Ringofknstar", "avatarUrl": "", "initials": "Ri", "type": "default", "rating": {"up": 4, "neutral": 0, "down": 1, "positiveFeedbackRatio": 80}, "ordersCount": 5, "issueInvoices": false, "deliveryTime": "automated"}, "isSelectedOffer": false, "isPromotedOffer": false, "type": "game", "prices": {"normal": {"price": "4.95", "suggestedPrice": "19.99", "discountPercent": "75", "discountAmount": "15.04", "basePrice": "4.95", "baseSuggestedPrice": "19.99"}, "plus": {"price": "4.45", "suggestedPrice": "19.99", "discountPercent": "78", "discountAmount": "15.54", "basePrice": "4.45", "baseSuggestedPrice": "19.99"}}, "currency": "EUR", "offerType": "instant"}, {"offerID": "13158882", "offerUUID": "0e5d8f70-fc15-4838-8099-303737a30654", "seller": {"id": "b4aa1194-40b6-4bab-891f-9cf42ca1b604", "name": "Carlosgamingg", "avatarUrl": "", "initials": "Ca", "type": "default", "rating": {"up": 1, "neutral": 0, "down": 2, "positiveFeedbackRatio": 33}, "ordersCount": 3, "issueInvoices": false, "deliveryTime": null}, "isSelectedOffer": false, "isPromotedOffer": false, "type": "game", "prices": {"normal": {"price": "3.25", "suggestedPrice": "19.99", "discountPercent": "84", "discountAmount": "16.74", "basePrice": "3.25", "baseSuggestedPrice": "19.99"}, "plus": {"price": "2.93", "suggestedPrice": "19.99", "discountPercent": "85", "discountAmount": "17.06", "basePrice": "2.93", "baseSuggestedPrice": "19.99"}}, "currency": "EUR", "offerType": "instant"}, {"offerID": "13152874", "offerUUID": "291c4558-290f-4e1c-85e0-d9d1505c5f22", "seller": {"id": "dd8b42bd-668c-4fa9-9113-c0fd20a456f1", "name": "Gamecover_site", "avatarUrl": "", "initials": "Ga", "type": "default", "rating": {"up": 0, "neutral": 0, "down": 1, "positiveFeedbackRatio": 0}, "ordersCount": 1, "issueInvoices": false, "deliveryTime": "automated"}, "isSelectedOffer": false, "isPromotedOffer": false, "type": "game", "prices": {"normal": {"price": "5.07", "suggestedPrice": "19.99", "discountPercent": "75", "discountAmount": "14.92", "basePrice": "5.07", "baseSuggestedPrice": "19.99"}, "plus": {"price": "4.57", "suggestedPrice": "19.99", "discountPercent": "77", "discountAmount": "15.42", "basePrice": "4.57", "baseSuggestedPrice": "19.99"}}, "currency": "EUR", "offerType": "instant"}, {"offerID": "13152494", "offerUUID": "35bd2c4a-46cd-4ba6-a5d9-d9628af08d44", "seller": {"id": "430974c1-45a1-4242-96e4-6216b82051a6", "name": "Sayanstore", "avatarUrl": "", "initials": "Sa", "type": "default", "rating": {"up": 0, "neutral": 0, "down": 1, "positiveFeedbackRatio": 0}, "ordersCount": 1, "issueInvoices": false, "deliveryTime": null}, "isSelectedOffer": false, "isPromotedOffer": false, "type": "game", "prices": {"normal": {"price": "18.30", "suggestedPrice": "19.99", "discountPercent": "8", "discountAmount": "1.69", "basePrice": "18.30", "baseSuggestedPrice": "19.99"}, "plus": {"price": "16.47", "suggestedPrice": "19.99", "discountPercent": "18", "discountAmount": "3.52", "basePrice": "16.47", "baseSuggestedPrice": "19.99"}}, "currency": "EUR", "offerType": "instant"}, {"offerID": "13152934", "offerUUID": "077fdd4f-40ed-420f-a545-ac6b906f0295", "seller": {"id": "51c69f4f-7582-48ef-96cd-f2e9757546e1", "name": "Sossusoturi", "avatarUrl": "", "initials": "So", "type": "default", "rating": {"up": 0, "neutral": 0, "down": 0, "positiveFeedbackRatio": 0}, "ordersCount": 0, "issueInvoices": false, "deliveryTime": "automated"}, "isSelectedOffer": false, "isPromotedOffer": false, "type": "game", "prices": {"normal": {"price": "2.41", "suggestedPrice": "19.99", "discountPercent": "88", "discountAmount": "17.58", "basePrice": "2.41", "baseSuggestedPrice": "19.99"}, "plus": {"price": "2.17", "suggestedPrice": "19.99", "discountPercent": "89", "discountAmount": "17.82", "basePrice": "2.17", "baseSuggestedPrice": "19.99"}}, "currency": "EUR", "offerType": "instant"}, {"offerID": "13157726", "offerUUID": "2a9fd8bc-36f4-4885-9ca0-ecc15f28ef49", "seller": {"id": "30f96e4c-72d1-48f9-97e5-ebae048bcd6a", "name": "Alejandrorq", "avatarUrl": "", "initials": "Al", "type": "default", "rating": {"up": 0, "neutral": 0, "down": 0, "positiveFeedbackRatio": 0}, "ordersCount": 0, "issueInvoices": false, "deliveryTime": "automated"}, "isSelectedOffer": false, "isPromotedOffer": false, "type": "game", "prices": {"normal": {"price": "2.42", "suggestedPrice": "19.99", "discountPercent": "88", "discountAmount": "17.57", "basePrice": "2.42", "baseSuggestedPrice": "19.99"}, "plus": {"price": "2.18", "suggestedPrice": "19.99", "discountPercent": "89", "discountAmount": "17.81", "basePrice": "2.18", "baseSuggestedPrice": "19.99"}}, "currency": "EUR", "offerType": "instant"}, {"offerID": "13160898", "offerUUID": "9a990611-207f-4ecf-9a01-9c89016b240a", "seller": {"id": "f65b6366-cf92-4c6c-8366-9c97f892a228", "name": "Sythine", "avatarUrl": "", "initials": "Sy", "type": "default", "rating": {"up": 0, "neutral": 0, "down": 0, "positiveFeedbackRatio": 0}, "ordersCount": 0, "issueInvoices": false, "deliveryTime": "automated"}, "isSelectedOffer": false, "isPromotedOffer": false, "type": "game", "prices": {"normal": {"price": "2.51", "suggestedPrice": "19.99", "discountPercent": "87", "discountAmount": "17.48", "basePrice": "2.51", "baseSuggestedPrice": "19.99"}, "plus": {"price": "2.26", "suggestedPrice": "19.99", "discountPercent": "89", "discountAmount": "17.73", "basePrice": "2.26", "baseSuggestedPrice": "19.99"}}, "currency": "EUR", "offerType": "instant"}, {"offerID": "13153083", "offerUUID": "4235c6d3-29a4-4be3-ae24-9a878bb1e170", "seller": {"id": "cf03f2f4-0f87-4107-80d7-6e72d5980a96", "name": "Nobben", "avatarUrl": "", "initials": "No", "type": "default", "rating": {"up": 0, "neutral": 0, "down": 0, "positiveFeedbackRatio": 0}, "ordersCount": 0, "issueInvoices": false, "deliveryTime": "automated"}, "isSelectedOffer": false, "isPromotedOffer": false, "type": "game", "prices": {"normal": {"price": "4.10", "suggestedPrice": "19.99", "discountPercent": "79", "discountAmount": "15.89", "basePrice": "4.10", "baseSuggestedPrice": "19.99"}, "plus": {"price": "3.69", "suggestedPrice": "19.99", "discountPercent": "82", "discountAmount": "16.30", "basePrice": "3.69", "baseSuggestedPrice": "19.99"}}, "currency": "EUR", "offerType": "instant"}, {"offerID": "13161170", "offerUUID": "bec5db34-1f58-4e84-884e-881d85cefb87", "seller": {"id": "ed4f2855-1d44-4fa7-84c1-afe3bcdec608", "name": "Lufian112345", "avatarUrl": "", "initials": "Lu", "type": "default", "rating": {"up": 0, "neutral": 0, "down": 0, "positiveFeedbackRatio": 0}, "ordersCount": 0, "issueInvoices": false, "deliveryTime": "automated"}, "isSelectedOffer": false, "isPromotedOffer": false, "type": "game", "prices": {"normal": {"price": "6.27", "suggestedPrice": "19.99", "discountPercent": "69", "discountAmount": "13.72", "basePrice": "6.27", "baseSuggestedPrice": "19.99"}, "plus": {"price": "5.65", "suggestedPrice": "19.99", "discountPercent": "72", "discountAmount": "14.34", "basePrice": "5.65", "baseSuggestedPrice": "19.99"}}, "currency": "EUR", "offerType": "instant"}], "productType": "digital", "error": null}}