{"data": {"offers": [{"offerID": "13039580", "offerUUID": "8e235523-2b2e-493d-9a91-ba80d6b42ad6", "seller": {"id": "9c5b72dd-941b-46ed-91b2-65ef37169c97", "name": "Gamersuniverse", "avatarUrl": "https://img.g2a.com/96x96/1x0x0/GameUniverse.png/082c50251210454fbb2a26d0", "initials": "Ga", "type": "excellent", "rating": {"up": 75760, "neutral": 5540, "down": 252, "positiveFeedbackRatio": 100}, "ordersCount": 81552, "issueInvoices": false, "deliveryTime": "automated"}, "isSelectedOffer": false, "isPromotedOffer": true, "promotedOffer": {"campaignId": "52", "showId": "4ae22bed-52ce-4d5d-bf8f-793a2d2b85df", "requestId": "|kwZeh7IExS6nJ68pl1f4snK/Af1MK+aEtyLF.ZCodUm5l_8lseIa.QgrMMi_", "skc": "unknown-skc"}, "type": "dropshipping", "prices": {"normal": {"price": "5.08", "suggestedPrice": "49.99", "discountPercent": "90", "discountAmount": "44.91", "basePrice": "5.08", "baseSuggestedPrice": "49.99"}, "plus": {"price": "4.57", "suggestedPrice": "49.99", "discountPercent": "91", "discountAmount": "45.42", "basePrice": "4.57", "baseSuggestedPrice": "49.99"}}, "currency": "EUR", "offerType": "instant"}, {"offerID": "13039581", "offerUUID": "0e1415ff-8345-479d-80bf-12de85c9b663", "seller": {"id": "f74c2d89-9055-4bb6-ad00-c000dbb4a856", "name": "Superbkeys", "avatarUrl": "https://img.g2a.com/96x96/1x0x0/S4.png/4a8b4d3cb4d84c16ba274210", "initials": "Su", "type": "excellent", "rating": {"up": 6220, "neutral": 672, "down": 12, "positiveFeedbackRatio": 100}, "ordersCount": 6904, "issueInvoices": false, "deliveryTime": "automated"}, "isSelectedOffer": false, "isPromotedOffer": false, "type": "dropshipping", "prices": {"normal": {"price": "5.32", "suggestedPrice": "49.99", "discountPercent": "89", "discountAmount": "44.67", "basePrice": "5.32", "baseSuggestedPrice": "49.99"}, "plus": {"price": "4.79", "suggestedPrice": "49.99", "discountPercent": "90", "discountAmount": "45.20", "basePrice": "4.79", "baseSuggestedPrice": "49.99"}}, "currency": "EUR", "offerType": "instant"}, {"offerID": "13039578", "offerUUID": "c58015a0-d9de-49f2-82e0-d24bc45b3370", "seller": {"id": "6075c220-a47c-4c12-a20a-3d3ceab378db", "name": "Gamesdivision", "avatarUrl": "https://img.g2a.com/96x96/1x0x0/G3.png/5f1bf9fe6e3b4f36bc66e372", "initials": "Ga", "type": "excellent", "rating": {"up": 1518, "neutral": 183, "down": 5, "positiveFeedbackRatio": 100}, "ordersCount": 1706, "issueInvoices": false, "deliveryTime": "automated"}, "isSelectedOffer": false, "isPromotedOffer": false, "type": "dropshipping", "prices": {"normal": {"price": "5.35", "suggestedPrice": "49.99", "discountPercent": "89", "discountAmount": "44.64", "basePrice": "5.35", "baseSuggestedPrice": "49.99"}, "plus": {"price": "4.81", "suggestedPrice": "49.99", "discountPercent": "90", "discountAmount": "45.18", "basePrice": "4.81", "baseSuggestedPrice": "49.99"}}, "currency": "EUR", "offerType": "instant"}, {"offerID": "13039579", "offerUUID": "9c978307-c993-4e73-8b4f-0c4b3832b75f", "seller": {"id": "fbe071e1-b0cd-458a-ae46-fe1acfcfca74", "name": "Lancce", "avatarUrl": "https://img.g2a.com/96x96/1x0x0/a.png/1da518f98f4141bb9bd45820", "initials": "La", "type": "default", "rating": {"up": 153, "neutral": 24, "down": 0, "positiveFeedbackRatio": 100}, "ordersCount": 177, "issueInvoices": false, "deliveryTime": null}, "isSelectedOffer": false, "isPromotedOffer": false, "type": "dropshipping", "prices": {"normal": {"price": "5.29", "suggestedPrice": "49.99", "discountPercent": "89", "discountAmount": "44.70", "basePrice": "5.29", "baseSuggestedPrice": "49.99"}, "plus": {"price": "4.77", "suggestedPrice": "49.99", "discountPercent": "90", "discountAmount": "45.22", "basePrice": "4.77", "baseSuggestedPrice": "49.99"}}, "currency": "EUR", "offerType": "instant"}, {"offerID": "13157779", "offerUUID": "aa08f92e-0133-4797-93f2-d195e4c88f53", "seller": {"id": "3aac3984-f3cc-4e77-9a89-770ccbf23757", "name": "Pegasus331", "avatarUrl": "", "initials": "Pe", "type": "default", "rating": {"up": 1, "neutral": 0, "down": 0, "positiveFeedbackRatio": 100}, "ordersCount": 1, "issueInvoices": false, "deliveryTime": null}, "isSelectedOffer": false, "isPromotedOffer": false, "type": "game", "prices": {"normal": {"price": "5.05", "suggestedPrice": "49.99", "discountPercent": "90", "discountAmount": "44.94", "basePrice": "5.05", "baseSuggestedPrice": "49.99"}, "plus": {"price": "4.54", "suggestedPrice": "49.99", "discountPercent": "91", "discountAmount": "45.45", "basePrice": "4.54", "baseSuggestedPrice": "49.99"}}, "currency": "EUR", "offerType": "instant"}, {"offerID": "13158928", "offerUUID": "2cb1a3d9-41dd-4bee-9fa0-063dd85b0676", "seller": {"id": "50dca3b5-bddd-4c0c-a2e8-4b8cfdc90f7b", "name": "Unator", "avatarUrl": "", "initials": "Un", "type": "default", "rating": {"up": 1, "neutral": 0, "down": 0, "positiveFeedbackRatio": 100}, "ordersCount": 1, "issueInvoices": false, "deliveryTime": "automated"}, "isSelectedOffer": false, "isPromotedOffer": false, "type": "game", "prices": {"normal": {"price": "5.03", "suggestedPrice": "49.99", "discountPercent": "90", "discountAmount": "44.96", "basePrice": "5.03", "baseSuggestedPrice": "49.99"}, "plus": {"price": "4.53", "suggestedPrice": "49.99", "discountPercent": "91", "discountAmount": "45.46", "basePrice": "4.53", "baseSuggestedPrice": "49.99"}}, "currency": "EUR", "offerType": "instant"}], "productType": "digital", "error": null}}