{"data": {"offers": [{"offerID": "13059587", "offerUUID": "98bc8ad5-ed5d-4141-a27c-dd9eed737d31", "seller": {"id": "38ed6ae0-3349-491a-96dc-f29b71683885", "name": "Forestgarden", "avatarUrl": "", "initials": "Fo", "type": "excellent", "rating": {"up": 4240, "neutral": 259, "down": 37, "positiveFeedbackRatio": 99}, "ordersCount": 4536, "issueInvoices": false, "deliveryTime": "automated"}, "isSelectedOffer": false, "isPromotedOffer": true, "promotedOffer": {"campaignId": "139", "showId": "c71464f2-f0a7-4120-b12c-8ec2b3b7db6f", "requestId": "|si7ZrFX0MOlEeJw+M9SLFdlfTKQeAyxLBbco.Vy4iCdBI_jFXXtp.uQvx3j_", "skc": "unknown-skc"}, "type": "game", "prices": {"normal": {"price": "21.52", "suggestedPrice": "49.99", "discountPercent": "57", "discountAmount": "28.47", "basePrice": "21.52", "baseSuggestedPrice": "49.99"}, "plus": {"price": "19.37", "suggestedPrice": "49.99", "discountPercent": "61", "discountAmount": "30.62", "basePrice": "19.37", "baseSuggestedPrice": "49.99"}}, "currency": "EUR", "offerType": "instant"}, {"offerID": "13038725", "offerUUID": "06794478-0f66-41a6-bb56-e761f4f6c0e4", "seller": {"id": "9c5b72dd-941b-46ed-91b2-65ef37169c97", "name": "Gamersuniverse", "avatarUrl": "https://img.g2a.com/96x96/1x0x0/GameUniverse.png/082c50251210454fbb2a26d0", "initials": "Ga", "type": "excellent", "rating": {"up": 75760, "neutral": 5540, "down": 252, "positiveFeedbackRatio": 100}, "ordersCount": 81552, "issueInvoices": false, "deliveryTime": "automated"}, "isSelectedOffer": false, "isPromotedOffer": false, "type": "dropshipping", "prices": {"normal": {"price": "5.08", "suggestedPrice": "49.99", "discountPercent": "90", "discountAmount": "44.91", "basePrice": "5.08", "baseSuggestedPrice": "49.99"}, "plus": {"price": "4.57", "suggestedPrice": "49.99", "discountPercent": "91", "discountAmount": "45.42", "basePrice": "4.57", "baseSuggestedPrice": "49.99"}}, "currency": "EUR", "offerType": "instant"}, {"offerID": "13036414", "offerUUID": "b36ab490-f234-4482-9c11-e24f256fe35b", "seller": {"id": "dabd25fb-f026-4d09-96b0-cbbc2b36dc1a", "name": "Instant_game", "avatarUrl": "https://img.g2a.com/96x96/1x0x0/instant-gaming-logo.png/1b629b69bea641d380f9aeac", "initials": "In", "type": "excellent", "rating": {"up": 9437, "neutral": 772, "down": 11, "positiveFeedbackRatio": 100}, "ordersCount": 10220, "issueInvoices": false, "deliveryTime": "automated"}, "isSelectedOffer": false, "isPromotedOffer": false, "type": "dropshipping", "prices": {"normal": {"price": "5.87", "suggestedPrice": "49.99", "discountPercent": "88", "discountAmount": "44.12", "basePrice": "5.87", "baseSuggestedPrice": "49.99"}, "plus": {"price": "5.28", "suggestedPrice": "49.99", "discountPercent": "89", "discountAmount": "44.71", "basePrice": "5.28", "baseSuggestedPrice": "49.99"}}, "currency": "EUR", "offerType": "instant"}, {"offerID": "13037602", "offerUUID": "bfcb8557-6406-4e7d-8e09-a8888ea1d9f6", "seller": {"id": "7ee85a85-32e5-4741-aeff-bede00e135a0", "name": "Fun_keys", "avatarUrl": "https://img.g2a.com/96x96/1x0x0/33.jpg/60313c5b46177c4151397092", "initials": "Fu", "type": "excellent", "rating": {"up": 7812, "neutral": 53, "down": 1, "positiveFeedbackRatio": 100}, "ordersCount": 7866, "issueInvoices": false, "deliveryTime": "automated"}, "isSelectedOffer": false, "isPromotedOffer": false, "type": "game", "prices": {"normal": {"price": "6.50", "suggestedPrice": "49.99", "discountPercent": "87", "discountAmount": "43.49", "basePrice": "6.50", "baseSuggestedPrice": "49.99"}, "plus": {"price": "5.85", "suggestedPrice": "49.99", "discountPercent": "88", "discountAmount": "44.14", "basePrice": "5.85", "baseSuggestedPrice": "49.99"}}, "currency": "EUR", "offerType": "instant"}, {"offerID": "13044400", "offerUUID": "f5cf1b3d-e934-40cb-9614-f40799161b7e", "seller": {"id": "87a62671-876d-4963-947d-db0773420c53", "name": "Golden_games", "avatarUrl": "", "initials": "Go", "type": "excellent", "rating": {"up": 7184, "neutral": 77, "down": 2, "positiveFeedbackRatio": 100}, "ordersCount": 7263, "issueInvoices": false, "deliveryTime": "automated"}, "isSelectedOffer": false, "isPromotedOffer": false, "type": "game", "prices": {"normal": {"price": "4.92", "suggestedPrice": "49.99", "discountPercent": "90", "discountAmount": "45.07", "basePrice": "4.92", "baseSuggestedPrice": "49.99"}, "plus": {"price": "4.43", "suggestedPrice": "49.99", "discountPercent": "91", "discountAmount": "45.56", "basePrice": "4.43", "baseSuggestedPrice": "49.99"}}, "currency": "EUR", "offerType": "instant"}, {"offerID": "13035372", "offerUUID": "651e8582-a598-4c1d-a8e3-947009c8b86f", "seller": {"id": "fd3aa5e6-f89f-4ca5-85e1-6b5061856901", "name": "Codezilla", "avatarUrl": "https://img.g2a.com/96x96/1x0x0/rsz_115939684.png/7f0af52256f74eee8144e6e2", "initials": "Co", "type": "excellent", "rating": {"up": 6766, "neutral": 477, "down": 17, "positiveFeedbackRatio": 100}, "ordersCount": 7260, "issueInvoices": false, "deliveryTime": "automated"}, "isSelectedOffer": false, "isPromotedOffer": false, "type": "dropshipping", "prices": {"normal": {"price": "6.47", "suggestedPrice": "49.99", "discountPercent": "87", "discountAmount": "43.52", "basePrice": "6.47", "baseSuggestedPrice": "49.99"}, "plus": {"price": "5.83", "suggestedPrice": "49.99", "discountPercent": "88", "discountAmount": "44.16", "basePrice": "5.83", "baseSuggestedPrice": "49.99"}}, "currency": "EUR", "offerType": "instant"}, {"offerID": "13160846", "offerUUID": "8985a748-88d5-445f-9380-cbfafb0a8c94", "seller": {"id": "d4d66234-acdc-43df-ad22-d39ac8168528", "name": "Trusted_keys_rep", "avatarUrl": "", "initials": "Tr", "type": "excellent", "rating": {"up": 1849, "neutral": 16, "down": 7, "positiveFeedbackRatio": 100}, "ordersCount": 1872, "issueInvoices": false, "deliveryTime": "automated"}, "isSelectedOffer": false, "isPromotedOffer": false, "type": "game", "prices": {"normal": {"price": "5.01", "suggestedPrice": "49.99", "discountPercent": "90", "discountAmount": "44.98", "basePrice": "5.01", "baseSuggestedPrice": "49.99"}, "plus": {"price": "4.51", "suggestedPrice": "49.99", "discountPercent": "91", "discountAmount": "45.48", "basePrice": "4.51", "baseSuggestedPrice": "49.99"}}, "currency": "EUR", "offerType": "instant"}, {"offerID": "13035699", "offerUUID": "55b78c9d-9bba-4bf1-b91a-460a3a7e627f", "seller": {"id": "d842e4c5-1620-44e9-addc-e0ee1319d19d", "name": "Gold_shop", "avatarUrl": "https://img.g2a.com/96x96/1x0x0/Gold Shop.jpg/13ffda63bc2a4f709625ebeb", "initials": "Go", "type": "excellent", "rating": {"up": 1587, "neutral": 217, "down": 4, "positiveFeedbackRatio": 100}, "ordersCount": 1808, "issueInvoices": false, "deliveryTime": "automated"}, "isSelectedOffer": false, "isPromotedOffer": false, "type": "game", "prices": {"normal": {"price": "19.45", "suggestedPrice": "49.99", "discountPercent": "61", "discountAmount": "30.54", "basePrice": "19.45", "baseSuggestedPrice": "49.99"}, "plus": {"price": "17.50", "suggestedPrice": "49.99", "discountPercent": "65", "discountAmount": "32.49", "basePrice": "17.50", "baseSuggestedPrice": "49.99"}}, "currency": "EUR", "offerType": "instant"}, {"offerID": "13034873", "offerUUID": "186c20b3-202f-45c6-bd12-280d7758131e", "seller": {"id": "6e8329d4-bda3-4623-9a31-3e04305ee0ee", "name": "Luckypickercom", "avatarUrl": "https://img.g2a.com/96x96/1x0x0/favicon-lucky.png/48JdLQWJh5EPxH9cA9kJKd", "initials": "Lu", "type": "excellent", "rating": {"up": 1514, "neutral": 63, "down": 2, "positiveFeedbackRatio": 100}, "ordersCount": 1579, "issueInvoices": false, "deliveryTime": "automated"}, "isSelectedOffer": false, "isPromotedOffer": false, "type": "dropshipping", "prices": {"normal": {"price": "21.15", "suggestedPrice": "49.99", "discountPercent": "58", "discountAmount": "28.84", "basePrice": "21.15", "baseSuggestedPrice": "49.99"}, "plus": {"price": "19.04", "suggestedPrice": "49.99", "discountPercent": "62", "discountAmount": "30.95", "basePrice": "19.04", "baseSuggestedPrice": "49.99"}}, "currency": "EUR", "offerType": "instant"}, {"offerID": "13149372", "offerUUID": "8be186f8-76f7-4b8f-817f-d254162fe814", "seller": {"id": "c8e1f2d4-9dea-4447-8c79-ba7f0fcd989d", "name": "Game_zumba_digital", "avatarUrl": "https://img.g2a.com/96x96/1x0x0/Gamezumba Logo.jpg/410c5c6904ac47c0a67c38fc", "initials": "Ga", "type": "excellent", "rating": {"up": 1377, "neutral": 5, "down": 0, "positiveFeedbackRatio": 100}, "ordersCount": 1382, "issueInvoices": false, "deliveryTime": "automated"}, "isSelectedOffer": false, "isPromotedOffer": false, "type": "game", "prices": {"normal": {"price": "14.96", "suggestedPrice": "49.99", "discountPercent": "70", "discountAmount": "35.03", "basePrice": "14.96", "baseSuggestedPrice": "49.99"}, "plus": {"price": "13.47", "suggestedPrice": "49.99", "discountPercent": "73", "discountAmount": "36.52", "basePrice": "13.47", "baseSuggestedPrice": "49.99"}}, "currency": "EUR", "offerType": "instant"}, {"offerID": "13038081", "offerUUID": "a52dc89d-0d73-4cdb-8bf2-34df8e2695d9", "seller": {"id": "bf6f7908-5f7b-4397-9686-24a364b413cb", "name": "Divigames", "avatarUrl": "https://img.g2a.com/96x96/1x0x0/D_LOGO_3.png/606db6f77e696c70700d8c22", "initials": "Di", "type": "default", "rating": {"up": 967, "neutral": 21, "down": 3, "positiveFeedbackRatio": 100}, "ordersCount": 991, "issueInvoices": false, "deliveryTime": "automated"}, "isSelectedOffer": false, "isPromotedOffer": false, "type": "game", "prices": {"normal": {"price": "15.43", "suggestedPrice": "49.99", "discountPercent": "69", "discountAmount": "34.56", "basePrice": "15.43", "baseSuggestedPrice": "49.99"}, "plus": {"price": "13.89", "suggestedPrice": "49.99", "discountPercent": "72", "discountAmount": "36.10", "basePrice": "13.89", "baseSuggestedPrice": "49.99"}}, "currency": "EUR", "offerType": "instant"}, {"offerID": "13152683", "offerUUID": "74b1251e-4d6e-4aa2-969b-0f0008660783", "seller": {"id": "280c5559-4380-48e2-98a9-e00b948230f7", "name": "Game_park", "avatarUrl": "https://img.g2a.com/96x96/1x0x0/QQ\u622a\u56fe20210609215440.jpg/1797c6ac043b48208c14cdbe", "initials": "Ga", "type": "default", "rating": {"up": 591, "neutral": 7, "down": 0, "positiveFeedbackRatio": 100}, "ordersCount": 598, "issueInvoices": false, "deliveryTime": "automated"}, "isSelectedOffer": false, "isPromotedOffer": false, "type": "game", "prices": {"normal": {"price": "13.04", "suggestedPrice": "49.99", "discountPercent": "74", "discountAmount": "36.95", "basePrice": "13.04", "baseSuggestedPrice": "49.99"}, "plus": {"price": "11.73", "suggestedPrice": "49.99", "discountPercent": "77", "discountAmount": "38.26", "basePrice": "11.73", "baseSuggestedPrice": "49.99"}}, "currency": "EUR", "offerType": "instant"}, {"offerID": "13152835", "offerUUID": "26110fdc-50f4-480a-91c6-3947589bbb63", "seller": {"id": "528ae0f0-1baf-4604-bdea-a8b27bc90417", "name": "True_keys", "avatarUrl": "https://img.g2a.com/96x96/1x0x0/keys-large.png/5AMjnNbDHHSqQsbArpmKPE", "initials": "Tr", "type": "default", "rating": {"up": 273, "neutral": 13, "down": 1, "positiveFeedbackRatio": 100}, "ordersCount": 287, "issueInvoices": false, "deliveryTime": "automated"}, "isSelectedOffer": false, "isPromotedOffer": false, "type": "game", "prices": {"normal": {"price": "8.95", "suggestedPrice": "49.99", "discountPercent": "82", "discountAmount": "41.04", "basePrice": "8.95", "baseSuggestedPrice": "49.99"}, "plus": {"price": "8.06", "suggestedPrice": "49.99", "discountPercent": "84", "discountAmount": "41.93", "basePrice": "8.06", "baseSuggestedPrice": "49.99"}}, "currency": "EUR", "offerType": "instant"}, {"offerID": "13050640", "offerUUID": "8bae0d15-fbb5-4f20-881b-39096372bb05", "seller": {"id": "a7c153fd-c6a5-4528-8669-9d3d0e2b841a", "name": "Cpadw33", "avatarUrl": "https://img.g2a.com/96x96/1x0x0/yezi.jpg/22293405ab884e978485915c", "initials": "Cp", "type": "default", "rating": {"up": 113, "neutral": 8, "down": 0, "positiveFeedbackRatio": 100}, "ordersCount": 121, "issueInvoices": false, "deliveryTime": "automated"}, "isSelectedOffer": false, "isPromotedOffer": false, "type": "game", "prices": {"normal": {"price": "12.99", "suggestedPrice": "49.99", "discountPercent": "74", "discountAmount": "37.00", "basePrice": "12.99", "baseSuggestedPrice": "49.99"}, "plus": {"price": "11.69", "suggestedPrice": "49.99", "discountPercent": "77", "discountAmount": "38.30", "basePrice": "11.69", "baseSuggestedPrice": "49.99"}}, "currency": "EUR", "offerType": "instant"}, {"offerID": "13162208", "offerUUID": "be386393-0560-4f47-9241-98c6117123a3", "seller": {"id": "69ace28c-e1f8-45f3-b27c-0b66a16f75d8", "name": "Magnus_knudsen", "avatarUrl": "", "initials": "Ma", "type": "default", "rating": {"up": 46, "neutral": 3, "down": 0, "positiveFeedbackRatio": 100}, "ordersCount": 49, "issueInvoices": true, "deliveryTime": "automated"}, "isSelectedOffer": false, "isPromotedOffer": false, "type": "game", "prices": {"normal": {"price": "4.57", "suggestedPrice": "49.99", "discountPercent": "91", "discountAmount": "45.42", "basePrice": "4.57", "baseSuggestedPrice": "49.99"}, "plus": {"price": "4.12", "suggestedPrice": "49.99", "discountPercent": "92", "discountAmount": "45.87", "basePrice": "4.12", "baseSuggestedPrice": "49.99"}}, "currency": "EUR", "offerType": "instant"}, {"offerID": "13152813", "offerUUID": "e4c790c6-f8c6-4211-9eda-70aec74b8fd4", "seller": {"id": "11056ced-efe4-4301-a5c0-3692fe189a94", "name": "Seller1337_9", "avatarUrl": "", "initials": "Se", "type": "default", "rating": {"up": 2, "neutral": 0, "down": 0, "positiveFeedbackRatio": 100}, "ordersCount": 2, "issueInvoices": false, "deliveryTime": "automated"}, "isSelectedOffer": false, "isPromotedOffer": false, "type": "game", "prices": {"normal": {"price": "7.53", "suggestedPrice": "49.99", "discountPercent": "85", "discountAmount": "42.46", "basePrice": "7.53", "baseSuggestedPrice": "49.99"}, "plus": {"price": "6.78", "suggestedPrice": "49.99", "discountPercent": "86", "discountAmount": "43.21", "basePrice": "6.78", "baseSuggestedPrice": "49.99"}}, "currency": "EUR", "offerType": "instant"}, {"offerID": "13041457", "offerUUID": "952828e2-7556-4ac8-878f-cbda66c620fb", "seller": {"id": "e578112e-2989-42e0-89e3-94275a1b11c4", "name": "Sacrifice_shop", "avatarUrl": "", "initials": "Sa", "type": "excellent", "rating": {"up": 3844, "neutral": 344, "down": 26, "positiveFeedbackRatio": 99}, "ordersCount": 4214, "issueInvoices": false, "deliveryTime": "automated"}, "isSelectedOffer": false, "isPromotedOffer": false, "type": "game", "prices": {"normal": {"price": "25.80", "suggestedPrice": "49.99", "discountPercent": "48", "discountAmount": "24.19", "basePrice": "25.80", "baseSuggestedPrice": "49.99"}, "plus": {"price": "23.49", "suggestedPrice": "49.99", "discountPercent": "53", "discountAmount": "26.50", "basePrice": "23.49", "baseSuggestedPrice": "49.99"}}, "currency": "EUR", "offerType": "instant"}, {"offerID": "13047018", "offerUUID": "00e8d361-1ff6-4e90-a212-4fc7a986afe6", "seller": {"id": "1d938776-4016-46ed-b989-b4f60bf3fbfd", "name": "We_the_north", "avatarUrl": "https://img.g2a.com/96x96/1x0x0/777.png/6061e1bd7e696c5c30263932", "initials": "We", "type": "excellent", "rating": {"up": 1625, "neutral": 52, "down": 19, "positiveFeedbackRatio": 99}, "ordersCount": 1696, "issueInvoices": false, "deliveryTime": "automated"}, "isSelectedOffer": false, "isPromotedOffer": false, "type": "game", "prices": {"normal": {"price": "13.15", "suggestedPrice": "49.99", "discountPercent": "74", "discountAmount": "36.84", "basePrice": "13.15", "baseSuggestedPrice": "49.99"}, "plus": {"price": "11.84", "suggestedPrice": "49.99", "discountPercent": "76", "discountAmount": "38.15", "basePrice": "11.84", "baseSuggestedPrice": "49.99"}}, "currency": "EUR", "offerType": "instant"}, {"offerID": "13152875", "offerUUID": "c935f005-7d1e-4474-a0b2-7ff958717124", "seller": {"id": "98c43478-2732-499c-a466-520a30a56828", "name": "Rottviler", "avatarUrl": "https://img.g2a.com/96x96/1x0x0/logo.png/b39e84cfa5844877a3ceb4bc", "initials": "Ro", "type": "default", "rating": {"up": 999, "neutral": 79, "down": 11, "positiveFeedbackRatio": 99}, "ordersCount": 1089, "issueInvoices": false, "deliveryTime": "automated"}, "isSelectedOffer": false, "isPromotedOffer": false, "type": "game", "prices": {"normal": {"price": "8.28", "suggestedPrice": "49.99", "discountPercent": "83", "discountAmount": "41.71", "basePrice": "8.28", "baseSuggestedPrice": "49.99"}, "plus": {"price": "7.45", "suggestedPrice": "49.99", "discountPercent": "85", "discountAmount": "42.54", "basePrice": "7.45", "baseSuggestedPrice": "49.99"}}, "currency": "EUR", "offerType": "instant"}, {"offerID": "13061045", "offerUUID": "d400bbd3-df69-4848-9866-2ae7b3cd52b7", "seller": {"id": "63d6ccaf-1cf4-4a23-96bd-20a638b278da", "name": "Royalco", "avatarUrl": "https://img.g2a.com/96x96/1x0x0/RC 100x100.png/602bf8637e696c7e98186dc2", "initials": "Ro", "type": "default", "rating": {"up": 817, "neutral": 195, "down": 8, "positiveFeedbackRatio": 99}, "ordersCount": 1020, "issueInvoices": false, "deliveryTime": "automated"}, "isSelectedOffer": false, "isPromotedOffer": false, "type": "dropshipping", "prices": {"normal": {"price": "25.69", "suggestedPrice": "49.99", "discountPercent": "49", "discountAmount": "24.30", "basePrice": "25.69", "baseSuggestedPrice": "49.99"}, "plus": {"price": "23.39", "suggestedPrice": "49.99", "discountPercent": "53", "discountAmount": "26.60", "basePrice": "23.39", "baseSuggestedPrice": "49.99"}}, "currency": "EUR", "offerType": "instant"}, {"offerID": "13036306", "offerUUID": "19ab26e2-bf2b-4d32-a917-e3c876b46af8", "seller": {"id": "9db279e9-37bc-4bea-9282-d2a7ad64454d", "name": "Instant_delivery_global", "avatarUrl": "https://img.g2a.com/96x96/1x0x0/723d0af616b1fe7d5c7e56a3532be3cd.png/uVj83WkmVBFo2SziRYEn8a", "initials": "In", "type": "excellent", "rating": {"up": 9276, "neutral": 1048, "down": 199, "positiveFeedbackRatio": 98}, "ordersCount": 10523, "issueInvoices": false, "deliveryTime": "automated"}, "isSelectedOffer": false, "isPromotedOffer": false, "type": "game", "prices": {"normal": {"price": "14.68", "suggestedPrice": "49.99", "discountPercent": "71", "discountAmount": "35.31", "basePrice": "14.68", "baseSuggestedPrice": "49.99"}, "plus": {"price": "13.21", "suggestedPrice": "49.99", "discountPercent": "74", "discountAmount": "36.78", "basePrice": "13.21", "baseSuggestedPrice": "49.99"}}, "currency": "EUR", "offerType": "instant"}, {"offerID": "13153194", "offerUUID": "4a8930f0-e88e-4d6d-b49b-eb39951231b8", "seller": {"id": "d2d6c341-5cd8-4b3d-b2cc-76f594429503", "name": "Faser71", "avatarUrl": "", "initials": "Fa", "type": "default", "rating": {"up": 301, "neutral": 17, "down": 11, "positiveFeedbackRatio": 96}, "ordersCount": 329, "issueInvoices": false, "deliveryTime": "automated"}, "isSelectedOffer": false, "isPromotedOffer": false, "type": "game", "prices": {"normal": {"price": "4.60", "suggestedPrice": "49.99", "discountPercent": "91", "discountAmount": "45.39", "basePrice": "4.60", "baseSuggestedPrice": "49.99"}, "plus": {"price": "4.14", "suggestedPrice": "49.99", "discountPercent": "92", "discountAmount": "45.85", "basePrice": "4.14", "baseSuggestedPrice": "49.99"}}, "currency": "EUR", "offerType": "instant"}, {"offerID": "13162042", "offerUUID": "9d10fa80-3b55-4c36-95fd-6e6cfd84b17c", "seller": {"id": "0bcdd405-58f3-45f6-bb87-504d4d39862c", "name": "Lukass_cze", "avatarUrl": "", "initials": "Lu", "type": "default", "rating": {"up": 19, "neutral": 0, "down": 1, "positiveFeedbackRatio": 95}, "ordersCount": 20, "issueInvoices": false, "deliveryTime": "automated"}, "isSelectedOffer": false, "isPromotedOffer": false, "type": "game", "prices": {"normal": {"price": "4.59", "suggestedPrice": "49.99", "discountPercent": "91", "discountAmount": "45.40", "basePrice": "4.59", "baseSuggestedPrice": "49.99"}, "plus": {"price": "4.13", "suggestedPrice": "49.99", "discountPercent": "92", "discountAmount": "45.86", "basePrice": "4.13", "baseSuggestedPrice": "49.99"}}, "currency": "EUR", "offerType": "instant"}, {"offerID": "13158877", "offerUUID": "2cb6cefc-0323-4b1c-a36d-b07526f83216", "seller": {"id": "b4aa1194-40b6-4bab-891f-9cf42ca1b604", "name": "Carlosgamingg", "avatarUrl": "", "initials": "Ca", "type": "default", "rating": {"up": 1, "neutral": 0, "down": 2, "positiveFeedbackRatio": 33}, "ordersCount": 3, "issueInvoices": false, "deliveryTime": null}, "isSelectedOffer": false, "isPromotedOffer": false, "type": "game", "prices": {"normal": {"price": "9.32", "suggestedPrice": "49.99", "discountPercent": "81", "discountAmount": "40.67", "basePrice": "9.32", "baseSuggestedPrice": "49.99"}, "plus": {"price": "8.39", "suggestedPrice": "49.99", "discountPercent": "83", "discountAmount": "41.60", "basePrice": "8.39", "baseSuggestedPrice": "49.99"}}, "currency": "EUR", "offerType": "instant"}, {"offerID": "13161708", "offerUUID": "576c4790-9861-41ac-95b7-58bdeb9144c2", "seller": {"id": "fbef398d-6404-4337-b94e-11a65e9379be", "name": "Dragonlord3688", "avatarUrl": "", "initials": "Dr", "type": "default", "rating": {"up": 0, "neutral": 0, "down": 0, "positiveFeedbackRatio": 0}, "ordersCount": 0, "issueInvoices": false, "deliveryTime": "automated"}, "isSelectedOffer": false, "isPromotedOffer": false, "type": "game", "prices": {"normal": {"price": "4.97", "suggestedPrice": "49.99", "discountPercent": "90", "discountAmount": "45.02", "basePrice": "4.97", "baseSuggestedPrice": "49.99"}, "plus": {"price": "4.47", "suggestedPrice": "49.99", "discountPercent": "91", "discountAmount": "45.52", "basePrice": "4.47", "baseSuggestedPrice": "49.99"}}, "currency": "EUR", "offerType": "instant"}, {"offerID": "13161366", "offerUUID": "215459fc-0dd9-4b7c-a072-941dca7574ff", "seller": {"id": "fa84bd75-6852-481c-8b8b-27b671b04d34", "name": "19youngj", "avatarUrl": "", "initials": "19", "type": "default", "rating": {"up": 0, "neutral": 0, "down": 0, "positiveFeedbackRatio": 0}, "ordersCount": 0, "issueInvoices": false, "deliveryTime": null}, "isSelectedOffer": false, "isPromotedOffer": false, "type": "game", "prices": {"normal": {"price": "4.98", "suggestedPrice": "49.99", "discountPercent": "90", "discountAmount": "45.01", "basePrice": "4.98", "baseSuggestedPrice": "49.99"}, "plus": {"price": "4.49", "suggestedPrice": "49.99", "discountPercent": "91", "discountAmount": "45.50", "basePrice": "4.49", "baseSuggestedPrice": "49.99"}}, "currency": "EUR", "offerType": "instant"}, {"offerID": "13162007", "offerUUID": "b2300c44-e222-43b0-be76-5e19ff1af8e7", "seller": {"id": "704be557-bdcd-4ddb-9ed5-a50f9cac8902", "name": "Progamer1987", "avatarUrl": "", "initials": "Pr", "type": "default", "rating": {"up": 0, "neutral": 0, "down": 0, "positiveFeedbackRatio": 0}, "ordersCount": 0, "issueInvoices": false, "deliveryTime": "automated"}, "isSelectedOffer": false, "isPromotedOffer": false, "type": "game", "prices": {"normal": {"price": "4.98", "suggestedPrice": "49.99", "discountPercent": "90", "discountAmount": "45.01", "basePrice": "4.98", "baseSuggestedPrice": "49.99"}, "plus": {"price": "4.49", "suggestedPrice": "49.99", "discountPercent": "91", "discountAmount": "45.50", "basePrice": "4.49", "baseSuggestedPrice": "49.99"}}, "currency": "EUR", "offerType": "instant"}, {"offerID": "13161165", "offerUUID": "1140932a-fff5-4fc3-afde-88a4db88e485", "seller": {"id": "ed4f2855-1d44-4fa7-84c1-afe3bcdec608", "name": "Lufian112345", "avatarUrl": "", "initials": "Lu", "type": "default", "rating": {"up": 0, "neutral": 0, "down": 0, "positiveFeedbackRatio": 0}, "ordersCount": 0, "issueInvoices": false, "deliveryTime": "automated"}, "isSelectedOffer": false, "isPromotedOffer": false, "type": "game", "prices": {"normal": {"price": "5.00", "suggestedPrice": "49.99", "discountPercent": "90", "discountAmount": "44.99", "basePrice": "5.00", "baseSuggestedPrice": "49.99"}, "plus": {"price": "4.50", "suggestedPrice": "49.99", "discountPercent": "91", "discountAmount": "45.49", "basePrice": "4.50", "baseSuggestedPrice": "49.99"}}, "currency": "EUR", "offerType": "instant"}, {"offerID": "13157471", "offerUUID": "a1c19097-f51e-49d0-9e02-a2aed89e7947", "seller": {"id": "4800b483-6248-4434-96f1-fa23f6669fd5", "name": "Diabluto", "avatarUrl": "", "initials": "Di", "type": "default", "rating": {"up": 0, "neutral": 0, "down": 0, "positiveFeedbackRatio": 0}, "ordersCount": 0, "issueInvoices": false, "deliveryTime": "automated"}, "isSelectedOffer": false, "isPromotedOffer": false, "type": "game", "prices": {"normal": {"price": "5.27", "suggestedPrice": "49.99", "discountPercent": "89", "discountAmount": "44.72", "basePrice": "5.27", "baseSuggestedPrice": "49.99"}, "plus": {"price": "4.74", "suggestedPrice": "49.99", "discountPercent": "91", "discountAmount": "45.25", "basePrice": "4.74", "baseSuggestedPrice": "49.99"}}, "currency": "EUR", "offerType": "instant"}, {"offerID": "13153072", "offerUUID": "2d7f96e1-8672-404e-bc75-26697c3f54e1", "seller": {"id": "cf03f2f4-0f87-4107-80d7-6e72d5980a96", "name": "Nobben", "avatarUrl": "", "initials": "No", "type": "default", "rating": {"up": 0, "neutral": 0, "down": 0, "positiveFeedbackRatio": 0}, "ordersCount": 0, "issueInvoices": false, "deliveryTime": "automated"}, "isSelectedOffer": false, "isPromotedOffer": false, "type": "game", "prices": {"normal": {"price": "6.27", "suggestedPrice": "49.99", "discountPercent": "87", "discountAmount": "43.72", "basePrice": "6.27", "baseSuggestedPrice": "49.99"}, "plus": {"price": "5.65", "suggestedPrice": "49.99", "discountPercent": "89", "discountAmount": "44.34", "basePrice": "5.65", "baseSuggestedPrice": "49.99"}}, "currency": "EUR", "offerType": "instant"}, {"offerID": "13160520", "offerUUID": "638ab6a5-f2e5-4b88-890d-8961615beeb3", "seller": {"id": "b9bd0ae1-99a1-49c8-9e9d-2b873ce7b1db", "name": "Theelder122", "avatarUrl": "", "initials": "Th", "type": "default", "rating": {"up": 0, "neutral": 0, "down": 0, "positiveFeedbackRatio": 0}, "ordersCount": 0, "issueInvoices": false, "deliveryTime": null}, "isSelectedOffer": false, "isPromotedOffer": false, "type": "game", "prices": {"normal": {"price": "8.16", "suggestedPrice": "49.99", "discountPercent": "84", "discountAmount": "41.83", "basePrice": "8.16", "baseSuggestedPrice": "49.99"}, "plus": {"price": "7.34", "suggestedPrice": "49.99", "discountPercent": "85", "discountAmount": "42.65", "basePrice": "7.34", "baseSuggestedPrice": "49.99"}}, "currency": "EUR", "offerType": "instant"}, {"offerID": "13152894", "offerUUID": "2afab596-cece-4fd4-82a4-a5b929c08ff2", "seller": {"id": "490521c5-b5cb-4763-8db9-02370912defa", "name": "Lelouchbrit", "avatarUrl": "", "initials": "Le", "type": "default", "rating": {"up": 0, "neutral": 0, "down": 0, "positiveFeedbackRatio": 0}, "ordersCount": 0, "issueInvoices": false, "deliveryTime": "automated"}, "isSelectedOffer": false, "isPromotedOffer": false, "type": "game", "prices": {"normal": {"price": "9.27", "suggestedPrice": "49.99", "discountPercent": "81", "discountAmount": "40.72", "basePrice": "9.27", "baseSuggestedPrice": "49.99"}, "plus": {"price": "8.35", "suggestedPrice": "49.99", "discountPercent": "83", "discountAmount": "41.64", "basePrice": "8.35", "baseSuggestedPrice": "49.99"}}, "currency": "EUR", "offerType": "instant"}], "productType": "digital", "error": null}}