{"data": {"offers": [{"offerID": "13036809", "offerUUID": "6eb1f344-5242-4467-a2c0-c6bf2e4e1654", "seller": {"id": "df6d1682-f4b1-447e-bafc-9608a3850d82", "name": "Games4world", "avatarUrl": "https://img.g2a.com/96x96/1x0x0/uarantee-badge-fast-delivery-logo-11563011011jf18lxafmj.png/8c2abdd9c0c14d10b05ddec2", "initials": "Ga", "type": "excellent", "rating": {"up": 3187, "neutral": 638, "down": 4, "positiveFeedbackRatio": 100}, "ordersCount": 3829, "issueInvoices": false, "deliveryTime": "automated"}, "isSelectedOffer": false, "isPromotedOffer": true, "promotedOffer": {"campaignId": "50", "showId": "c018bf2b-d54b-4565-b679-a71d881cbd97", "requestId": "|zeN+8izRrqT6qJNen6z2I7drN5p6lBMAcJsX.BHU5idh4_h4Qm51.6Z32TL_", "skc": "unknown-skc"}, "type": "dropshipping", "prices": {"normal": {"price": "25.49", "discountPercent": "0", "discountAmount": "0.00", "basePrice": "25.49"}, "plus": {"price": "23.21", "suggestedPrice": "25.49", "discountPercent": "9", "discountAmount": "2.28", "basePrice": "23.21", "baseSuggestedPrice": "25.49"}}, "currency": "EUR", "offerType": "instant"}, {"offerID": "12502101", "offerUUID": "45ef900e-3564-440e-9d3d-cf8817b47b2e", "seller": {"id": "9c5b72dd-941b-46ed-91b2-65ef37169c97", "name": "Gamersuniverse", "avatarUrl": "https://img.g2a.com/96x96/1x0x0/GameUniverse.png/082c50251210454fbb2a26d0", "initials": "Ga", "type": "excellent", "rating": {"up": 75760, "neutral": 5540, "down": 252, "positiveFeedbackRatio": 100}, "ordersCount": 81552, "issueInvoices": false, "deliveryTime": "automated"}, "isSelectedOffer": false, "isPromotedOffer": false, "type": "dropshipping", "prices": {"normal": {"price": "21.94", "discountPercent": "0", "discountAmount": "0.00", "basePrice": "21.94"}, "plus": {"price": "19.74", "suggestedPrice": "21.94", "discountPercent": "10", "discountAmount": "2.20", "basePrice": "19.74", "baseSuggestedPrice": "21.94"}}, "currency": "EUR", "offerType": "instant"}, {"offerID": "12756844", "offerUUID": "ecb9dcc4-ad42-4a34-b084-7dfe1639df98", "seller": {"id": "dabd25fb-f026-4d09-96b0-cbbc2b36dc1a", "name": "Instant_game", "avatarUrl": "https://img.g2a.com/96x96/1x0x0/instant-gaming-logo.png/1b629b69bea641d380f9aeac", "initials": "In", "type": "excellent", "rating": {"up": 9437, "neutral": 772, "down": 11, "positiveFeedbackRatio": 100}, "ordersCount": 10220, "issueInvoices": false, "deliveryTime": "automated"}, "isSelectedOffer": false, "isPromotedOffer": false, "type": "dropshipping", "prices": {"normal": {"price": "24.50", "discountPercent": "0", "discountAmount": "0.00", "basePrice": "24.50"}, "plus": {"price": "22.07", "suggestedPrice": "24.50", "discountPercent": "10", "discountAmount": "2.43", "basePrice": "22.07", "baseSuggestedPrice": "24.50"}}, "currency": "EUR", "offerType": "instant"}, {"offerID": "12646451", "offerUUID": "a832dd24-3ecf-4965-84bf-3cd18e91ca31", "seller": {"id": "fd3aa5e6-f89f-4ca5-85e1-6b5061856901", "name": "Codezilla", "avatarUrl": "https://img.g2a.com/96x96/1x0x0/rsz_115939684.png/7f0af52256f74eee8144e6e2", "initials": "Co", "type": "excellent", "rating": {"up": 6766, "neutral": 477, "down": 17, "positiveFeedbackRatio": 100}, "ordersCount": 7260, "issueInvoices": false, "deliveryTime": "automated"}, "isSelectedOffer": false, "isPromotedOffer": false, "type": "dropshipping", "prices": {"normal": {"price": "25.47", "discountPercent": "0", "discountAmount": "0.00", "basePrice": "25.47"}, "plus": {"price": "23.19", "suggestedPrice": "25.47", "discountPercent": "9", "discountAmount": "2.28", "basePrice": "23.19", "baseSuggestedPrice": "25.47"}}, "currency": "EUR", "offerType": "instant"}, {"offerID": "11710322", "offerUUID": "4fc66ce3-94a6-4751-bce2-f7ab6b174edb", "seller": {"id": "f74c2d89-9055-4bb6-ad00-c000dbb4a856", "name": "Superbkeys", "avatarUrl": "https://img.g2a.com/96x96/1x0x0/S4.png/4a8b4d3cb4d84c16ba274210", "initials": "Su", "type": "excellent", "rating": {"up": 6220, "neutral": 672, "down": 12, "positiveFeedbackRatio": 100}, "ordersCount": 6904, "issueInvoices": false, "deliveryTime": "automated"}, "isSelectedOffer": false, "isPromotedOffer": false, "type": "dropshipping", "prices": {"normal": {"price": "22.42", "discountPercent": "0", "discountAmount": "0.00", "basePrice": "22.42"}, "plus": {"price": "20.17", "suggestedPrice": "22.42", "discountPercent": "10", "discountAmount": "2.25", "basePrice": "20.17", "baseSuggestedPrice": "22.42"}}, "currency": "EUR", "offerType": "instant"}, {"offerID": "12258880", "offerUUID": "56b0a626-2273-4b30-93d0-83efaa59aeb5", "seller": {"id": "6075c220-a47c-4c12-a20a-3d3ceab378db", "name": "Gamesdivision", "avatarUrl": "https://img.g2a.com/96x96/1x0x0/G3.png/5f1bf9fe6e3b4f36bc66e372", "initials": "Ga", "type": "excellent", "rating": {"up": 1518, "neutral": 183, "down": 5, "positiveFeedbackRatio": 100}, "ordersCount": 1706, "issueInvoices": false, "deliveryTime": "automated"}, "isSelectedOffer": false, "isPromotedOffer": false, "type": "dropshipping", "prices": {"normal": {"price": "22.52", "discountPercent": "0", "discountAmount": "0.00", "basePrice": "22.52"}, "plus": {"price": "20.27", "suggestedPrice": "22.52", "discountPercent": "10", "discountAmount": "2.25", "basePrice": "20.27", "baseSuggestedPrice": "22.52"}}, "currency": "EUR", "offerType": "instant"}, {"offerID": "12558113", "offerUUID": "97e2e257-278b-4519-84ef-0981429d5623", "seller": {"id": "fbe071e1-b0cd-458a-ae46-fe1acfcfca74", "name": "Lancce", "avatarUrl": "https://img.g2a.com/96x96/1x0x0/a.png/1da518f98f4141bb9bd45820", "initials": "La", "type": "default", "rating": {"up": 153, "neutral": 24, "down": 0, "positiveFeedbackRatio": 100}, "ordersCount": 177, "issueInvoices": false, "deliveryTime": null}, "isSelectedOffer": false, "isPromotedOffer": false, "type": "dropshipping", "prices": {"normal": {"price": "22.65", "discountPercent": "0", "discountAmount": "0.00", "basePrice": "22.65"}, "plus": {"price": "20.39", "suggestedPrice": "22.65", "discountPercent": "10", "discountAmount": "2.26", "basePrice": "20.39", "baseSuggestedPrice": "22.65"}}, "currency": "EUR", "offerType": "instant"}, {"offerID": "13162053", "offerUUID": "59104605-5cc6-4e9f-8d0e-f28722c0a26d", "seller": {"id": "95be70f3-d1fe-48c4-a3c2-d931028fcb81", "name": "Charizard300", "avatarUrl": "", "initials": "Ch", "type": "default", "rating": {"up": 1, "neutral": 0, "down": 0, "positiveFeedbackRatio": 100}, "ordersCount": 1, "issueInvoices": false, "deliveryTime": "automated"}, "isSelectedOffer": false, "isPromotedOffer": false, "type": "game", "prices": {"normal": {"price": "16.19", "discountPercent": "0", "discountAmount": "0.00", "basePrice": "16.19"}, "plus": {"price": "14.57", "suggestedPrice": "16.19", "discountPercent": "10", "discountAmount": "1.62", "basePrice": "14.57", "baseSuggestedPrice": "16.19"}}, "currency": "EUR", "offerType": "instant"}, {"offerID": "12380669", "offerUUID": "08af232e-20fd-4622-a61a-31fb8e266ad8", "seller": {"id": "98c43478-2732-499c-a466-520a30a56828", "name": "Rottviler", "avatarUrl": "https://img.g2a.com/96x96/1x0x0/logo.png/b39e84cfa5844877a3ceb4bc", "initials": "Ro", "type": "default", "rating": {"up": 999, "neutral": 79, "down": 11, "positiveFeedbackRatio": 99}, "ordersCount": 1089, "issueInvoices": false, "deliveryTime": "automated"}, "isSelectedOffer": false, "isPromotedOffer": false, "type": "game", "prices": {"normal": {"price": "22.32", "discountPercent": "0", "discountAmount": "0.00", "basePrice": "22.32"}, "plus": {"price": "20.08", "suggestedPrice": "22.32", "discountPercent": "10", "discountAmount": "2.24", "basePrice": "20.08", "baseSuggestedPrice": "22.32"}}, "currency": "EUR", "offerType": "instant"}, {"offerID": "10539288", "offerUUID": "774f5a6e-7ec9-4ac9-b80b-486d32d3a3ee", "seller": {"id": "26c3a44d-9f8f-4fa9-b3c7-3f855b74284c", "name": "Retaildepot", "avatarUrl": "", "initials": "Re", "type": "excellent", "rating": {"up": 1810, "neutral": 54, "down": 96, "positiveFeedbackRatio": 95}, "ordersCount": 1960, "issueInvoices": false, "deliveryTime": "automated"}, "isSelectedOffer": false, "isPromotedOffer": false, "type": "game", "prices": {"normal": {"price": "19.36", "discountPercent": "0", "discountAmount": "0.00", "basePrice": "19.36"}, "plus": {"price": "17.43", "suggestedPrice": "19.36", "discountPercent": "10", "discountAmount": "1.93", "basePrice": "17.43", "baseSuggestedPrice": "19.36"}}, "currency": "EUR", "offerType": "instant"}, {"offerID": "13097917", "offerUUID": "d1fce809-a67b-4cd2-a326-5337e3a262f1", "seller": {"id": "e0c674d0-a7ec-41e4-bce0-7f8e5dc50cb4", "name": "Gameshop_for_you", "avatarUrl": "", "initials": "Ga", "type": "default", "rating": {"up": 329, "neutral": 18, "down": 31, "positiveFeedbackRatio": 91}, "ordersCount": 378, "issueInvoices": false, "deliveryTime": "automated"}, "isSelectedOffer": false, "isPromotedOffer": false, "type": "game", "prices": {"normal": {"price": "20.40", "discountPercent": "0", "discountAmount": "0.00", "basePrice": "20.40"}, "plus": {"price": "18.36", "suggestedPrice": "20.40", "discountPercent": "10", "discountAmount": "2.04", "basePrice": "18.36", "baseSuggestedPrice": "20.40"}}, "currency": "EUR", "offerType": "instant"}, {"offerID": "13148867", "offerUUID": "14c571f5-5bfb-4420-87e3-36f3088ede6a", "seller": {"id": "a33768fe-1ced-4c84-b34a-e4faf63e69a6", "name": "Natural_gaming", "avatarUrl": "", "initials": "Na", "type": "default", "rating": {"up": 0, "neutral": 0, "down": 0, "positiveFeedbackRatio": 0}, "ordersCount": 0, "issueInvoices": false, "deliveryTime": "automated"}, "isSelectedOffer": false, "isPromotedOffer": false, "type": "game", "prices": {"normal": {"price": "20.58", "discountPercent": "0", "discountAmount": "0.00", "basePrice": "20.58"}, "plus": {"price": "18.52", "suggestedPrice": "20.58", "discountPercent": "10", "discountAmount": "2.06", "basePrice": "18.52", "baseSuggestedPrice": "20.58"}}, "currency": "EUR", "offerType": "instant"}], "productType": "digital", "error": null}}