{"data": {"offers": [{"offerID": "12953131", "offerUUID": "acc3d311-ed74-416a-8b9a-492cec90d70d", "seller": {"id": "df6d1682-f4b1-447e-bafc-9608a3850d82", "name": "Games4world", "avatarUrl": "https://img.g2a.com/96x96/1x0x0/uarantee-badge-fast-delivery-logo-11563011011jf18lxafmj.png/8c2abdd9c0c14d10b05ddec2", "initials": "Ga", "type": "excellent", "rating": {"up": 3192, "neutral": 639, "down": 4, "positiveFeedbackRatio": 100}, "ordersCount": 3835, "issueInvoices": false, "deliveryTime": "automated"}, "isSelectedOffer": false, "isPromotedOffer": true, "promotedOffer": {"campaignId": "50", "showId": "1bc701e3-cfde-4574-bcec-5a7513687483", "requestId": "|PtBSwSQT7mD1NAuTkQ+MFUUJi9PRxMwdSpTt.NCz/2ky6_eM7zoV.wjs2wm_", "skc": "unknown-skc"}, "type": "dropshipping", "prices": {"normal": {"price": "40.36", "discountPercent": "0", "discountAmount": "0.00", "basePrice": "40.36"}, "plus": {"price": "40.36", "discountPercent": "0", "discountAmount": "0.00", "basePrice": "40.36"}}, "currency": "EUR", "offerType": "instant"}], "productType": "digital", "error": null}}