{"data": {"offers": [{"offerID": "12886305", "offerUUID": "e6dd2631-b060-4866-9019-84e9fb0ad8d9", "seller": {"id": "dabd25fb-f026-4d09-96b0-cbbc2b36dc1a", "name": "Instant_game", "avatarUrl": "https://img.g2a.com/96x96/1x0x0/instant-gaming-logo.png/1b629b69bea641d380f9aeac", "initials": "In", "type": "excellent", "rating": {"up": 9415, "neutral": 772, "down": 8, "positiveFeedbackRatio": 100}, "ordersCount": 10195, "issueInvoices": false, "deliveryTime": "automated"}, "isSelectedOffer": false, "isPromotedOffer": false, "type": "dropshipping", "prices": {"normal": {"price": "2.96", "suggestedPrice": "14.99", "discountPercent": "80", "discountAmount": "12.03", "basePrice": "2.96", "baseSuggestedPrice": "14.99"}, "plus": {"price": "2.67", "suggestedPrice": "14.99", "discountPercent": "82", "discountAmount": "12.32", "basePrice": "2.67", "baseSuggestedPrice": "14.99"}}, "currency": "EUR", "offerType": "instant"}, {"offerID": "13140103", "offerUUID": "9f3b8e07-28ea-4440-8a76-c65b934aba80", "seller": {"id": "7ee85a85-32e5-4741-aeff-bede00e135a0", "name": "Fun_keys", "avatarUrl": "https://img.g2a.com/96x96/1x0x0/33.jpg/60313c5b46177c4151397092", "initials": "Fu", "type": "excellent", "rating": {"up": 7824, "neutral": 53, "down": 1, "positiveFeedbackRatio": 100}, "ordersCount": 7878, "issueInvoices": false, "deliveryTime": "automated"}, "isSelectedOffer": false, "isPromotedOffer": false, "type": "game", "prices": {"normal": {"price": "3.51", "suggestedPrice": "14.99", "discountPercent": "77", "discountAmount": "11.48", "basePrice": "3.51", "baseSuggestedPrice": "14.99"}, "plus": {"price": "3.16", "suggestedPrice": "14.99", "discountPercent": "79", "discountAmount": "11.83", "basePrice": "3.16", "baseSuggestedPrice": "14.99"}}, "currency": "EUR", "offerType": "instant"}, {"offerID": "13152336", "offerUUID": "9895701f-2b6f-4fd1-8ee5-d30dc7b84dae", "seller": {"id": "87a62671-876d-4963-947d-db0773420c53", "name": "Golden_games", "avatarUrl": "", "initials": "Go", "type": "excellent", "rating": {"up": 7183, "neutral": 77, "down": 2, "positiveFeedbackRatio": 100}, "ordersCount": 7262, "issueInvoices": false, "deliveryTime": "automated"}, "isSelectedOffer": false, "isPromotedOffer": false, "type": "game", "prices": {"normal": {"price": "2.82", "suggestedPrice": "14.99", "discountPercent": "81", "discountAmount": "12.17", "basePrice": "2.82", "baseSuggestedPrice": "14.99"}, "plus": {"price": "2.54", "suggestedPrice": "14.99", "discountPercent": "83", "discountAmount": "12.45", "basePrice": "2.54", "baseSuggestedPrice": "14.99"}}, "currency": "EUR", "offerType": "instant"}, {"offerID": "13158580", "offerUUID": "3498c633-fdec-4436-94dc-50fa448d99b4", "seller": {"id": "8166753e-8645-4d4a-b0f9-4f8a92178c6e", "name": "Prestige_worldwide", "avatarUrl": "https://img.g2a.com/96x96/1x0x0/51bfzi5yUZL._AC_.jpg/602fd90146177c290c4f8e42", "initials": "Pr", "type": "excellent", "rating": {"up": 2557, "neutral": 103, "down": 1, "positiveFeedbackRatio": 100}, "ordersCount": 2661, "issueInvoices": false, "deliveryTime": "automated"}, "isSelectedOffer": false, "isPromotedOffer": false, "type": "game", "prices": {"normal": {"price": "2.31", "suggestedPrice": "14.99", "discountPercent": "85", "discountAmount": "12.68", "basePrice": "2.31", "baseSuggestedPrice": "14.99"}, "plus": {"price": "2.08", "suggestedPrice": "14.99", "discountPercent": "86", "discountAmount": "12.91", "basePrice": "2.08", "baseSuggestedPrice": "14.99"}}, "currency": "EUR", "offerType": "instant"}, {"offerID": "13136235", "offerUUID": "783f11ba-a032-443b-a5f7-7ce6fa06f5fa", "seller": {"id": "d4d66234-acdc-43df-ad22-d39ac8168528", "name": "Trusted_keys_rep", "avatarUrl": "", "initials": "Tr", "type": "excellent", "rating": {"up": 1843, "neutral": 16, "down": 4, "positiveFeedbackRatio": 100}, "ordersCount": 1863, "issueInvoices": false, "deliveryTime": "automated"}, "isSelectedOffer": false, "isPromotedOffer": false, "type": "game", "prices": {"normal": {"price": "2.42", "suggestedPrice": "14.99", "discountPercent": "84", "discountAmount": "12.57", "basePrice": "2.42", "baseSuggestedPrice": "14.99"}, "plus": {"price": "2.18", "suggestedPrice": "14.99", "discountPercent": "85", "discountAmount": "12.81", "basePrice": "2.18", "baseSuggestedPrice": "14.99"}}, "currency": "EUR", "offerType": "instant"}, {"offerID": "13140155", "offerUUID": "80a03450-50f6-42d0-b8ee-aac97a22c58c", "seller": {"id": "6c5ab025-1211-430c-a49e-38436456161a", "name": "Arcgames", "avatarUrl": "https://img.g2a.com/96x96/1x0x0/android-chrome-192x192.png/602be5947e696c3eec39cd92", "initials": "Ar", "type": "default", "rating": {"up": 365, "neutral": 15, "down": 0, "positiveFeedbackRatio": 100}, "ordersCount": 380, "issueInvoices": false, "deliveryTime": "automated"}, "isSelectedOffer": false, "isPromotedOffer": false, "type": "game", "prices": {"normal": {"price": "4.96", "suggestedPrice": "14.99", "discountPercent": "67", "discountAmount": "10.03", "basePrice": "4.96", "baseSuggestedPrice": "14.99"}, "plus": {"price": "4.47", "suggestedPrice": "14.99", "discountPercent": "70", "discountAmount": "10.52", "basePrice": "4.47", "baseSuggestedPrice": "14.99"}}, "currency": "EUR", "offerType": "instant"}, {"offerID": "13161379", "offerUUID": "cb8d2f10-293c-434a-9c03-2de35a584b91", "seller": {"id": "1e582949-8655-4a7f-87a9-b90a1c78d161", "name": "Yksha_x", "avatarUrl": "", "initials": "Yk", "type": "default", "rating": {"up": 2, "neutral": 0, "down": 0, "positiveFeedbackRatio": 100}, "ordersCount": 2, "issueInvoices": false, "deliveryTime": "automated"}, "isSelectedOffer": false, "isPromotedOffer": false, "type": "game", "prices": {"normal": {"price": "2.30", "suggestedPrice": "14.99", "discountPercent": "85", "discountAmount": "12.69", "basePrice": "2.30", "baseSuggestedPrice": "14.99"}, "plus": {"price": "2.07", "suggestedPrice": "14.99", "discountPercent": "86", "discountAmount": "12.92", "basePrice": "2.07", "baseSuggestedPrice": "14.99"}}, "currency": "EUR", "offerType": "instant"}, {"offerID": "13150299", "offerUUID": "705aa262-4f09-4e84-9d92-1d2373df01ba", "seller": {"id": "cf276628-5b2b-46f6-9243-50b44628941d", "name": "Game_garden", "avatarUrl": "", "initials": "Ga", "type": "excellent", "rating": {"up": 1328, "neutral": 11, "down": 9, "positiveFeedbackRatio": 99}, "ordersCount": 1348, "issueInvoices": false, "deliveryTime": "automated"}, "isSelectedOffer": false, "isPromotedOffer": false, "type": "game", "prices": {"normal": {"price": "2.28", "suggestedPrice": "14.99", "discountPercent": "85", "discountAmount": "12.71", "basePrice": "2.28", "baseSuggestedPrice": "14.99"}, "plus": {"price": "2.05", "suggestedPrice": "14.99", "discountPercent": "86", "discountAmount": "12.94", "basePrice": "2.05", "baseSuggestedPrice": "14.99"}}, "currency": "EUR", "offerType": "instant"}, {"offerID": "13152786", "offerUUID": "d29dd158-24f1-4d51-aa14-7030e5c10edf", "seller": {"id": "ff3f5d20-1f84-421e-bafb-f71e877efba4", "name": "Gks_store", "avatarUrl": "", "initials": "Gk", "type": "default", "rating": {"up": 660, "neutral": 27, "down": 5, "positiveFeedbackRatio": 99}, "ordersCount": 692, "issueInvoices": false, "deliveryTime": "automated"}, "isSelectedOffer": false, "isPromotedOffer": false, "type": "game", "prices": {"normal": {"price": "2.55", "suggestedPrice": "14.99", "discountPercent": "83", "discountAmount": "12.44", "basePrice": "2.55", "baseSuggestedPrice": "14.99"}, "plus": {"price": "2.30", "suggestedPrice": "14.99", "discountPercent": "85", "discountAmount": "12.69", "basePrice": "2.30", "baseSuggestedPrice": "14.99"}}, "currency": "EUR", "offerType": "instant"}, {"offerID": "13139985", "offerUUID": "f8125552-6c53-4993-8f35-863ad66f9b2e", "seller": {"id": "249f59fa-1f19-46b2-9430-74edb0280257", "name": "Squirum", "avatarUrl": "", "initials": "Sq", "type": "default", "rating": {"up": 487, "neutral": 3, "down": 4, "positiveFeedbackRatio": 99}, "ordersCount": 494, "issueInvoices": false, "deliveryTime": "automated"}, "isSelectedOffer": false, "isPromotedOffer": false, "type": "game", "prices": {"normal": {"price": "3.07", "suggestedPrice": "14.99", "discountPercent": "80", "discountAmount": "11.92", "basePrice": "3.07", "baseSuggestedPrice": "14.99"}, "plus": {"price": "2.76", "suggestedPrice": "14.99", "discountPercent": "82", "discountAmount": "12.23", "basePrice": "2.76", "baseSuggestedPrice": "14.99"}}, "currency": "EUR", "offerType": "instant"}, {"offerID": "13143155", "offerUUID": "878c9175-e145-493b-8484-778b162a6f28", "seller": {"id": "764e5cd3-b5a5-4426-9edc-8a4575fdac31", "name": "Mygamesoft", "avatarUrl": "https://img.g2a.com/96x96/1x0x0/s-l500.jpg/baca203354c64d2ea71265de", "initials": "My", "type": "default", "rating": {"up": 105, "neutral": 1, "down": 4, "positiveFeedbackRatio": 96}, "ordersCount": 110, "issueInvoices": true, "deliveryTime": "automated"}, "isSelectedOffer": false, "isPromotedOffer": false, "type": "game", "prices": {"normal": {"price": "3.74", "suggestedPrice": "14.99", "discountPercent": "75", "discountAmount": "11.25", "basePrice": "3.74", "baseSuggestedPrice": "14.99"}, "plus": {"price": "3.37", "suggestedPrice": "14.99", "discountPercent": "78", "discountAmount": "11.62", "basePrice": "3.37", "baseSuggestedPrice": "14.99"}}, "currency": "EUR", "offerType": "instant"}, {"offerID": "13150441", "offerUUID": "bf22daf9-00ac-4433-9bae-1a580258c35a", "seller": {"id": "6f598233-4118-4b0d-a06a-5e0840c0239e", "name": "Pbdigital", "avatarUrl": "", "initials": "Pb", "type": "default", "rating": {"up": 73, "neutral": 1, "down": 5, "positiveFeedbackRatio": 94}, "ordersCount": 79, "issueInvoices": false, "deliveryTime": "automated"}, "isSelectedOffer": false, "isPromotedOffer": false, "type": "game", "prices": {"normal": {"price": "10.16", "suggestedPrice": "14.99", "discountPercent": "32", "discountAmount": "4.83", "basePrice": "10.16", "baseSuggestedPrice": "14.99"}, "plus": {"price": "9.14", "suggestedPrice": "14.99", "discountPercent": "39", "discountAmount": "5.85", "basePrice": "9.14", "baseSuggestedPrice": "14.99"}}, "currency": "EUR", "offerType": "instant"}, {"offerID": "12948622", "offerUUID": "0268bfa0-1fab-40fe-820a-5a97366eb70a", "seller": {"id": "47bc4fad-fe86-43c1-b27a-e1678314172d", "name": "Players", "avatarUrl": "", "initials": "Pl", "type": "default", "rating": {"up": 752, "neutral": 31, "down": 61, "positiveFeedbackRatio": 92}, "ordersCount": 844, "issueInvoices": false, "deliveryTime": "automated"}, "isSelectedOffer": false, "isPromotedOffer": false, "type": "game", "prices": {"normal": {"price": "12.51", "suggestedPrice": "14.99", "discountPercent": "17", "discountAmount": "2.48", "basePrice": "12.51", "baseSuggestedPrice": "14.99"}, "plus": {"price": "11.26", "suggestedPrice": "14.99", "discountPercent": "25", "discountAmount": "3.73", "basePrice": "11.26", "baseSuggestedPrice": "14.99"}}, "currency": "EUR", "offerType": "instant"}, {"offerID": "13151809", "offerUUID": "3dc1373a-6fc6-4c5b-9231-5678c7dbd2f0", "seller": {"id": "75e52f5c-6c8e-4f35-b36a-9950b2f1c478", "name": "Crank0411", "avatarUrl": "", "initials": "Cr", "type": "default", "rating": {"up": 11, "neutral": 0, "down": 1, "positiveFeedbackRatio": 92}, "ordersCount": 12, "issueInvoices": false, "deliveryTime": "automated"}, "isSelectedOffer": false, "isPromotedOffer": false, "type": "game", "prices": {"normal": {"price": "17.20", "discountPercent": "0", "discountAmount": "0.00", "basePrice": "17.20"}, "plus": {"price": "15.48", "suggestedPrice": "17.20", "discountPercent": "10", "discountAmount": "1.72", "basePrice": "15.48", "baseSuggestedPrice": "17.20"}}, "currency": "EUR", "offerType": "instant"}, {"offerID": "13133951", "offerUUID": "27f00be9-0e87-45ca-8202-aa9d8948f737", "seller": {"id": "ea9a158b-6e87-438e-839d-5ed9f7b773a5", "name": "Chenierslo", "avatarUrl": "", "initials": "Ch", "type": "default", "rating": {"up": 4, "neutral": 0, "down": 1, "positiveFeedbackRatio": 80}, "ordersCount": 5, "issueInvoices": false, "deliveryTime": "automated"}, "isSelectedOffer": false, "isPromotedOffer": false, "type": "game", "prices": {"normal": {"price": "2.57", "suggestedPrice": "14.99", "discountPercent": "83", "discountAmount": "12.42", "basePrice": "2.57", "baseSuggestedPrice": "14.99"}, "plus": {"price": "2.31", "suggestedPrice": "14.99", "discountPercent": "85", "discountAmount": "12.68", "basePrice": "2.31", "baseSuggestedPrice": "14.99"}}, "currency": "EUR", "offerType": "instant"}, {"offerID": "13134381", "offerUUID": "6d7b466d-e099-48f4-9511-b824b01c5cb8", "seller": {"id": "fe4e1fd7-05b2-4486-bb81-3d2962bbd002", "name": "Mmmcgm", "avatarUrl": "", "initials": "Mm", "type": "default", "rating": {"up": 2, "neutral": 0, "down": 1, "positiveFeedbackRatio": 67}, "ordersCount": 3, "issueInvoices": false, "deliveryTime": "automated"}, "isSelectedOffer": false, "isPromotedOffer": false, "type": "game", "prices": {"normal": {"price": "3.85", "suggestedPrice": "14.99", "discountPercent": "74", "discountAmount": "11.14", "basePrice": "3.85", "baseSuggestedPrice": "14.99"}, "plus": {"price": "3.46", "suggestedPrice": "14.99", "discountPercent": "77", "discountAmount": "11.53", "basePrice": "3.46", "baseSuggestedPrice": "14.99"}}, "currency": "EUR", "offerType": "instant"}, {"offerID": "13151905", "offerUUID": "b21ab669-7eb6-4d91-a952-cabe6aadd8a8", "seller": {"id": "08ef2cb5-1e6f-48a5-9fb8-137807f28df6", "name": "Gamemarketau", "avatarUrl": "https://img.g2a.com/96x96/1x0x0/Group 15.png/e4d4d25c242e4de0b562dd43", "initials": "Ga", "type": "default", "rating": {"up": 0, "neutral": 0, "down": 0, "positiveFeedbackRatio": 0}, "ordersCount": 0, "issueInvoices": true, "deliveryTime": "automated"}, "isSelectedOffer": false, "isPromotedOffer": false, "type": "game", "prices": {"normal": {"price": "2.57", "suggestedPrice": "14.99", "discountPercent": "83", "discountAmount": "12.42", "basePrice": "2.57", "baseSuggestedPrice": "14.99"}, "plus": {"price": "2.31", "suggestedPrice": "14.99", "discountPercent": "85", "discountAmount": "12.68", "basePrice": "2.31", "baseSuggestedPrice": "14.99"}}, "currency": "EUR", "offerType": "instant"}, {"offerID": "13147334", "offerUUID": "bc08f38f-2299-44c4-81a8-06193b25a71d", "seller": {"id": "1aaf0a8a-6f8d-4673-8ad6-cc8cef98b926", "name": "Simple", "avatarUrl": "", "initials": "Si", "type": "default", "rating": {"up": 0, "neutral": 0, "down": 0, "positiveFeedbackRatio": 0}, "ordersCount": 0, "issueInvoices": false, "deliveryTime": "automated"}, "isSelectedOffer": false, "isPromotedOffer": false, "type": "game", "prices": {"normal": {"price": "2.82", "suggestedPrice": "14.99", "discountPercent": "81", "discountAmount": "12.17", "basePrice": "2.82", "baseSuggestedPrice": "14.99"}, "plus": {"price": "2.54", "suggestedPrice": "14.99", "discountPercent": "83", "discountAmount": "12.45", "basePrice": "2.54", "baseSuggestedPrice": "14.99"}}, "currency": "EUR", "offerType": "instant"}, {"offerID": "13141922", "offerUUID": "e0ed09c1-345b-4953-bddb-fa64521bd5b8", "seller": {"id": "2f4f09b9-7cd2-42bd-8f0d-81c983283d92", "name": "Szakihd", "avatarUrl": "", "initials": "Sz", "type": "default", "rating": {"up": 0, "neutral": 0, "down": 0, "positiveFeedbackRatio": 0}, "ordersCount": 0, "issueInvoices": false, "deliveryTime": null}, "isSelectedOffer": false, "isPromotedOffer": false, "type": "game", "prices": {"normal": {"price": "3.48", "suggestedPrice": "14.99", "discountPercent": "77", "discountAmount": "11.51", "basePrice": "3.48", "baseSuggestedPrice": "14.99"}, "plus": {"price": "3.13", "suggestedPrice": "14.99", "discountPercent": "79", "discountAmount": "11.86", "basePrice": "3.13", "baseSuggestedPrice": "14.99"}}, "currency": "EUR", "offerType": "instant"}, {"offerID": "13140539", "offerUUID": "080ca04e-9025-41f9-b38e-74a19b6d97fc", "seller": {"id": "d6f44746-158b-48c9-9d7d-dd9e82a7f200", "name": "James4170", "avatarUrl": "", "initials": "Ja", "type": "default", "rating": {"up": 0, "neutral": 0, "down": 0, "positiveFeedbackRatio": 0}, "ordersCount": 0, "issueInvoices": false, "deliveryTime": "automated"}, "isSelectedOffer": false, "isPromotedOffer": false, "type": "game", "prices": {"normal": {"price": "3.81", "suggestedPrice": "14.99", "discountPercent": "75", "discountAmount": "11.18", "basePrice": "3.81", "baseSuggestedPrice": "14.99"}, "plus": {"price": "3.43", "suggestedPrice": "14.99", "discountPercent": "77", "discountAmount": "11.56", "basePrice": "3.43", "baseSuggestedPrice": "14.99"}}, "currency": "EUR", "offerType": "instant"}, {"offerID": "13147049", "offerUUID": "71abfc73-cde3-4268-b2e7-0156acfa398a", "seller": {"id": "ad2e05ee-3a2f-47e5-ab0d-de5e774ac185", "name": "Tclavell", "avatarUrl": "", "initials": "Tc", "type": "default", "rating": {"up": 0, "neutral": 0, "down": 0, "positiveFeedbackRatio": 0}, "ordersCount": 0, "issueInvoices": false, "deliveryTime": null}, "isSelectedOffer": false, "isPromotedOffer": false, "type": "game", "prices": {"normal": {"price": "6.41", "suggestedPrice": "14.99", "discountPercent": "57", "discountAmount": "8.58", "basePrice": "6.41", "baseSuggestedPrice": "14.99"}, "plus": {"price": "5.77", "suggestedPrice": "14.99", "discountPercent": "62", "discountAmount": "9.22", "basePrice": "5.77", "baseSuggestedPrice": "14.99"}}, "currency": "EUR", "offerType": "instant"}], "productType": "digital", "error": null}}