{"data": {"offers": [{"offerID": "13113487", "offerUUID": "e041f911-d3f1-4a09-8ff6-a7afd5e8046b", "seller": {"id": "93a37575-e3bb-4b21-b36a-64fa3e888966", "name": "Games_factory", "avatarUrl": "https://img.g2a.com/96x96/1x0x0/logo2.jpg/c45e4f861a0c4078b285dff4", "initials": "Ga", "type": "excellent", "rating": {"up": 34780, "neutral": 2741, "down": 100, "positiveFeedbackRatio": 100}, "ordersCount": 37621, "issueInvoices": false, "deliveryTime": "automated"}, "isSelectedOffer": false, "isPromotedOffer": false, "type": "dropshipping", "prices": {"normal": {"price": "11.69", "suggestedPrice": "49.99", "discountPercent": "77", "discountAmount": "38.30", "basePrice": "11.69", "baseSuggestedPrice": "49.99"}, "plus": {"price": "10.52", "suggestedPrice": "49.99", "discountPercent": "79", "discountAmount": "39.47", "basePrice": "10.52", "baseSuggestedPrice": "49.99"}}, "currency": "EUR", "offerType": "instant"}, {"offerID": "12871422", "offerUUID": "bf10e542-9132-48a0-abbd-47399be9470c", "seller": {"id": "dabd25fb-f026-4d09-96b0-cbbc2b36dc1a", "name": "Instant_game", "avatarUrl": "https://img.g2a.com/96x96/1x0x0/instant-gaming-logo.png/1b629b69bea641d380f9aeac", "initials": "In", "type": "excellent", "rating": {"up": 9416, "neutral": 772, "down": 8, "positiveFeedbackRatio": 100}, "ordersCount": 10196, "issueInvoices": false, "deliveryTime": "automated"}, "isSelectedOffer": false, "isPromotedOffer": false, "type": "dropshipping", "prices": {"normal": {"price": "11.70", "suggestedPrice": "49.99", "discountPercent": "77", "discountAmount": "38.29", "basePrice": "11.70", "baseSuggestedPrice": "49.99"}, "plus": {"price": "10.53", "suggestedPrice": "49.99", "discountPercent": "79", "discountAmount": "39.46", "basePrice": "10.53", "baseSuggestedPrice": "49.99"}}, "currency": "EUR", "offerType": "instant"}], "productType": "digital", "error": null}}