{"data": {"offers": [{"offerID": "13148782", "offerUUID": "cc31404b-907f-476a-b530-966b119db276", "seller": {"id": "9c5b72dd-941b-46ed-91b2-65ef37169c97", "name": "Gamersuniverse", "avatarUrl": "https://img.g2a.com/96x96/1x0x0/GameUniverse.png/082c50251210454fbb2a26d0", "initials": "Ga", "type": "excellent", "rating": {"up": 75683, "neutral": 5543, "down": 248, "positiveFeedbackRatio": 100}, "ordersCount": 81474, "issueInvoices": false, "deliveryTime": "automated"}, "isSelectedOffer": false, "isPromotedOffer": false, "type": "dropshipping", "prices": {"normal": {"price": "46.32", "suggestedPrice": "59.99", "discountPercent": "23", "discountAmount": "13.67", "basePrice": "46.32", "baseSuggestedPrice": "59.99"}, "plus": {"price": "46.32", "suggestedPrice": "59.99", "discountPercent": "23", "discountAmount": "13.67", "basePrice": "46.32", "baseSuggestedPrice": "59.99"}}, "currency": "EUR", "offerType": "instant"}, {"offerID": "13148806", "offerUUID": "70173577-79a3-4d03-ade4-af188e512693", "seller": {"id": "2ce24982-8b8a-4b2b-b4d1-c862a3eb1c41", "name": "Bellakey", "avatarUrl": "", "initials": "Be", "type": "excellent", "rating": {"up": 35113, "neutral": 1155, "down": 47, "positiveFeedbackRatio": 100}, "ordersCount": 36315, "issueInvoices": false, "deliveryTime": "automated"}, "isSelectedOffer": false, "isPromotedOffer": false, "type": "dropshipping", "prices": {"normal": {"price": "52.43", "suggestedPrice": "59.99", "discountPercent": "13", "discountAmount": "7.56", "basePrice": "52.43", "baseSuggestedPrice": "59.99"}, "plus": {"price": "52.43", "suggestedPrice": "59.99", "discountPercent": "13", "discountAmount": "7.56", "basePrice": "52.43", "baseSuggestedPrice": "59.99"}}, "currency": "EUR", "offerType": "instant"}, {"offerID": "13148751", "offerUUID": "5125d88d-838f-4edc-973b-bd71581d31f5", "seller": {"id": "dabd25fb-f026-4d09-96b0-cbbc2b36dc1a", "name": "Instant_game", "avatarUrl": "https://img.g2a.com/96x96/1x0x0/instant-gaming-logo.png/1b629b69bea641d380f9aeac", "initials": "In", "type": "excellent", "rating": {"up": 9417, "neutral": 772, "down": 8, "positiveFeedbackRatio": 100}, "ordersCount": 10197, "issueInvoices": false, "deliveryTime": "automated"}, "isSelectedOffer": false, "isPromotedOffer": false, "type": "dropshipping", "prices": {"normal": {"price": "53.19", "suggestedPrice": "59.99", "discountPercent": "11", "discountAmount": "6.80", "basePrice": "53.19", "baseSuggestedPrice": "59.99"}, "plus": {"price": "53.19", "suggestedPrice": "59.99", "discountPercent": "11", "discountAmount": "6.80", "basePrice": "53.19", "baseSuggestedPrice": "59.99"}}, "currency": "EUR", "offerType": "instant"}, {"offerID": "13148849", "offerUUID": "6ab5fb8c-79eb-4d28-93af-fe145042d6f9", "seller": {"id": "fd3aa5e6-f89f-4ca5-85e1-6b5061856901", "name": "Codezilla", "avatarUrl": "https://img.g2a.com/96x96/1x0x0/rsz_115939684.png/7f0af52256f74eee8144e6e2", "initials": "Co", "type": "excellent", "rating": {"up": 6764, "neutral": 478, "down": 17, "positiveFeedbackRatio": 100}, "ordersCount": 7259, "issueInvoices": false, "deliveryTime": "automated"}, "isSelectedOffer": false, "isPromotedOffer": false, "type": "dropshipping", "prices": {"normal": {"price": "52.37", "suggestedPrice": "59.99", "discountPercent": "13", "discountAmount": "7.62", "basePrice": "52.37", "baseSuggestedPrice": "59.99"}, "plus": {"price": "52.37", "suggestedPrice": "59.99", "discountPercent": "13", "discountAmount": "7.62", "basePrice": "52.37", "baseSuggestedPrice": "59.99"}}, "currency": "EUR", "offerType": "instant"}, {"offerID": "13148783", "offerUUID": "474f9c25-55f3-4fb2-8a2e-32016568a505", "seller": {"id": "f74c2d89-9055-4bb6-ad00-c000dbb4a856", "name": "Superbkeys", "avatarUrl": "https://img.g2a.com/96x96/1x0x0/S4.png/4a8b4d3cb4d84c16ba274210", "initials": "Su", "type": "excellent", "rating": {"up": 6236, "neutral": 673, "down": 11, "positiveFeedbackRatio": 100}, "ordersCount": 6920, "issueInvoices": false, "deliveryTime": "automated"}, "isSelectedOffer": false, "isPromotedOffer": false, "type": "dropshipping", "prices": {"normal": {"price": "48.78", "suggestedPrice": "59.99", "discountPercent": "19", "discountAmount": "11.21", "basePrice": "48.78", "baseSuggestedPrice": "59.99"}, "plus": {"price": "48.78", "suggestedPrice": "59.99", "discountPercent": "19", "discountAmount": "11.21", "basePrice": "48.78", "baseSuggestedPrice": "59.99"}}, "currency": "EUR", "offerType": "instant"}, {"offerID": "13161466", "offerUUID": "0d7517fd-7759-407d-9861-c5bb798abf4a", "seller": {"id": "df6d1682-f4b1-447e-bafc-9608a3850d82", "name": "Games4world", "avatarUrl": "https://img.g2a.com/96x96/1x0x0/uarantee-badge-fast-delivery-logo-11563011011jf18lxafmj.png/8c2abdd9c0c14d10b05ddec2", "initials": "Ga", "type": "excellent", "rating": {"up": 3192, "neutral": 639, "down": 4, "positiveFeedbackRatio": 100}, "ordersCount": 3835, "issueInvoices": false, "deliveryTime": "automated"}, "isSelectedOffer": false, "isPromotedOffer": false, "type": "dropshipping", "prices": {"normal": {"price": "48.74", "suggestedPrice": "59.99", "discountPercent": "19", "discountAmount": "11.25", "basePrice": "48.74", "baseSuggestedPrice": "59.99"}, "plus": {"price": "48.74", "suggestedPrice": "59.99", "discountPercent": "19", "discountAmount": "11.25", "basePrice": "48.74", "baseSuggestedPrice": "59.99"}}, "currency": "EUR", "offerType": "instant"}, {"offerID": "13148780", "offerUUID": "11156ef6-21eb-4380-82a7-32e6719061ea", "seller": {"id": "6075c220-a47c-4c12-a20a-3d3ceab378db", "name": "Gamesdivision", "avatarUrl": "https://img.g2a.com/96x96/1x0x0/G3.png/5f1bf9fe6e3b4f36bc66e372", "initials": "Ga", "type": "excellent", "rating": {"up": 1520, "neutral": 183, "down": 5, "positiveFeedbackRatio": 100}, "ordersCount": 1708, "issueInvoices": false, "deliveryTime": "automated"}, "isSelectedOffer": false, "isPromotedOffer": false, "type": "dropshipping", "prices": {"normal": {"price": "49.01", "suggestedPrice": "59.99", "discountPercent": "18", "discountAmount": "10.98", "basePrice": "49.01", "baseSuggestedPrice": "59.99"}, "plus": {"price": "49.01", "suggestedPrice": "59.99", "discountPercent": "18", "discountAmount": "10.98", "basePrice": "49.01", "baseSuggestedPrice": "59.99"}}, "currency": "EUR", "offerType": "instant"}, {"offerID": "13148781", "offerUUID": "cb630703-b44f-454b-9f01-c3c89070b5e3", "seller": {"id": "fbe071e1-b0cd-458a-ae46-fe1acfcfca74", "name": "Lancce", "avatarUrl": "https://img.g2a.com/96x96/1x0x0/a.png/1da518f98f4141bb9bd45820", "initials": "La", "type": "default", "rating": {"up": 151, "neutral": 24, "down": 0, "positiveFeedbackRatio": 100}, "ordersCount": 175, "issueInvoices": false, "deliveryTime": null}, "isSelectedOffer": false, "isPromotedOffer": false, "type": "dropshipping", "prices": {"normal": {"price": "48.54", "suggestedPrice": "59.99", "discountPercent": "19", "discountAmount": "11.45", "basePrice": "48.54", "baseSuggestedPrice": "59.99"}, "plus": {"price": "48.54", "suggestedPrice": "59.99", "discountPercent": "19", "discountAmount": "11.45", "basePrice": "48.54", "baseSuggestedPrice": "59.99"}}, "currency": "EUR", "offerType": "instant"}, {"offerID": "13149005", "offerUUID": "5e1c85ff-e3a2-4ab6-9077-8897338ce295", "seller": {"id": "3f4f0386-de90-43a7-9ad2-82ec4b67a854", "name": "Gamingempire", "avatarUrl": "https://img.g2a.com/96x96/1x0x0/New Project (1).png/e94d9caf2a0e44ff8468e4c6", "initials": "Ga", "type": "default", "rating": {"up": 66, "neutral": 4, "down": 0, "positiveFeedbackRatio": 100}, "ordersCount": 70, "issueInvoices": false, "deliveryTime": "automated"}, "isSelectedOffer": false, "isPromotedOffer": false, "type": "game", "prices": {"normal": {"price": "52.39", "suggestedPrice": "59.99", "discountPercent": "13", "discountAmount": "7.60", "basePrice": "52.39", "baseSuggestedPrice": "59.99"}, "plus": {"price": "52.39", "suggestedPrice": "59.99", "discountPercent": "13", "discountAmount": "7.60", "basePrice": "52.39", "baseSuggestedPrice": "59.99"}}, "currency": "EUR", "offerType": "instant"}, {"offerID": "13148747", "offerUUID": "81d5936c-ceaa-4fbf-bb2c-e5d2efcb8ab2", "seller": {"id": "38ed6ae0-3349-491a-96dc-f29b71683885", "name": "Forestgarden", "avatarUrl": "", "initials": "Fo", "type": "excellent", "rating": {"up": 4234, "neutral": 260, "down": 38, "positiveFeedbackRatio": 99}, "ordersCount": 4532, "issueInvoices": false, "deliveryTime": "automated"}, "isSelectedOffer": false, "isPromotedOffer": false, "type": "game", "prices": {"normal": {"price": "52.99", "suggestedPrice": "59.99", "discountPercent": "12", "discountAmount": "7.00", "basePrice": "52.99", "baseSuggestedPrice": "59.99"}, "plus": {"price": "52.99", "suggestedPrice": "59.99", "discountPercent": "12", "discountAmount": "7.00", "basePrice": "52.99", "baseSuggestedPrice": "59.99"}}, "currency": "EUR", "offerType": "instant"}, {"offerID": "13149070", "offerUUID": "1b63372f-035b-46ba-aaa3-b687c913d5c2", "seller": {"id": "54a8fd1c-2e4b-4f8c-a261-800644c479e7", "name": "Keysellgalaxy", "avatarUrl": "https://img.g2a.com/96x96/1x0x0/1x.jpg/6041141546177c365c4c55a2", "initials": "Ke", "type": "excellent", "rating": {"up": 17314, "neutral": 33, "down": 368, "positiveFeedbackRatio": 98}, "ordersCount": 17715, "issueInvoices": false, "deliveryTime": "automated"}, "isSelectedOffer": false, "isPromotedOffer": false, "type": "dropshipping", "prices": {"normal": {"price": "46.35", "suggestedPrice": "59.99", "discountPercent": "23", "discountAmount": "13.64", "basePrice": "46.35", "baseSuggestedPrice": "59.99"}, "plus": {"price": "46.35", "suggestedPrice": "59.99", "discountPercent": "23", "discountAmount": "13.64", "basePrice": "46.35", "baseSuggestedPrice": "59.99"}}, "currency": "EUR", "offerType": "instant"}, {"offerID": "13148772", "offerUUID": "03ac5252-cd4d-4c0a-9303-74b0d593ccb9", "seller": {"id": "85ec8483-8fb2-4244-bf23-dd91e785ec79", "name": "Digitalorbis", "avatarUrl": "https://img.g2a.com/96x96/1x0x0/logo.jpg/232544c4427b461786947bc1", "initials": "Di", "type": "default", "rating": {"up": 226, "neutral": 1, "down": 9, "positiveFeedbackRatio": 96}, "ordersCount": 236, "issueInvoices": false, "deliveryTime": "automated"}, "isSelectedOffer": false, "isPromotedOffer": false, "type": "game", "prices": {"normal": {"price": "50.95", "suggestedPrice": "59.99", "discountPercent": "15", "discountAmount": "9.04", "basePrice": "50.95", "baseSuggestedPrice": "59.99"}, "plus": {"price": "50.95", "suggestedPrice": "59.99", "discountPercent": "15", "discountAmount": "9.04", "basePrice": "50.95", "baseSuggestedPrice": "59.99"}}, "currency": "EUR", "offerType": "instant"}, {"offerID": "13148837", "offerUUID": "5cb23ce1-fd11-421f-a989-cb51de0000f2", "seller": {"id": "f796eb57-4722-4ac4-bd42-c823c4ce6294", "name": "Wonderfulseller", "avatarUrl": "", "initials": "Wo", "type": "default", "rating": {"up": 254, "neutral": 2, "down": 14, "positiveFeedbackRatio": 95}, "ordersCount": 270, "issueInvoices": false, "deliveryTime": "automated"}, "isSelectedOffer": false, "isPromotedOffer": false, "type": "game", "prices": {"normal": {"price": "46.31", "suggestedPrice": "59.99", "discountPercent": "23", "discountAmount": "13.68", "basePrice": "46.31", "baseSuggestedPrice": "59.99"}, "plus": {"price": "46.31", "suggestedPrice": "59.99", "discountPercent": "23", "discountAmount": "13.68", "basePrice": "46.31", "baseSuggestedPrice": "59.99"}}, "currency": "EUR", "offerType": "instant"}, {"offerID": "13148741", "offerUUID": "27bee079-5a9a-4193-9bb7-c381185596ae", "seller": {"id": "489abf59-8a5f-4889-9722-9886713b59cd", "name": "Buygamesnet", "avatarUrl": "", "initials": "Bu", "type": "default", "rating": {"up": 950, "neutral": 124, "down": 525, "positiveFeedbackRatio": 64}, "ordersCount": 1599, "issueInvoices": false, "deliveryTime": "automated"}, "isSelectedOffer": false, "isPromotedOffer": false, "type": "game", "prices": {"normal": {"price": "46.99", "suggestedPrice": "59.99", "discountPercent": "22", "discountAmount": "13.00", "basePrice": "46.99", "baseSuggestedPrice": "59.99"}, "plus": {"price": "46.99", "suggestedPrice": "59.99", "discountPercent": "22", "discountAmount": "13.00", "basePrice": "46.99", "baseSuggestedPrice": "59.99"}}, "currency": "EUR", "offerType": "instant"}, {"offerID": "13158884", "offerUUID": "33f4a695-20ea-4989-a3fd-25b255fa07ce", "seller": {"id": "9f39bc66-7323-4641-96d1-28a14675e268", "name": "Kinguin", "avatarUrl": "https://img.g2a.com/96x96/1x0x0/Kinguin.jpg/0bb109055ad54c60ae907b93", "initials": "Ki", "type": "default", "rating": {"up": 0, "neutral": 0, "down": 0, "positiveFeedbackRatio": 0}, "ordersCount": 0, "issueInvoices": false, "deliveryTime": null}, "isSelectedOffer": false, "isPromotedOffer": false, "type": "dropshipping", "prices": {"normal": {"price": "56.87", "suggestedPrice": "59.99", "discountPercent": "5", "discountAmount": "3.12", "basePrice": "56.87", "baseSuggestedPrice": "59.99"}, "plus": {"price": "56.87", "suggestedPrice": "59.99", "discountPercent": "5", "discountAmount": "3.12", "basePrice": "56.87", "baseSuggestedPrice": "59.99"}}, "currency": "EUR", "offerType": "instant"}, {"offerID": "13161787", "offerUUID": "192e9b10-a3bf-4b60-80ae-1b04c2f6a73a", "seller": {"id": "266176c5-82e2-4c19-9bf6-8a9066ba9b0c", "name": "Psharcott", "avatarUrl": "", "initials": "Ps", "type": "default", "rating": {"up": 0, "neutral": 0, "down": 0, "positiveFeedbackRatio": 0}, "ordersCount": 0, "issueInvoices": false, "deliveryTime": "automated"}, "isSelectedOffer": false, "isPromotedOffer": false, "type": "game", "prices": {"normal": {"price": "65.15", "discountPercent": "0", "discountAmount": "0.00", "basePrice": "65.15"}, "plus": {"price": "65.15", "discountPercent": "0", "discountAmount": "0.00", "basePrice": "65.15"}}, "currency": "EUR", "offerType": "instant"}], "productType": "digital", "error": null}}