{"data": {"offers": [{"offerID": "12749630", "offerUUID": "9524ff18-4604-432f-a16f-f3df20bd424e", "seller": {"id": "dabd25fb-f026-4d09-96b0-cbbc2b36dc1a", "name": "Instant_game", "avatarUrl": "https://img.g2a.com/96x96/1x0x0/instant-gaming-logo.png/1b629b69bea641d380f9aeac", "initials": "In", "type": "excellent", "rating": {"up": 9417, "neutral": 772, "down": 8, "positiveFeedbackRatio": 100}, "ordersCount": 10197, "issueInvoices": false, "deliveryTime": "automated"}, "isSelectedOffer": false, "isPromotedOffer": false, "type": "dropshipping", "prices": {"normal": {"price": "1.07", "suggestedPrice": "6.99", "discountPercent": "85", "discountAmount": "5.92", "basePrice": "1.07", "baseSuggestedPrice": "6.99"}, "plus": {"price": "0.96", "suggestedPrice": "6.99", "discountPercent": "86", "discountAmount": "6.03", "basePrice": "0.96", "baseSuggestedPrice": "6.99"}}, "currency": "EUR", "offerType": "instant"}, {"offerID": "13157455", "offerUUID": "7e8e13d0-611e-4ab7-b2a2-1d867b5d518e", "seller": {"id": "7ee85a85-32e5-4741-aeff-bede00e135a0", "name": "Fun_keys", "avatarUrl": "https://img.g2a.com/96x96/1x0x0/33.jpg/60313c5b46177c4151397092", "initials": "Fu", "type": "excellent", "rating": {"up": 7825, "neutral": 53, "down": 1, "positiveFeedbackRatio": 100}, "ordersCount": 7879, "issueInvoices": false, "deliveryTime": "automated"}, "isSelectedOffer": false, "isPromotedOffer": false, "type": "game", "prices": {"normal": {"price": "1.16", "suggestedPrice": "6.99", "discountPercent": "83", "discountAmount": "5.83", "basePrice": "1.16", "baseSuggestedPrice": "6.99"}, "plus": {"price": "1.04", "suggestedPrice": "6.99", "discountPercent": "85", "discountAmount": "5.95", "basePrice": "1.04", "baseSuggestedPrice": "6.99"}}, "currency": "EUR", "offerType": "instant"}, {"offerID": "13160842", "offerUUID": "98775ed8-797e-42bb-88d0-052fe857a118", "seller": {"id": "d4d66234-acdc-43df-ad22-d39ac8168528", "name": "Trusted_keys_rep", "avatarUrl": "", "initials": "Tr", "type": "excellent", "rating": {"up": 1844, "neutral": 16, "down": 4, "positiveFeedbackRatio": 100}, "ordersCount": 1864, "issueInvoices": false, "deliveryTime": "automated"}, "isSelectedOffer": false, "isPromotedOffer": false, "type": "game", "prices": {"normal": {"price": "0.92", "suggestedPrice": "6.99", "discountPercent": "87", "discountAmount": "6.07", "basePrice": "0.92", "baseSuggestedPrice": "6.99"}, "plus": {"price": "0.83", "suggestedPrice": "6.99", "discountPercent": "88", "discountAmount": "6.16", "basePrice": "0.83", "baseSuggestedPrice": "6.99"}}, "currency": "EUR", "offerType": "instant"}, {"offerID": "12496747", "offerUUID": "4e35d0ed-29bb-459e-8eaa-448a38c0007b", "seller": {"id": "528ae0f0-1baf-4604-bdea-a8b27bc90417", "name": "True_keys", "avatarUrl": "https://img.g2a.com/96x96/1x0x0/keys-large.png/5AMjnNbDHHSqQsbArpmKPE", "initials": "Tr", "type": "default", "rating": {"up": 273, "neutral": 14, "down": 1, "positiveFeedbackRatio": 100}, "ordersCount": 288, "issueInvoices": false, "deliveryTime": "automated"}, "isSelectedOffer": false, "isPromotedOffer": false, "type": "game", "prices": {"normal": {"price": "2.59", "suggestedPrice": "6.99", "discountPercent": "63", "discountAmount": "4.40", "basePrice": "2.59", "baseSuggestedPrice": "6.99"}, "plus": {"price": "2.33", "suggestedPrice": "6.99", "discountPercent": "67", "discountAmount": "4.66", "basePrice": "2.33", "baseSuggestedPrice": "6.99"}}, "currency": "EUR", "offerType": "instant"}, {"offerID": "13153771", "offerUUID": "6a40da71-1b7f-40bb-b537-fbcdff64b792", "seller": {"id": "c6aeb228-4bf1-488d-b40b-5f6511a4e872", "name": "Zengrafix", "avatarUrl": "", "initials": "Ze", "type": "default", "rating": {"up": 25, "neutral": 0, "down": 0, "positiveFeedbackRatio": 100}, "ordersCount": 25, "issueInvoices": false, "deliveryTime": "automated"}, "isSelectedOffer": false, "isPromotedOffer": false, "type": "game", "prices": {"normal": {"price": "1.19", "suggestedPrice": "6.99", "discountPercent": "83", "discountAmount": "5.80", "basePrice": "1.19", "baseSuggestedPrice": "6.99"}, "plus": {"price": "1.08", "suggestedPrice": "6.99", "discountPercent": "85", "discountAmount": "5.91", "basePrice": "1.08", "baseSuggestedPrice": "6.99"}}, "currency": "EUR", "offerType": "instant"}, {"offerID": "13158456", "offerUUID": "40f91866-905a-4375-a662-4da3a131858c", "seller": {"id": "f8bf1964-268b-404f-9f97-809552caf4c0", "name": "Twang0357", "avatarUrl": "", "initials": "Tw", "type": "default", "rating": {"up": 21, "neutral": 0, "down": 0, "positiveFeedbackRatio": 100}, "ordersCount": 21, "issueInvoices": false, "deliveryTime": null}, "isSelectedOffer": false, "isPromotedOffer": false, "type": "game", "prices": {"normal": {"price": "1.02", "suggestedPrice": "6.99", "discountPercent": "85", "discountAmount": "5.97", "basePrice": "1.02", "baseSuggestedPrice": "6.99"}, "plus": {"price": "0.92", "suggestedPrice": "6.99", "discountPercent": "87", "discountAmount": "6.07", "basePrice": "0.92", "baseSuggestedPrice": "6.99"}}, "currency": "EUR", "offerType": "instant"}, {"offerID": "13152981", "offerUUID": "bcadbbb0-14bd-465e-9306-4a0d3aefc575", "seller": {"id": "5bd5b376-b793-4f67-a2db-d167a642db18", "name": "Keyssalestore", "avatarUrl": "", "initials": "Ke", "type": "default", "rating": {"up": 19, "neutral": 0, "down": 0, "positiveFeedbackRatio": 100}, "ordersCount": 19, "issueInvoices": false, "deliveryTime": null}, "isSelectedOffer": false, "isPromotedOffer": false, "type": "game", "prices": {"normal": {"price": "0.74", "suggestedPrice": "6.99", "discountPercent": "89", "discountAmount": "6.25", "basePrice": "0.74", "baseSuggestedPrice": "6.99"}, "plus": {"price": "0.67", "suggestedPrice": "6.99", "discountPercent": "90", "discountAmount": "6.32", "basePrice": "0.67", "baseSuggestedPrice": "6.99"}}, "currency": "EUR", "offerType": "instant"}, {"offerID": "13157625", "offerUUID": "3aefbcfd-ffe8-4664-9e4e-ad99001db8e3", "seller": {"id": "90b8f86a-4a9b-4e9f-ad72-8ede0ca19934", "name": "Hayesade", "avatarUrl": "", "initials": "Ha", "type": "default", "rating": {"up": 18, "neutral": 0, "down": 0, "positiveFeedbackRatio": 100}, "ordersCount": 18, "issueInvoices": false, "deliveryTime": "automated"}, "isSelectedOffer": false, "isPromotedOffer": false, "type": "game", "prices": {"normal": {"price": "0.81", "suggestedPrice": "6.99", "discountPercent": "88", "discountAmount": "6.18", "basePrice": "0.81", "baseSuggestedPrice": "6.99"}, "plus": {"price": "0.73", "suggestedPrice": "6.99", "discountPercent": "90", "discountAmount": "6.26", "basePrice": "0.73", "baseSuggestedPrice": "6.99"}}, "currency": "EUR", "offerType": "instant"}, {"offerID": "13157355", "offerUUID": "9ab9d723-4760-4aa2-9e5d-7c5638f200b9", "seller": {"id": "6bff8065-9cdd-4f73-852e-cebaa13faaf5", "name": "Lancesroom", "avatarUrl": "", "initials": "La", "type": "default", "rating": {"up": 16, "neutral": 0, "down": 0, "positiveFeedbackRatio": 100}, "ordersCount": 16, "issueInvoices": false, "deliveryTime": "automated"}, "isSelectedOffer": false, "isPromotedOffer": false, "type": "game", "prices": {"normal": {"price": "1.17", "suggestedPrice": "6.99", "discountPercent": "83", "discountAmount": "5.82", "basePrice": "1.17", "baseSuggestedPrice": "6.99"}, "plus": {"price": "1.05", "suggestedPrice": "6.99", "discountPercent": "85", "discountAmount": "5.94", "basePrice": "1.05", "baseSuggestedPrice": "6.99"}}, "currency": "EUR", "offerType": "instant"}, {"offerID": "13157760", "offerUUID": "a2c088d7-bf28-482f-bb8c-06c123917eb8", "seller": {"id": "a1a7e967-5c8e-4702-9409-c64cf6c71afc", "name": "Akisha91", "avatarUrl": "", "initials": "Ak", "type": "default", "rating": {"up": 11, "neutral": 0, "down": 0, "positiveFeedbackRatio": 100}, "ordersCount": 11, "issueInvoices": false, "deliveryTime": null}, "isSelectedOffer": false, "isPromotedOffer": false, "type": "game", "prices": {"normal": {"price": "1.11", "suggestedPrice": "6.99", "discountPercent": "84", "discountAmount": "5.88", "basePrice": "1.11", "baseSuggestedPrice": "6.99"}, "plus": {"price": "1.00", "suggestedPrice": "6.99", "discountPercent": "86", "discountAmount": "5.99", "basePrice": "1.00", "baseSuggestedPrice": "6.99"}}, "currency": "EUR", "offerType": "instant"}, {"offerID": "13153110", "offerUUID": "6c74b7bc-f050-4a9a-8c2e-063953b89ebd", "seller": {"id": "d05eb3dc-7752-4649-bea3-d9725eb5c672", "name": "Bigworm187", "avatarUrl": "", "initials": "Bi", "type": "default", "rating": {"up": 9, "neutral": 0, "down": 0, "positiveFeedbackRatio": 100}, "ordersCount": 9, "issueInvoices": false, "deliveryTime": "automated"}, "isSelectedOffer": false, "isPromotedOffer": false, "type": "game", "prices": {"normal": {"price": "1.43", "suggestedPrice": "6.99", "discountPercent": "80", "discountAmount": "5.56", "basePrice": "1.43", "baseSuggestedPrice": "6.99"}, "plus": {"price": "1.29", "suggestedPrice": "6.99", "discountPercent": "82", "discountAmount": "5.70", "basePrice": "1.29", "baseSuggestedPrice": "6.99"}}, "currency": "EUR", "offerType": "instant"}, {"offerID": "13152865", "offerUUID": "42a96ebb-82b8-4262-aa0f-8b5029f1718f", "seller": {"id": "3b695f8d-8d3a-4d63-b850-013747575750", "name": "Famjam", "avatarUrl": "", "initials": "Fa", "type": "default", "rating": {"up": 7, "neutral": 0, "down": 0, "positiveFeedbackRatio": 100}, "ordersCount": 7, "issueInvoices": false, "deliveryTime": null}, "isSelectedOffer": false, "isPromotedOffer": false, "type": "game", "prices": {"normal": {"price": "1.77", "suggestedPrice": "6.99", "discountPercent": "75", "discountAmount": "5.22", "basePrice": "1.77", "baseSuggestedPrice": "6.99"}, "plus": {"price": "1.59", "suggestedPrice": "6.99", "discountPercent": "77", "discountAmount": "5.40", "basePrice": "1.59", "baseSuggestedPrice": "6.99"}}, "currency": "EUR", "offerType": "instant"}, {"offerID": "13157025", "offerUUID": "348d673a-5676-45fa-a185-6d84cd827368", "seller": {"id": "f2551c00-1b65-4fe5-a06a-343a91df11ad", "name": "Hum_728_ble", "avatarUrl": "", "initials": "Hu", "type": "default", "rating": {"up": 6, "neutral": 0, "down": 0, "positiveFeedbackRatio": 100}, "ordersCount": 6, "issueInvoices": false, "deliveryTime": "automated"}, "isSelectedOffer": false, "isPromotedOffer": false, "type": "game", "prices": {"normal": {"price": "0.86", "suggestedPrice": "6.99", "discountPercent": "88", "discountAmount": "6.13", "basePrice": "0.86", "baseSuggestedPrice": "6.99"}, "plus": {"price": "0.78", "suggestedPrice": "6.99", "discountPercent": "89", "discountAmount": "6.21", "basePrice": "0.78", "baseSuggestedPrice": "6.99"}}, "currency": "EUR", "offerType": "instant"}, {"offerID": "13152918", "offerUUID": "0176d26f-e700-45a5-9bd2-53dfe5bf35eb", "seller": {"id": "42af984a-034f-42b1-8a88-8094e233dccb", "name": "Gameinside21", "avatarUrl": "", "initials": "Ga", "type": "default", "rating": {"up": 5, "neutral": 0, "down": 0, "positiveFeedbackRatio": 100}, "ordersCount": 5, "issueInvoices": false, "deliveryTime": null}, "isSelectedOffer": false, "isPromotedOffer": false, "type": "game", "prices": {"normal": {"price": "1.59", "suggestedPrice": "6.99", "discountPercent": "77", "discountAmount": "5.40", "basePrice": "1.59", "baseSuggestedPrice": "6.99"}, "plus": {"price": "1.43", "suggestedPrice": "6.99", "discountPercent": "80", "discountAmount": "5.56", "basePrice": "1.43", "baseSuggestedPrice": "6.99"}}, "currency": "EUR", "offerType": "instant"}, {"offerID": "13161397", "offerUUID": "ab63813c-1b1c-47be-8178-c2298729cab8", "seller": {"id": "1e582949-8655-4a7f-87a9-b90a1c78d161", "name": "Yksha_x", "avatarUrl": "", "initials": "Yk", "type": "default", "rating": {"up": 4, "neutral": 0, "down": 0, "positiveFeedbackRatio": 100}, "ordersCount": 4, "issueInvoices": false, "deliveryTime": "automated"}, "isSelectedOffer": false, "isPromotedOffer": false, "type": "game", "prices": {"normal": {"price": "0.71", "suggestedPrice": "6.99", "discountPercent": "90", "discountAmount": "6.28", "basePrice": "0.71", "baseSuggestedPrice": "6.99"}, "plus": {"price": "0.64", "suggestedPrice": "6.99", "discountPercent": "91", "discountAmount": "6.35", "basePrice": "0.64", "baseSuggestedPrice": "6.99"}}, "currency": "EUR", "offerType": "instant"}, {"offerID": "13153287", "offerUUID": "140cd41b-847d-4f73-b266-79a0430a94d2", "seller": {"id": "239437fd-2de5-4bbc-91da-348713f0e181", "name": "Skingo", "avatarUrl": "", "initials": "Sk", "type": "default", "rating": {"up": 2, "neutral": 0, "down": 0, "positiveFeedbackRatio": 100}, "ordersCount": 2, "issueInvoices": false, "deliveryTime": "automated"}, "isSelectedOffer": false, "isPromotedOffer": false, "type": "game", "prices": {"normal": {"price": "1.21", "suggestedPrice": "6.99", "discountPercent": "83", "discountAmount": "5.78", "basePrice": "1.21", "baseSuggestedPrice": "6.99"}, "plus": {"price": "1.09", "suggestedPrice": "6.99", "discountPercent": "84", "discountAmount": "5.90", "basePrice": "1.09", "baseSuggestedPrice": "6.99"}}, "currency": "EUR", "offerType": "instant"}, {"offerID": "13157767", "offerUUID": "45be52c2-2900-4c1b-9648-60af810153bc", "seller": {"id": "3aac3984-f3cc-4e77-9a89-770ccbf23757", "name": "Pegasus331", "avatarUrl": "", "initials": "Pe", "type": "default", "rating": {"up": 1, "neutral": 0, "down": 0, "positiveFeedbackRatio": 100}, "ordersCount": 1, "issueInvoices": false, "deliveryTime": null}, "isSelectedOffer": false, "isPromotedOffer": false, "type": "game", "prices": {"normal": {"price": "1.05", "suggestedPrice": "6.99", "discountPercent": "85", "discountAmount": "5.94", "basePrice": "1.05", "baseSuggestedPrice": "6.99"}, "plus": {"price": "0.94", "suggestedPrice": "6.99", "discountPercent": "87", "discountAmount": "6.05", "basePrice": "0.94", "baseSuggestedPrice": "6.99"}}, "currency": "EUR", "offerType": "instant"}, {"offerID": "12976639", "offerUUID": "611c5085-bab6-4f8d-8307-5670d2ecc407", "seller": {"id": "63d6ccaf-1cf4-4a23-96bd-20a638b278da", "name": "Royalco", "avatarUrl": "https://img.g2a.com/96x96/1x0x0/RC 100x100.png/602bf8637e696c7e98186dc2", "initials": "Ro", "type": "default", "rating": {"up": 817, "neutral": 196, "down": 8, "positiveFeedbackRatio": 99}, "ordersCount": 1021, "issueInvoices": false, "deliveryTime": "automated"}, "isSelectedOffer": false, "isPromotedOffer": false, "type": "dropshipping", "prices": {"normal": {"price": "0.95", "suggestedPrice": "6.99", "discountPercent": "86", "discountAmount": "6.04", "basePrice": "0.95", "baseSuggestedPrice": "6.99"}, "plus": {"price": "0.85", "suggestedPrice": "6.99", "discountPercent": "88", "discountAmount": "6.14", "basePrice": "0.85", "baseSuggestedPrice": "6.99"}}, "currency": "EUR", "offerType": "instant"}, {"offerID": "12479643", "offerUUID": "ab74e998-36c1-4c3c-862f-a91dd676af57", "seller": {"id": "932080e6-8d92-488e-b1aa-c80e991349d4", "name": "Legend_games", "avatarUrl": "https://img.g2a.com/96x96/1x0x0/4H51lSteam.png/81b39f1d79314512b9df587c", "initials": "Le", "type": "default", "rating": {"up": 109, "neutral": 1, "down": 2, "positiveFeedbackRatio": 98}, "ordersCount": 112, "issueInvoices": false, "deliveryTime": "automated"}, "isSelectedOffer": false, "isPromotedOffer": false, "type": "game", "prices": {"normal": {"price": "10.62", "discountPercent": "0", "discountAmount": "0.00", "basePrice": "10.62"}, "plus": {"price": "9.56", "suggestedPrice": "10.62", "discountPercent": "10", "discountAmount": "1.06", "basePrice": "9.56", "baseSuggestedPrice": "10.62"}}, "currency": "EUR", "offerType": "instant"}, {"offerID": "13002346", "offerUUID": "b7e6ce5d-40d3-4c52-9ec9-bfcf00584b47", "seller": {"id": "9b93dddf-8aaa-46dc-bf2d-948e7aeaa70f", "name": "Allgameworld", "avatarUrl": "", "initials": "Al", "type": "excellent", "rating": {"up": 4980, "neutral": 163, "down": 131, "positiveFeedbackRatio": 97}, "ordersCount": 5274, "issueInvoices": false, "deliveryTime": "automated"}, "isSelectedOffer": false, "isPromotedOffer": false, "type": "game", "prices": {"normal": {"price": "2.84", "suggestedPrice": "6.99", "discountPercent": "59", "discountAmount": "4.15", "basePrice": "2.84", "baseSuggestedPrice": "6.99"}, "plus": {"price": "2.55", "suggestedPrice": "6.99", "discountPercent": "64", "discountAmount": "4.44", "basePrice": "2.55", "baseSuggestedPrice": "6.99"}}, "currency": "EUR", "offerType": "instant"}, {"offerID": "13161138", "offerUUID": "6cf67fcf-f786-49ef-8047-ec5364b42205", "seller": {"id": "bc70e7f0-f59c-4385-ab50-e032b80d28f7", "name": "Goodeddy", "avatarUrl": "", "initials": "Go", "type": "default", "rating": {"up": 19, "neutral": 0, "down": 1, "positiveFeedbackRatio": 95}, "ordersCount": 20, "issueInvoices": false, "deliveryTime": "automated"}, "isSelectedOffer": false, "isPromotedOffer": false, "type": "game", "prices": {"normal": {"price": "0.73", "suggestedPrice": "6.99", "discountPercent": "90", "discountAmount": "6.26", "basePrice": "0.73", "baseSuggestedPrice": "6.99"}, "plus": {"price": "0.65", "suggestedPrice": "6.99", "discountPercent": "91", "discountAmount": "6.34", "basePrice": "0.65", "baseSuggestedPrice": "6.99"}}, "currency": "EUR", "offerType": "instant"}, {"offerID": "12985798", "offerUUID": "f3a4dafe-a78a-4ae4-a617-01177babd98c", "seller": {"id": "d9d2ba88-3de6-4ad2-a861-fae6788a97bf", "name": "Ingame", "avatarUrl": "", "initials": "In", "type": "excellent", "rating": {"up": 1435, "neutral": 21, "down": 98, "positiveFeedbackRatio": 94}, "ordersCount": 1554, "issueInvoices": false, "deliveryTime": "automated"}, "isSelectedOffer": false, "isPromotedOffer": false, "type": "dropshipping", "prices": {"normal": {"price": "2.19", "suggestedPrice": "6.99", "discountPercent": "69", "discountAmount": "4.80", "basePrice": "2.19", "baseSuggestedPrice": "6.99"}, "plus": {"price": "1.97", "suggestedPrice": "6.99", "discountPercent": "72", "discountAmount": "5.02", "basePrice": "1.97", "baseSuggestedPrice": "6.99"}}, "currency": "EUR", "offerType": "instant"}, {"offerID": "13053196", "offerUUID": "c7d24446-a2af-4d1d-b4ca-29c2eda205c7", "seller": {"id": "6f598233-4118-4b0d-a06a-5e0840c0239e", "name": "Pbdigital", "avatarUrl": "", "initials": "Pb", "type": "default", "rating": {"up": 73, "neutral": 1, "down": 5, "positiveFeedbackRatio": 94}, "ordersCount": 79, "issueInvoices": false, "deliveryTime": "automated"}, "isSelectedOffer": false, "isPromotedOffer": false, "type": "game", "prices": {"normal": {"price": "1.81", "suggestedPrice": "6.99", "discountPercent": "74", "discountAmount": "5.18", "basePrice": "1.81", "baseSuggestedPrice": "6.99"}, "plus": {"price": "1.63", "suggestedPrice": "6.99", "discountPercent": "77", "discountAmount": "5.36", "basePrice": "1.63", "baseSuggestedPrice": "6.99"}}, "currency": "EUR", "offerType": "instant"}, {"offerID": "13152844", "offerUUID": "224c446b-e3f9-4676-9749-7aa41edc6edd", "seller": {"id": "2420b286-9d40-4ba8-86ef-45f23628cf5b", "name": "Neozika", "avatarUrl": "", "initials": "Ne", "type": "default", "rating": {"up": 12, "neutral": 1, "down": 2, "positiveFeedbackRatio": 86}, "ordersCount": 15, "issueInvoices": false, "deliveryTime": "automated"}, "isSelectedOffer": false, "isPromotedOffer": false, "type": "game", "prices": {"normal": {"price": "1.78", "suggestedPrice": "6.99", "discountPercent": "75", "discountAmount": "5.21", "basePrice": "1.78", "baseSuggestedPrice": "6.99"}, "plus": {"price": "1.60", "suggestedPrice": "6.99", "discountPercent": "77", "discountAmount": "5.39", "basePrice": "1.60", "baseSuggestedPrice": "6.99"}}, "currency": "EUR", "offerType": "instant"}, {"offerID": "12975593", "offerUUID": "ae0d28d9-f905-4660-8394-1fa7ce1f6959", "seller": {"id": "971c485a-32d9-4865-844a-0ab98b7d3fcb", "name": "Squidstore", "avatarUrl": "https://img.g2a.com/96x96/1x0x0/dorfa.jpg/9e294b8d316a4504902f84b1", "initials": "Sq", "type": "default", "rating": {"up": 13, "neutral": 0, "down": 4, "positiveFeedbackRatio": 76}, "ordersCount": 17, "issueInvoices": false, "deliveryTime": "automated"}, "isSelectedOffer": false, "isPromotedOffer": false, "type": "game", "prices": {"normal": {"price": "1.80", "suggestedPrice": "6.99", "discountPercent": "74", "discountAmount": "5.19", "basePrice": "1.80", "baseSuggestedPrice": "6.99"}, "plus": {"price": "1.62", "suggestedPrice": "6.99", "discountPercent": "77", "discountAmount": "5.37", "basePrice": "1.62", "baseSuggestedPrice": "6.99"}}, "currency": "EUR", "offerType": "instant"}, {"offerID": "12684473", "offerUUID": "2ba87339-e109-4b96-8217-b3bdf41aac4d", "seller": {"id": "7e97fa3f-e22e-4435-825d-cfb8ef6b81b3", "name": "Catchmynade", "avatarUrl": "", "initials": "Ca", "type": "default", "rating": {"up": 4, "neutral": 0, "down": 2, "positiveFeedbackRatio": 67}, "ordersCount": 6, "issueInvoices": false, "deliveryTime": null}, "isSelectedOffer": false, "isPromotedOffer": false, "type": "game", "prices": {"normal": {"price": "8.53", "discountPercent": "0", "discountAmount": "0.00", "basePrice": "8.53"}, "plus": {"price": "7.68", "suggestedPrice": "8.53", "discountPercent": "10", "discountAmount": "0.85", "basePrice": "7.68", "baseSuggestedPrice": "8.53"}}, "currency": "EUR", "offerType": "instant"}, {"offerID": "13152878", "offerUUID": "c6b764e4-e754-4575-beb2-2f84b865bb0d", "seller": {"id": "dd8b42bd-668c-4fa9-9113-c0fd20a456f1", "name": "Gamecover_site", "avatarUrl": "", "initials": "Ga", "type": "default", "rating": {"up": 0, "neutral": 0, "down": 1, "positiveFeedbackRatio": 0}, "ordersCount": 1, "issueInvoices": false, "deliveryTime": "automated"}, "isSelectedOffer": false, "isPromotedOffer": false, "type": "game", "prices": {"normal": {"price": "1.76", "suggestedPrice": "6.99", "discountPercent": "75", "discountAmount": "5.23", "basePrice": "1.76", "baseSuggestedPrice": "6.99"}, "plus": {"price": "1.58", "suggestedPrice": "6.99", "discountPercent": "77", "discountAmount": "5.41", "basePrice": "1.58", "baseSuggestedPrice": "6.99"}}, "currency": "EUR", "offerType": "instant"}, {"offerID": "13152937", "offerUUID": "fe4f64a2-fa76-4ee2-a7d2-030fc034dc20", "seller": {"id": "51c69f4f-7582-48ef-96cd-f2e9757546e1", "name": "Sossusoturi", "avatarUrl": "", "initials": "So", "type": "default", "rating": {"up": 0, "neutral": 0, "down": 0, "positiveFeedbackRatio": 0}, "ordersCount": 0, "issueInvoices": false, "deliveryTime": "automated"}, "isSelectedOffer": false, "isPromotedOffer": false, "type": "game", "prices": {"normal": {"price": "0.70", "suggestedPrice": "6.99", "discountPercent": "90", "discountAmount": "6.29", "basePrice": "0.70", "baseSuggestedPrice": "6.99"}, "plus": {"price": "0.63", "suggestedPrice": "6.99", "discountPercent": "91", "discountAmount": "6.36", "basePrice": "0.63", "baseSuggestedPrice": "6.99"}}, "currency": "EUR", "offerType": "instant"}, {"offerID": "13157478", "offerUUID": "72c2b247-58d4-44db-b9f1-06f476c75703", "seller": {"id": "4800b483-6248-4434-96f1-fa23f6669fd5", "name": "Diabluto", "avatarUrl": "", "initials": "Di", "type": "default", "rating": {"up": 0, "neutral": 0, "down": 0, "positiveFeedbackRatio": 0}, "ordersCount": 0, "issueInvoices": false, "deliveryTime": "automated"}, "isSelectedOffer": false, "isPromotedOffer": false, "type": "game", "prices": {"normal": {"price": "1.16", "suggestedPrice": "6.99", "discountPercent": "83", "discountAmount": "5.83", "basePrice": "1.16", "baseSuggestedPrice": "6.99"}, "plus": {"price": "1.04", "suggestedPrice": "6.99", "discountPercent": "85", "discountAmount": "5.95", "basePrice": "1.04", "baseSuggestedPrice": "6.99"}}, "currency": "EUR", "offerType": "instant"}, {"offerID": "13161174", "offerUUID": "02db5d24-08af-458b-8585-a1bf560ddc18", "seller": {"id": "ed4f2855-1d44-4fa7-84c1-afe3bcdec608", "name": "Lufian112345", "avatarUrl": "", "initials": "Lu", "type": "default", "rating": {"up": 0, "neutral": 0, "down": 0, "positiveFeedbackRatio": 0}, "ordersCount": 0, "issueInvoices": false, "deliveryTime": "automated"}, "isSelectedOffer": false, "isPromotedOffer": false, "type": "game", "prices": {"normal": {"price": "3.83", "suggestedPrice": "6.99", "discountPercent": "45", "discountAmount": "3.16", "basePrice": "3.83", "baseSuggestedPrice": "6.99"}, "plus": {"price": "3.45", "suggestedPrice": "6.99", "discountPercent": "51", "discountAmount": "3.54", "basePrice": "3.45", "baseSuggestedPrice": "6.99"}}, "currency": "EUR", "offerType": "instant"}], "productType": "digital", "error": null}}