{"data": {"offers": [{"offerID": "13147441", "offerUUID": "5ed9ddae-be26-4bb2-9540-fe32a60b41f2", "seller": {"id": "9c5b72dd-941b-46ed-91b2-65ef37169c97", "name": "Gamersuniverse", "avatarUrl": "https://img.g2a.com/96x96/1x0x0/GameUniverse.png/082c50251210454fbb2a26d0", "initials": "Ga", "type": "excellent", "rating": {"up": 75683, "neutral": 5543, "down": 248, "positiveFeedbackRatio": 100}, "ordersCount": 81474, "issueInvoices": false, "deliveryTime": "automated"}, "isSelectedOffer": false, "isPromotedOffer": true, "promotedOffer": {"campaignId": "52", "showId": "57916dfc-7065-4783-b55a-9f1f0fd1d482", "requestId": "|D+/9RwY1fmGftOgZ7Xq9DyHwAlgLbZ2WOck/.3RVJVMKx_Y9fZwn.JAa0qj_", "skc": "unknown-skc"}, "type": "dropshipping", "prices": {"normal": {"price": "1.85", "suggestedPrice": "19.98", "discountPercent": "91", "discountAmount": "18.13", "basePrice": "1.85", "baseSuggestedPrice": "19.98"}, "plus": {"price": "1.66", "suggestedPrice": "19.98", "discountPercent": "92", "discountAmount": "18.32", "basePrice": "1.66", "baseSuggestedPrice": "19.98"}}, "currency": "EUR", "offerType": "instant"}, {"offerID": "12766214", "offerUUID": "36bc7c66-149a-45af-84f1-9b1a1ef8270f", "seller": {"id": "dabd25fb-f026-4d09-96b0-cbbc2b36dc1a", "name": "Instant_game", "avatarUrl": "https://img.g2a.com/96x96/1x0x0/instant-gaming-logo.png/1b629b69bea641d380f9aeac", "initials": "In", "type": "excellent", "rating": {"up": 9416, "neutral": 772, "down": 8, "positiveFeedbackRatio": 100}, "ordersCount": 10196, "issueInvoices": false, "deliveryTime": "automated"}, "isSelectedOffer": false, "isPromotedOffer": false, "type": "dropshipping", "prices": {"normal": {"price": "2.21", "suggestedPrice": "19.98", "discountPercent": "89", "discountAmount": "17.77", "basePrice": "2.21", "baseSuggestedPrice": "19.98"}, "plus": {"price": "1.99", "suggestedPrice": "19.98", "discountPercent": "90", "discountAmount": "17.99", "basePrice": "1.99", "baseSuggestedPrice": "19.98"}}, "currency": "EUR", "offerType": "instant"}, {"offerID": "13123136", "offerUUID": "72389f77-f718-4948-bf7e-55ff28680bd3", "seller": {"id": "87a62671-876d-4963-947d-db0773420c53", "name": "Golden_games", "avatarUrl": "", "initials": "Go", "type": "excellent", "rating": {"up": 7183, "neutral": 77, "down": 2, "positiveFeedbackRatio": 100}, "ordersCount": 7262, "issueInvoices": false, "deliveryTime": "automated"}, "isSelectedOffer": false, "isPromotedOffer": false, "type": "game", "prices": {"normal": {"price": "2.32", "suggestedPrice": "19.98", "discountPercent": "88", "discountAmount": "17.66", "basePrice": "2.32", "baseSuggestedPrice": "19.98"}, "plus": {"price": "2.08", "suggestedPrice": "19.98", "discountPercent": "90", "discountAmount": "17.90", "basePrice": "2.08", "baseSuggestedPrice": "19.98"}}, "currency": "EUR", "offerType": "instant"}, {"offerID": "12949102", "offerUUID": "7b1e7bff-c050-4bb3-923d-c71d293462b1", "seller": {"id": "fd3aa5e6-f89f-4ca5-85e1-6b5061856901", "name": "Codezilla", "avatarUrl": "https://img.g2a.com/96x96/1x0x0/rsz_115939684.png/7f0af52256f74eee8144e6e2", "initials": "Co", "type": "excellent", "rating": {"up": 6764, "neutral": 478, "down": 17, "positiveFeedbackRatio": 100}, "ordersCount": 7259, "issueInvoices": false, "deliveryTime": "automated"}, "isSelectedOffer": false, "isPromotedOffer": false, "type": "dropshipping", "prices": {"normal": {"price": "11.33", "suggestedPrice": "19.98", "discountPercent": "43", "discountAmount": "8.65", "basePrice": "11.33", "baseSuggestedPrice": "19.98"}, "plus": {"price": "10.20", "suggestedPrice": "19.98", "discountPercent": "49", "discountAmount": "9.78", "basePrice": "10.20", "baseSuggestedPrice": "19.98"}}, "currency": "EUR", "offerType": "instant"}, {"offerID": "13147442", "offerUUID": "dce65286-afc3-4d5d-b2f5-3e90a282d3ae", "seller": {"id": "f74c2d89-9055-4bb6-ad00-c000dbb4a856", "name": "Superbkeys", "avatarUrl": "https://img.g2a.com/96x96/1x0x0/S4.png/4a8b4d3cb4d84c16ba274210", "initials": "Su", "type": "excellent", "rating": {"up": 6236, "neutral": 673, "down": 11, "positiveFeedbackRatio": 100}, "ordersCount": 6920, "issueInvoices": false, "deliveryTime": "automated"}, "isSelectedOffer": false, "isPromotedOffer": false, "type": "dropshipping", "prices": {"normal": {"price": "1.98", "suggestedPrice": "19.98", "discountPercent": "90", "discountAmount": "18.00", "basePrice": "1.98", "baseSuggestedPrice": "19.98"}, "plus": {"price": "1.78", "suggestedPrice": "19.98", "discountPercent": "91", "discountAmount": "18.20", "basePrice": "1.78", "baseSuggestedPrice": "19.98"}}, "currency": "EUR", "offerType": "instant"}, {"offerID": "12745337", "offerUUID": "88cabdd9-3803-49cd-b439-441346fe98ed", "seller": {"id": "a755f2a9-dffc-405c-ba00-d4c803614b5a", "name": "Gmcomparecom", "avatarUrl": "https://img.g2a.com/96x96/1x0x0/gmlogo2.png/602a68fd7e696c0b742e0362", "initials": "Gm", "type": "excellent", "rating": {"up": 4131, "neutral": 222, "down": 6, "positiveFeedbackRatio": 100}, "ordersCount": 4359, "issueInvoices": false, "deliveryTime": "automated"}, "isSelectedOffer": false, "isPromotedOffer": false, "type": "dropshipping", "prices": {"normal": {"price": "2.71", "suggestedPrice": "19.98", "discountPercent": "86", "discountAmount": "17.27", "basePrice": "2.71", "baseSuggestedPrice": "19.98"}, "plus": {"price": "2.44", "suggestedPrice": "19.98", "discountPercent": "88", "discountAmount": "17.54", "basePrice": "2.44", "baseSuggestedPrice": "19.98"}}, "currency": "EUR", "offerType": "instant"}, {"offerID": "13115155", "offerUUID": "93155e5f-fca1-4d55-abc0-a3b7401a4ae6", "seller": {"id": "ac21aa10-8dc7-40da-a759-a7a67f454a73", "name": "Goty_digital", "avatarUrl": "https://img.g2a.com/96x96/1x0x0/GOTY LOGO 2.png/602567c87e696c310b232a02", "initials": "Go", "type": "excellent", "rating": {"up": 3329, "neutral": 77, "down": 3, "positiveFeedbackRatio": 100}, "ordersCount": 3409, "issueInvoices": false, "deliveryTime": "automated"}, "isSelectedOffer": false, "isPromotedOffer": false, "type": "game", "prices": {"normal": {"price": "7.52", "suggestedPrice": "19.98", "discountPercent": "62", "discountAmount": "12.46", "basePrice": "7.52", "baseSuggestedPrice": "19.98"}, "plus": {"price": "6.76", "suggestedPrice": "19.98", "discountPercent": "66", "discountAmount": "13.22", "basePrice": "6.76", "baseSuggestedPrice": "19.98"}}, "currency": "EUR", "offerType": "instant"}, {"offerID": "13115671", "offerUUID": "321592e0-5b4e-41c0-b0c7-fe13a7f8f42d", "seller": {"id": "49573e31-0595-4723-a88a-5968458350b0", "name": "Tradegameskey", "avatarUrl": "https://img.g2a.com/96x96/1x0x0/DigitalKeys.jpg/a1a66e399098434f929f7c88", "initials": "Tr", "type": "excellent", "rating": {"up": 2166, "neutral": 59, "down": 0, "positiveFeedbackRatio": 100}, "ordersCount": 2225, "issueInvoices": false, "deliveryTime": "automated"}, "isSelectedOffer": false, "isPromotedOffer": false, "type": "game", "prices": {"normal": {"price": "5.12", "suggestedPrice": "19.98", "discountPercent": "74", "discountAmount": "14.86", "basePrice": "5.12", "baseSuggestedPrice": "19.98"}, "plus": {"price": "4.61", "suggestedPrice": "19.98", "discountPercent": "77", "discountAmount": "15.37", "basePrice": "4.61", "baseSuggestedPrice": "19.98"}}, "currency": "EUR", "offerType": "instant"}, {"offerID": "13136246", "offerUUID": "7928b833-09e4-4c88-bf23-b50456420ab5", "seller": {"id": "d4d66234-acdc-43df-ad22-d39ac8168528", "name": "Trusted_keys_rep", "avatarUrl": "", "initials": "Tr", "type": "excellent", "rating": {"up": 1844, "neutral": 16, "down": 4, "positiveFeedbackRatio": 100}, "ordersCount": 1864, "issueInvoices": false, "deliveryTime": "automated"}, "isSelectedOffer": false, "isPromotedOffer": false, "type": "game", "prices": {"normal": {"price": "1.41", "suggestedPrice": "19.98", "discountPercent": "93", "discountAmount": "18.57", "basePrice": "1.41", "baseSuggestedPrice": "19.98"}, "plus": {"price": "1.26", "suggestedPrice": "19.98", "discountPercent": "94", "discountAmount": "18.72", "basePrice": "1.26", "baseSuggestedPrice": "19.98"}}, "currency": "EUR", "offerType": "instant"}, {"offerID": "13147439", "offerUUID": "964c8272-3d4c-457a-88e4-084224a5f409", "seller": {"id": "6075c220-a47c-4c12-a20a-3d3ceab378db", "name": "Gamesdivision", "avatarUrl": "https://img.g2a.com/96x96/1x0x0/G3.png/5f1bf9fe6e3b4f36bc66e372", "initials": "Ga", "type": "excellent", "rating": {"up": 1520, "neutral": 183, "down": 5, "positiveFeedbackRatio": 100}, "ordersCount": 1708, "issueInvoices": false, "deliveryTime": "automated"}, "isSelectedOffer": false, "isPromotedOffer": false, "type": "dropshipping", "prices": {"normal": {"price": "1.99", "suggestedPrice": "19.98", "discountPercent": "90", "discountAmount": "17.99", "basePrice": "1.99", "baseSuggestedPrice": "19.98"}, "plus": {"price": "1.79", "suggestedPrice": "19.98", "discountPercent": "91", "discountAmount": "18.19", "basePrice": "1.79", "baseSuggestedPrice": "19.98"}}, "currency": "EUR", "offerType": "instant"}, {"offerID": "13115769", "offerUUID": "c7da5fd5-4c6a-4b3f-9121-fa1e4a16fc47", "seller": {"id": "9b8741d5-79b8-4fa0-8b7e-059a87dd1c38", "name": "Digital_key_global", "avatarUrl": "https://img.g2a.com/96x96/1x0x0/37AF2FDB-A964-46EE-ACB8-342DC3B05218.png/6032a1767e696c66cf58c442", "initials": "Di", "type": "default", "rating": {"up": 305, "neutral": 8, "down": 0, "positiveFeedbackRatio": 100}, "ordersCount": 313, "issueInvoices": false, "deliveryTime": "automated"}, "isSelectedOffer": false, "isPromotedOffer": false, "type": "game", "prices": {"normal": {"price": "5.27", "suggestedPrice": "19.98", "discountPercent": "74", "discountAmount": "14.71", "basePrice": "5.27", "baseSuggestedPrice": "19.98"}, "plus": {"price": "4.74", "suggestedPrice": "19.98", "discountPercent": "76", "discountAmount": "15.24", "basePrice": "4.74", "baseSuggestedPrice": "19.98"}}, "currency": "EUR", "offerType": "instant"}, {"offerID": "13135090", "offerUUID": "3554aba6-aa38-4f4f-b020-94641c934b8a", "seller": {"id": "45f8bc80-ed1c-4627-bf0a-93dba2c4b5a5", "name": "Wanhui", "avatarUrl": "", "initials": "Wa", "type": "default", "rating": {"up": 174, "neutral": 2, "down": 0, "positiveFeedbackRatio": 100}, "ordersCount": 176, "issueInvoices": false, "deliveryTime": "automated"}, "isSelectedOffer": false, "isPromotedOffer": false, "type": "game", "prices": {"normal": {"price": "3.66", "suggestedPrice": "19.98", "discountPercent": "82", "discountAmount": "16.32", "basePrice": "3.66", "baseSuggestedPrice": "19.98"}, "plus": {"price": "3.29", "suggestedPrice": "19.98", "discountPercent": "84", "discountAmount": "16.69", "basePrice": "3.29", "baseSuggestedPrice": "19.98"}}, "currency": "EUR", "offerType": "instant"}, {"offerID": "13147440", "offerUUID": "dfb75bbd-66dd-4870-a22e-2e1a1f2418bd", "seller": {"id": "fbe071e1-b0cd-458a-ae46-fe1acfcfca74", "name": "Lancce", "avatarUrl": "https://img.g2a.com/96x96/1x0x0/a.png/1da518f98f4141bb9bd45820", "initials": "La", "type": "default", "rating": {"up": 150, "neutral": 24, "down": 0, "positiveFeedbackRatio": 100}, "ordersCount": 174, "issueInvoices": false, "deliveryTime": null}, "isSelectedOffer": false, "isPromotedOffer": false, "type": "dropshipping", "prices": {"normal": {"price": "1.96", "suggestedPrice": "19.98", "discountPercent": "90", "discountAmount": "18.02", "basePrice": "1.96", "baseSuggestedPrice": "19.98"}, "plus": {"price": "1.77", "suggestedPrice": "19.98", "discountPercent": "91", "discountAmount": "18.21", "basePrice": "1.77", "baseSuggestedPrice": "19.98"}}, "currency": "EUR", "offerType": "instant"}, {"offerID": "13063668", "offerUUID": "1bbcdca5-8985-486f-9e1f-93e6e54bd725", "seller": {"id": "43b59e96-9edb-4553-a64e-576c2b5ebdbe", "name": "Nbplayerstore", "avatarUrl": "", "initials": "Nb", "type": "default", "rating": {"up": 52, "neutral": 3, "down": 0, "positiveFeedbackRatio": 100}, "ordersCount": 55, "issueInvoices": false, "deliveryTime": "automated"}, "isSelectedOffer": false, "isPromotedOffer": false, "type": "game", "prices": {"normal": {"price": "5.02", "suggestedPrice": "19.98", "discountPercent": "75", "discountAmount": "14.96", "basePrice": "5.02", "baseSuggestedPrice": "19.98"}, "plus": {"price": "4.52", "suggestedPrice": "19.98", "discountPercent": "77", "discountAmount": "15.46", "basePrice": "4.52", "baseSuggestedPrice": "19.98"}}, "currency": "EUR", "offerType": "instant"}, {"offerID": "13142359", "offerUUID": "ac177ca6-2e41-4c49-89d7-f39542b219d0", "seller": {"id": "69ace28c-e1f8-45f3-b27c-0b66a16f75d8", "name": "Magnus_knudsen", "avatarUrl": "", "initials": "Ma", "type": "default", "rating": {"up": 46, "neutral": 3, "down": 0, "positiveFeedbackRatio": 100}, "ordersCount": 49, "issueInvoices": true, "deliveryTime": "automated"}, "isSelectedOffer": false, "isPromotedOffer": false, "type": "game", "prices": {"normal": {"price": "2.47", "suggestedPrice": "19.98", "discountPercent": "88", "discountAmount": "17.51", "basePrice": "2.47", "baseSuggestedPrice": "19.98"}, "plus": {"price": "2.22", "suggestedPrice": "19.98", "discountPercent": "89", "discountAmount": "17.76", "basePrice": "2.22", "baseSuggestedPrice": "19.98"}}, "currency": "EUR", "offerType": "instant"}, {"offerID": "13151981", "offerUUID": "5aa61e45-eee9-49cf-9909-ee298fe40110", "seller": {"id": "50f652d4-cc4d-4394-9879-ec09fbac3a28", "name": "Pengboy08", "avatarUrl": "https://img.g2a.com/96x96/1x0x0/1896.jpeg/02a91be4790943b19a9947c0", "initials": "Pe", "type": "default", "rating": {"up": 30, "neutral": 0, "down": 0, "positiveFeedbackRatio": 100}, "ordersCount": 30, "issueInvoices": true, "deliveryTime": "automated"}, "isSelectedOffer": false, "isPromotedOffer": false, "type": "game", "prices": {"normal": {"price": "1.57", "suggestedPrice": "19.98", "discountPercent": "92", "discountAmount": "18.41", "basePrice": "1.57", "baseSuggestedPrice": "19.98"}, "plus": {"price": "1.42", "suggestedPrice": "19.98", "discountPercent": "93", "discountAmount": "18.56", "basePrice": "1.42", "baseSuggestedPrice": "19.98"}}, "currency": "EUR", "offerType": "instant"}, {"offerID": "13147100", "offerUUID": "6d552d7a-333a-4dbb-96ae-e89ab4d42018", "seller": {"id": "5e55c95f-9cdc-4954-89a7-132145ce0b13", "name": "Sodone9to5games", "avatarUrl": "", "initials": "So", "type": "default", "rating": {"up": 17, "neutral": 0, "down": 0, "positiveFeedbackRatio": 100}, "ordersCount": 17, "issueInvoices": false, "deliveryTime": null}, "isSelectedOffer": false, "isPromotedOffer": false, "type": "game", "prices": {"normal": {"price": "1.63", "suggestedPrice": "19.98", "discountPercent": "92", "discountAmount": "18.35", "basePrice": "1.63", "baseSuggestedPrice": "19.98"}, "plus": {"price": "1.46", "suggestedPrice": "19.98", "discountPercent": "93", "discountAmount": "18.52", "basePrice": "1.46", "baseSuggestedPrice": "19.98"}}, "currency": "EUR", "offerType": "instant"}, {"offerID": "13139583", "offerUUID": "d36aad7b-bb1c-4df7-b54e-eaf8bd3181aa", "seller": {"id": "9b39603e-1df6-4b3c-a9ae-c3c5486131ed", "name": "777keys777", "avatarUrl": "", "initials": "77", "type": "default", "rating": {"up": 16, "neutral": 0, "down": 0, "positiveFeedbackRatio": 100}, "ordersCount": 16, "issueInvoices": false, "deliveryTime": "automated"}, "isSelectedOffer": false, "isPromotedOffer": false, "type": "game", "prices": {"normal": {"price": "3.16", "suggestedPrice": "19.98", "discountPercent": "84", "discountAmount": "16.82", "basePrice": "3.16", "baseSuggestedPrice": "19.98"}, "plus": {"price": "2.85", "suggestedPrice": "19.98", "discountPercent": "86", "discountAmount": "17.13", "basePrice": "2.85", "baseSuggestedPrice": "19.98"}}, "currency": "EUR", "offerType": "instant"}, {"offerID": "13140666", "offerUUID": "1567791b-6285-4bb2-b621-5ae7444b434b", "seller": {"id": "9f6d45c2-7447-4b17-ac07-7562e4e9b5d4", "name": "Ohannibal", "avatarUrl": "", "initials": "Oh", "type": "default", "rating": {"up": 12, "neutral": 0, "down": 0, "positiveFeedbackRatio": 100}, "ordersCount": 12, "issueInvoices": false, "deliveryTime": "automated"}, "isSelectedOffer": false, "isPromotedOffer": false, "type": "game", "prices": {"normal": {"price": "2.63", "suggestedPrice": "19.98", "discountPercent": "87", "discountAmount": "17.35", "basePrice": "2.63", "baseSuggestedPrice": "19.98"}, "plus": {"price": "2.37", "suggestedPrice": "19.98", "discountPercent": "88", "discountAmount": "17.61", "basePrice": "2.37", "baseSuggestedPrice": "19.98"}}, "currency": "EUR", "offerType": "instant"}, {"offerID": "13158084", "offerUUID": "7e4d9ac1-0501-47f5-9252-08ff798fb9f6", "seller": {"id": "56dbcea6-4889-4467-9300-a7f4aa783787", "name": "Billythekid47", "avatarUrl": "", "initials": "Bi", "type": "default", "rating": {"up": 5, "neutral": 0, "down": 0, "positiveFeedbackRatio": 100}, "ordersCount": 5, "issueInvoices": false, "deliveryTime": "automated"}, "isSelectedOffer": false, "isPromotedOffer": false, "type": "game", "prices": {"normal": {"price": "1.46", "suggestedPrice": "19.98", "discountPercent": "93", "discountAmount": "18.52", "basePrice": "1.46", "baseSuggestedPrice": "19.98"}, "plus": {"price": "1.31", "suggestedPrice": "19.98", "discountPercent": "93", "discountAmount": "18.67", "basePrice": "1.31", "baseSuggestedPrice": "19.98"}}, "currency": "EUR", "offerType": "instant"}, {"offerID": "13146361", "offerUUID": "b5d2a427-2ab2-4bd1-a525-088bfbff6b34", "seller": {"id": "f373e25e-a7c8-4f9e-be13-abb9834d5591", "name": "Kaze0704", "avatarUrl": "", "initials": "Ka", "type": "default", "rating": {"up": 5, "neutral": 0, "down": 0, "positiveFeedbackRatio": 100}, "ordersCount": 5, "issueInvoices": false, "deliveryTime": "automated"}, "isSelectedOffer": false, "isPromotedOffer": false, "type": "game", "prices": {"normal": {"price": "1.69", "suggestedPrice": "19.98", "discountPercent": "92", "discountAmount": "18.29", "basePrice": "1.69", "baseSuggestedPrice": "19.98"}, "plus": {"price": "1.52", "suggestedPrice": "19.98", "discountPercent": "92", "discountAmount": "18.46", "basePrice": "1.52", "baseSuggestedPrice": "19.98"}}, "currency": "EUR", "offerType": "instant"}, {"offerID": "13143725", "offerUUID": "514b1c90-4075-4172-9b29-4575c4811108", "seller": {"id": "49e9f5ea-2398-4af1-a0cb-c13e40d5f213", "name": "Yellowjacket88", "avatarUrl": "", "initials": "Ye", "type": "default", "rating": {"up": 5, "neutral": 0, "down": 0, "positiveFeedbackRatio": 100}, "ordersCount": 5, "issueInvoices": false, "deliveryTime": "automated"}, "isSelectedOffer": false, "isPromotedOffer": false, "type": "game", "prices": {"normal": {"price": "1.90", "suggestedPrice": "19.98", "discountPercent": "90", "discountAmount": "18.08", "basePrice": "1.90", "baseSuggestedPrice": "19.98"}, "plus": {"price": "1.71", "suggestedPrice": "19.98", "discountPercent": "91", "discountAmount": "18.27", "basePrice": "1.71", "baseSuggestedPrice": "19.98"}}, "currency": "EUR", "offerType": "instant"}, {"offerID": "13147188", "offerUUID": "70904f3d-3aba-4d5a-8d2b-e43afd0597bc", "seller": {"id": "eb49f06d-d3e5-4e28-ad56-ac4e3e29b8ef", "name": "Joe1121", "avatarUrl": "", "initials": "Jo", "type": "default", "rating": {"up": 4, "neutral": 0, "down": 0, "positiveFeedbackRatio": 100}, "ordersCount": 4, "issueInvoices": false, "deliveryTime": null}, "isSelectedOffer": false, "isPromotedOffer": false, "type": "game", "prices": {"normal": {"price": "1.59", "suggestedPrice": "19.98", "discountPercent": "92", "discountAmount": "18.39", "basePrice": "1.59", "baseSuggestedPrice": "19.98"}, "plus": {"price": "1.43", "suggestedPrice": "19.98", "discountPercent": "93", "discountAmount": "18.55", "basePrice": "1.43", "baseSuggestedPrice": "19.98"}}, "currency": "EUR", "offerType": "instant"}, {"offerID": "13138943", "offerUUID": "dfd5b984-fa03-4abd-9e52-78ab485a21c1", "seller": {"id": "9242f67e-32fc-4f31-a19f-ed516d7478d1", "name": "Dannyluther", "avatarUrl": "", "initials": "Da", "type": "default", "rating": {"up": 4, "neutral": 0, "down": 0, "positiveFeedbackRatio": 100}, "ordersCount": 4, "issueInvoices": false, "deliveryTime": "automated"}, "isSelectedOffer": false, "isPromotedOffer": false, "type": "game", "prices": {"normal": {"price": "3.62", "suggestedPrice": "19.98", "discountPercent": "82", "discountAmount": "16.36", "basePrice": "3.62", "baseSuggestedPrice": "19.98"}, "plus": {"price": "3.26", "suggestedPrice": "19.98", "discountPercent": "84", "discountAmount": "16.72", "basePrice": "3.26", "baseSuggestedPrice": "19.98"}}, "currency": "EUR", "offerType": "instant"}, {"offerID": "13161388", "offerUUID": "1009bb9e-af96-43b0-a72e-ff1ee5e6aad9", "seller": {"id": "1e582949-8655-4a7f-87a9-b90a1c78d161", "name": "Yksha_x", "avatarUrl": "", "initials": "Yk", "type": "default", "rating": {"up": 3, "neutral": 0, "down": 0, "positiveFeedbackRatio": 100}, "ordersCount": 3, "issueInvoices": false, "deliveryTime": "automated"}, "isSelectedOffer": false, "isPromotedOffer": false, "type": "game", "prices": {"normal": {"price": "1.43", "suggestedPrice": "19.98", "discountPercent": "93", "discountAmount": "18.55", "basePrice": "1.43", "baseSuggestedPrice": "19.98"}, "plus": {"price": "1.29", "suggestedPrice": "19.98", "discountPercent": "94", "discountAmount": "18.69", "basePrice": "1.29", "baseSuggestedPrice": "19.98"}}, "currency": "EUR", "offerType": "instant"}, {"offerID": "13147165", "offerUUID": "0ac335f4-feb0-484d-8974-32420494d22b", "seller": {"id": "e5dedfec-3e50-4b41-b83c-4997aa99efa3", "name": "Wolfyd33", "avatarUrl": "", "initials": "Wo", "type": "default", "rating": {"up": 1, "neutral": 0, "down": 0, "positiveFeedbackRatio": 100}, "ordersCount": 1, "issueInvoices": false, "deliveryTime": "automated"}, "isSelectedOffer": false, "isPromotedOffer": false, "type": "game", "prices": {"normal": {"price": "1.61", "suggestedPrice": "19.98", "discountPercent": "92", "discountAmount": "18.37", "basePrice": "1.61", "baseSuggestedPrice": "19.98"}, "plus": {"price": "1.45", "suggestedPrice": "19.98", "discountPercent": "93", "discountAmount": "18.53", "basePrice": "1.45", "baseSuggestedPrice": "19.98"}}, "currency": "EUR", "offerType": "instant"}, {"offerID": "13147075", "offerUUID": "403345c9-d0ed-420e-8829-2187529765c5", "seller": {"id": "0ee366ff-79d5-489c-a4d2-6302c29f6bdd", "name": "Martinilx", "avatarUrl": "", "initials": "Ma", "type": "default", "rating": {"up": 1, "neutral": 0, "down": 0, "positiveFeedbackRatio": 100}, "ordersCount": 1, "issueInvoices": false, "deliveryTime": null}, "isSelectedOffer": false, "isPromotedOffer": false, "type": "game", "prices": {"normal": {"price": "1.69", "suggestedPrice": "19.98", "discountPercent": "92", "discountAmount": "18.29", "basePrice": "1.69", "baseSuggestedPrice": "19.98"}, "plus": {"price": "1.52", "suggestedPrice": "19.98", "discountPercent": "92", "discountAmount": "18.46", "basePrice": "1.52", "baseSuggestedPrice": "19.98"}}, "currency": "EUR", "offerType": "instant"}, {"offerID": "13150305", "offerUUID": "3f6f40db-db5e-4116-ad29-21cf8a23b0ca", "seller": {"id": "cf276628-5b2b-46f6-9243-50b44628941d", "name": "Game_garden", "avatarUrl": "", "initials": "Ga", "type": "excellent", "rating": {"up": 1328, "neutral": 11, "down": 9, "positiveFeedbackRatio": 99}, "ordersCount": 1348, "issueInvoices": false, "deliveryTime": "automated"}, "isSelectedOffer": false, "isPromotedOffer": false, "type": "game", "prices": {"normal": {"price": "1.48", "suggestedPrice": "19.98", "discountPercent": "93", "discountAmount": "18.50", "basePrice": "1.48", "baseSuggestedPrice": "19.98"}, "plus": {"price": "1.33", "suggestedPrice": "19.98", "discountPercent": "93", "discountAmount": "18.65", "basePrice": "1.33", "baseSuggestedPrice": "19.98"}}, "currency": "EUR", "offerType": "instant"}, {"offerID": "13141686", "offerUUID": "419dd398-8f17-4c35-9b40-0ad7689752bd", "seller": {"id": "a6ded5c5-3795-43c3-818b-8a5d76ebe0c9", "name": "Marttello", "avatarUrl": "https://img.g2a.com/96x96/1x0x0/images (61).jpeg/997b72eb24c54438b9e72412", "initials": "Ma", "type": "default", "rating": {"up": 831, "neutral": 85, "down": 6, "positiveFeedbackRatio": 99}, "ordersCount": 922, "issueInvoices": false, "deliveryTime": "automated"}, "isSelectedOffer": false, "isPromotedOffer": false, "type": "game", "prices": {"normal": {"price": "2.52", "suggestedPrice": "19.98", "discountPercent": "87", "discountAmount": "17.46", "basePrice": "2.52", "baseSuggestedPrice": "19.98"}, "plus": {"price": "2.27", "suggestedPrice": "19.98", "discountPercent": "89", "discountAmount": "17.71", "basePrice": "2.27", "baseSuggestedPrice": "19.98"}}, "currency": "EUR", "offerType": "instant"}, {"offerID": "13152789", "offerUUID": "f84ca1ed-f374-4db7-acb0-eb7c05812af7", "seller": {"id": "ff3f5d20-1f84-421e-bafb-f71e877efba4", "name": "Gks_store", "avatarUrl": "", "initials": "Gk", "type": "default", "rating": {"up": 660, "neutral": 27, "down": 5, "positiveFeedbackRatio": 99}, "ordersCount": 692, "issueInvoices": false, "deliveryTime": "automated"}, "isSelectedOffer": false, "isPromotedOffer": false, "type": "game", "prices": {"normal": {"price": "1.50", "suggestedPrice": "19.98", "discountPercent": "92", "discountAmount": "18.48", "basePrice": "1.50", "baseSuggestedPrice": "19.98"}, "plus": {"price": "1.35", "suggestedPrice": "19.98", "discountPercent": "93", "discountAmount": "18.63", "basePrice": "1.35", "baseSuggestedPrice": "19.98"}}, "currency": "EUR", "offerType": "instant"}, {"offerID": "13139987", "offerUUID": "98a49b8d-75ad-4f1c-9192-d72deb4bc363", "seller": {"id": "249f59fa-1f19-46b2-9430-74edb0280257", "name": "Squirum", "avatarUrl": "", "initials": "Sq", "type": "default", "rating": {"up": 487, "neutral": 3, "down": 4, "positiveFeedbackRatio": 99}, "ordersCount": 494, "issueInvoices": false, "deliveryTime": "automated"}, "isSelectedOffer": false, "isPromotedOffer": false, "type": "game", "prices": {"normal": {"price": "1.44", "suggestedPrice": "19.98", "discountPercent": "93", "discountAmount": "18.54", "basePrice": "1.44", "baseSuggestedPrice": "19.98"}, "plus": {"price": "1.30", "suggestedPrice": "19.98", "discountPercent": "93", "discountAmount": "18.68", "basePrice": "1.30", "baseSuggestedPrice": "19.98"}}, "currency": "EUR", "offerType": "instant"}, {"offerID": "13143162", "offerUUID": "837a8b3b-034d-4d27-8f9e-46534827f3a7", "seller": {"id": "764e5cd3-b5a5-4426-9edc-8a4575fdac31", "name": "Mygamesoft", "avatarUrl": "https://img.g2a.com/96x96/1x0x0/s-l500.jpg/baca203354c64d2ea71265de", "initials": "My", "type": "default", "rating": {"up": 105, "neutral": 1, "down": 4, "positiveFeedbackRatio": 96}, "ordersCount": 110, "issueInvoices": true, "deliveryTime": "automated"}, "isSelectedOffer": false, "isPromotedOffer": false, "type": "game", "prices": {"normal": {"price": "2.34", "suggestedPrice": "19.98", "discountPercent": "88", "discountAmount": "17.64", "basePrice": "2.34", "baseSuggestedPrice": "19.98"}, "plus": {"price": "2.11", "suggestedPrice": "19.98", "discountPercent": "89", "discountAmount": "17.87", "basePrice": "2.11", "baseSuggestedPrice": "19.98"}}, "currency": "EUR", "offerType": "instant"}, {"offerID": "13133618", "offerUUID": "5ca12359-6406-4e1f-8247-9c2f80953a76", "seller": {"id": "84875d0d-dac0-4a4b-ae99-426d3366dda2", "name": "Gamers_gate", "avatarUrl": "https://img.g2a.com/96x96/1x0x0/ScreenShot_20220117141509.png/f0bfef6485ec494daa2075d8", "initials": "Ga", "type": "default", "rating": {"up": 60, "neutral": 8, "down": 8, "positiveFeedbackRatio": 88}, "ordersCount": 76, "issueInvoices": false, "deliveryTime": "automated"}, "isSelectedOffer": false, "isPromotedOffer": false, "type": "game", "prices": {"normal": {"price": "1.80", "suggestedPrice": "19.98", "discountPercent": "91", "discountAmount": "18.18", "basePrice": "1.80", "baseSuggestedPrice": "19.98"}, "plus": {"price": "1.62", "suggestedPrice": "19.98", "discountPercent": "92", "discountAmount": "18.36", "basePrice": "1.62", "baseSuggestedPrice": "19.98"}}, "currency": "EUR", "offerType": "instant"}, {"offerID": "13115363", "offerUUID": "541f6b73-9635-4e98-be53-98c3e4ef4734", "seller": {"id": "f5360679-108a-4d56-81a9-993d44df23be", "name": "H_world_enterprise", "avatarUrl": "", "initials": "H_", "type": "default", "rating": {"up": 25, "neutral": 1, "down": 5, "positiveFeedbackRatio": 83}, "ordersCount": 31, "issueInvoices": true, "deliveryTime": "automated"}, "isSelectedOffer": false, "isPromotedOffer": false, "type": "game", "prices": {"normal": {"price": "7.80", "suggestedPrice": "19.98", "discountPercent": "61", "discountAmount": "12.18", "basePrice": "7.80", "baseSuggestedPrice": "19.98"}, "plus": {"price": "7.02", "suggestedPrice": "19.98", "discountPercent": "65", "discountAmount": "12.96", "basePrice": "7.02", "baseSuggestedPrice": "19.98"}}, "currency": "EUR", "offerType": "instant"}, {"offerID": "13152775", "offerUUID": "347e7cfb-5ab5-490b-b595-8571d3eb9664", "seller": {"id": "dd8b42bd-668c-4fa9-9113-c0fd20a456f1", "name": "Gamecover_site", "avatarUrl": "", "initials": "Ga", "type": "default", "rating": {"up": 0, "neutral": 0, "down": 1, "positiveFeedbackRatio": 0}, "ordersCount": 1, "issueInvoices": false, "deliveryTime": "automated"}, "isSelectedOffer": false, "isPromotedOffer": false, "type": "game", "prices": {"normal": {"price": "1.51", "suggestedPrice": "19.98", "discountPercent": "92", "discountAmount": "18.47", "basePrice": "1.51", "baseSuggestedPrice": "19.98"}, "plus": {"price": "1.36", "suggestedPrice": "19.98", "discountPercent": "93", "discountAmount": "18.62", "basePrice": "1.36", "baseSuggestedPrice": "19.98"}}, "currency": "EUR", "offerType": "instant"}, {"offerID": "13147263", "offerUUID": "3d20c713-9912-4e43-8dae-50fb9631630a", "seller": {"id": "30f96e4c-72d1-48f9-97e5-ebae048bcd6a", "name": "Alejandrorq", "avatarUrl": "", "initials": "Al", "type": "default", "rating": {"up": 0, "neutral": 0, "down": 0, "positiveFeedbackRatio": 0}, "ordersCount": 0, "issueInvoices": false, "deliveryTime": "automated"}, "isSelectedOffer": false, "isPromotedOffer": false, "type": "game", "prices": {"normal": {"price": "1.42", "suggestedPrice": "19.98", "discountPercent": "93", "discountAmount": "18.56", "basePrice": "1.42", "baseSuggestedPrice": "19.98"}, "plus": {"price": "1.28", "suggestedPrice": "19.98", "discountPercent": "94", "discountAmount": "18.70", "basePrice": "1.28", "baseSuggestedPrice": "19.98"}}, "currency": "EUR", "offerType": "instant"}, {"offerID": "13140241", "offerUUID": "a893dd1e-fe05-4a44-afbc-4ca536ac55c2", "seller": {"id": "ad2e05ee-3a2f-47e5-ab0d-de5e774ac185", "name": "Tclavell", "avatarUrl": "", "initials": "Tc", "type": "default", "rating": {"up": 0, "neutral": 0, "down": 0, "positiveFeedbackRatio": 0}, "ordersCount": 0, "issueInvoices": false, "deliveryTime": null}, "isSelectedOffer": false, "isPromotedOffer": false, "type": "game", "prices": {"normal": {"price": "1.78", "suggestedPrice": "19.98", "discountPercent": "91", "discountAmount": "18.20", "basePrice": "1.78", "baseSuggestedPrice": "19.98"}, "plus": {"price": "1.60", "suggestedPrice": "19.98", "discountPercent": "92", "discountAmount": "18.38", "basePrice": "1.60", "baseSuggestedPrice": "19.98"}}, "currency": "EUR", "offerType": "instant"}, {"offerID": "13151911", "offerUUID": "c87f4caa-de97-4dfa-9395-c1f4ec59c106", "seller": {"id": "08ef2cb5-1e6f-48a5-9fb8-137807f28df6", "name": "Gamemarketau", "avatarUrl": "https://img.g2a.com/96x96/1x0x0/Group 15.png/e4d4d25c242e4de0b562dd43", "initials": "Ga", "type": "default", "rating": {"up": 0, "neutral": 0, "down": 0, "positiveFeedbackRatio": 0}, "ordersCount": 0, "issueInvoices": true, "deliveryTime": "automated"}, "isSelectedOffer": false, "isPromotedOffer": false, "type": "game", "prices": {"normal": {"price": "1.95", "suggestedPrice": "19.98", "discountPercent": "90", "discountAmount": "18.03", "basePrice": "1.95", "baseSuggestedPrice": "19.98"}, "plus": {"price": "1.76", "suggestedPrice": "19.98", "discountPercent": "91", "discountAmount": "18.22", "basePrice": "1.76", "baseSuggestedPrice": "19.98"}}, "currency": "EUR", "offerType": "instant"}, {"offerID": "13141558", "offerUUID": "f366e2b7-3a8e-4940-ba09-00961e2b248e", "seller": {"id": "a7b2f0f2-5251-4364-a4a3-e5e3df09a03a", "name": "Denieln7", "avatarUrl": "", "initials": "De", "type": "default", "rating": {"up": 0, "neutral": 0, "down": 0, "positiveFeedbackRatio": 0}, "ordersCount": 0, "issueInvoices": false, "deliveryTime": "automated"}, "isSelectedOffer": false, "isPromotedOffer": false, "type": "game", "prices": {"normal": {"price": "2.58", "suggestedPrice": "19.98", "discountPercent": "87", "discountAmount": "17.40", "basePrice": "2.58", "baseSuggestedPrice": "19.98"}, "plus": {"price": "2.32", "suggestedPrice": "19.98", "discountPercent": "88", "discountAmount": "17.66", "basePrice": "2.32", "baseSuggestedPrice": "19.98"}}, "currency": "EUR", "offerType": "instant"}], "productType": "digital", "error": null}}