{"data": {"offers": [{"offerID": "12902386", "offerUUID": "5fd99c98-96f9-49f2-8706-bdbf21c94e26", "seller": {"id": "fd3aa5e6-f89f-4ca5-85e1-6b5061856901", "name": "Codezilla", "avatarUrl": "https://img.g2a.com/96x96/1x0x0/rsz_115939684.png/7f0af52256f74eee8144e6e2", "initials": "Co", "type": "excellent", "rating": {"up": 6764, "neutral": 478, "down": 17, "positiveFeedbackRatio": 100}, "ordersCount": 7259, "issueInvoices": false, "deliveryTime": "automated"}, "isSelectedOffer": false, "isPromotedOffer": true, "promotedOffer": {"campaignId": "77", "showId": "3f1ede45-1626-46e9-b4e5-a70cb46fe242", "requestId": "|Lli3w4zwTGh3JSPgas7e6fnoze16fA3Gjc7n.HjqtKnD/_BfwC3T.6JJxve_", "skc": "unknown-skc"}, "type": "dropshipping", "prices": {"normal": {"price": "13.13", "discountPercent": "0", "discountAmount": "0.00", "basePrice": "13.13"}, "plus": {"price": "11.82", "suggestedPrice": "13.13", "discountPercent": "10", "discountAmount": "1.31", "basePrice": "11.82", "baseSuggestedPrice": "13.13"}}, "currency": "EUR", "offerType": "instant"}, {"offerID": "12967257", "offerUUID": "bbc1d6fe-5958-427f-9581-05956ffe1e5b", "seller": {"id": "9c5b72dd-941b-46ed-91b2-65ef37169c97", "name": "Gamersuniverse", "avatarUrl": "https://img.g2a.com/96x96/1x0x0/GameUniverse.png/082c50251210454fbb2a26d0", "initials": "Ga", "type": "excellent", "rating": {"up": 75683, "neutral": 5543, "down": 248, "positiveFeedbackRatio": 100}, "ordersCount": 81474, "issueInvoices": false, "deliveryTime": "automated"}, "isSelectedOffer": false, "isPromotedOffer": false, "type": "dropshipping", "prices": {"normal": {"price": "1.77", "discountPercent": "0", "discountAmount": "0.00", "basePrice": "1.77"}, "plus": {"price": "1.59", "suggestedPrice": "1.77", "discountPercent": "10", "discountAmount": "0.18", "basePrice": "1.59", "baseSuggestedPrice": "1.77"}}, "currency": "EUR", "offerType": "instant"}, {"offerID": "13074500", "offerUUID": "5714f2ff-0cc9-41f0-9eef-3582825e7668", "seller": {"id": "93a37575-e3bb-4b21-b36a-64fa3e888966", "name": "Games_factory", "avatarUrl": "https://img.g2a.com/96x96/1x0x0/logo2.jpg/c45e4f861a0c4078b285dff4", "initials": "Ga", "type": "excellent", "rating": {"up": 34780, "neutral": 2741, "down": 100, "positiveFeedbackRatio": 100}, "ordersCount": 37621, "issueInvoices": false, "deliveryTime": "automated"}, "isSelectedOffer": false, "isPromotedOffer": false, "type": "dropshipping", "prices": {"normal": {"price": "13.12", "discountPercent": "0", "discountAmount": "0.00", "basePrice": "13.12"}, "plus": {"price": "11.81", "suggestedPrice": "13.12", "discountPercent": "10", "discountAmount": "1.31", "basePrice": "11.81", "baseSuggestedPrice": "13.12"}}, "currency": "EUR", "offerType": "instant"}, {"offerID": "12696275", "offerUUID": "bc70ccf2-e4fe-4a66-b118-a75b9ed7d840", "seller": {"id": "dabd25fb-f026-4d09-96b0-cbbc2b36dc1a", "name": "Instant_game", "avatarUrl": "https://img.g2a.com/96x96/1x0x0/instant-gaming-logo.png/1b629b69bea641d380f9aeac", "initials": "In", "type": "excellent", "rating": {"up": 9415, "neutral": 772, "down": 8, "positiveFeedbackRatio": 100}, "ordersCount": 10195, "issueInvoices": false, "deliveryTime": "automated"}, "isSelectedOffer": false, "isPromotedOffer": false, "type": "dropshipping", "prices": {"normal": {"price": "2.30", "discountPercent": "0", "discountAmount": "0.00", "basePrice": "2.30"}, "plus": {"price": "2.07", "suggestedPrice": "2.30", "discountPercent": "10", "discountAmount": "0.23", "basePrice": "2.07", "baseSuggestedPrice": "2.30"}}, "currency": "EUR", "offerType": "instant"}, {"offerID": "12967258", "offerUUID": "3134343e-5e2f-4d02-878d-2aba0c54b2fc", "seller": {"id": "f74c2d89-9055-4bb6-ad00-c000dbb4a856", "name": "Superbkeys", "avatarUrl": "https://img.g2a.com/96x96/1x0x0/S4.png/4a8b4d3cb4d84c16ba274210", "initials": "Su", "type": "excellent", "rating": {"up": 6236, "neutral": 673, "down": 11, "positiveFeedbackRatio": 100}, "ordersCount": 6920, "issueInvoices": false, "deliveryTime": "automated"}, "isSelectedOffer": false, "isPromotedOffer": false, "type": "dropshipping", "prices": {"normal": {"price": "1.90", "discountPercent": "0", "discountAmount": "0.00", "basePrice": "1.90"}, "plus": {"price": "1.71", "suggestedPrice": "1.90", "discountPercent": "10", "discountAmount": "0.19", "basePrice": "1.71", "baseSuggestedPrice": "1.90"}}, "currency": "EUR", "offerType": "instant"}, {"offerID": "13108647", "offerUUID": "73786919-3789-4247-80f2-56a9c81e4cba", "seller": {"id": "8b0dd84a-088f-479c-a362-3e52f11cf368", "name": "Globalsafecodes", "avatarUrl": "https://img.g2a.com/96x96/1x0x0/global.jpg/602a690446177c71554617b2", "initials": "Gl", "type": "excellent", "rating": {"up": 5303, "neutral": 256, "down": 2, "positiveFeedbackRatio": 100}, "ordersCount": 5561, "issueInvoices": false, "deliveryTime": "automated"}, "isSelectedOffer": false, "isPromotedOffer": false, "type": "game", "prices": {"normal": {"price": "10.68", "discountPercent": "0", "discountAmount": "0.00", "basePrice": "10.68"}, "plus": {"price": "9.61", "suggestedPrice": "10.68", "discountPercent": "10", "discountAmount": "1.07", "basePrice": "9.61", "baseSuggestedPrice": "10.68"}}, "currency": "EUR", "offerType": "instant"}, {"offerID": "12681485", "offerUUID": "e47ec8a6-46c9-4844-8793-b3826d1ac727", "seller": {"id": "d7829c29-6b05-416a-918b-600f5c13a341", "name": "Globalgamekey", "avatarUrl": "", "initials": "Gl", "type": "excellent", "rating": {"up": 4894, "neutral": 143, "down": 13, "positiveFeedbackRatio": 100}, "ordersCount": 5050, "issueInvoices": false, "deliveryTime": "automated"}, "isSelectedOffer": false, "isPromotedOffer": false, "type": "game", "prices": {"normal": {"price": "10.71", "discountPercent": "0", "discountAmount": "0.00", "basePrice": "10.71"}, "plus": {"price": "9.64", "suggestedPrice": "10.71", "discountPercent": "10", "discountAmount": "1.07", "basePrice": "9.64", "baseSuggestedPrice": "10.71"}}, "currency": "EUR", "offerType": "instant"}, {"offerID": "12657150", "offerUUID": "6f60192c-04c2-4cef-92df-623bb7286225", "seller": {"id": "4ef9ea30-eb97-43f7-86bf-83401ff79d7b", "name": "Gr8keys", "avatarUrl": "", "initials": "Gr", "type": "excellent", "rating": {"up": 4076, "neutral": 194, "down": 13, "positiveFeedbackRatio": 100}, "ordersCount": 4283, "issueInvoices": false, "deliveryTime": "automated"}, "isSelectedOffer": false, "isPromotedOffer": false, "type": "game", "prices": {"normal": {"price": "17.33", "discountPercent": "0", "discountAmount": "0.00", "basePrice": "17.33"}, "plus": {"price": "15.60", "suggestedPrice": "17.33", "discountPercent": "10", "discountAmount": "1.73", "basePrice": "15.60", "baseSuggestedPrice": "17.33"}}, "currency": "EUR", "offerType": "instant"}, {"offerID": "13136256", "offerUUID": "7aabc20b-f09d-49dc-a50a-775424884aa1", "seller": {"id": "d4d66234-acdc-43df-ad22-d39ac8168528", "name": "Trusted_keys_rep", "avatarUrl": "", "initials": "Tr", "type": "excellent", "rating": {"up": 1843, "neutral": 16, "down": 4, "positiveFeedbackRatio": 100}, "ordersCount": 1863, "issueInvoices": false, "deliveryTime": "automated"}, "isSelectedOffer": false, "isPromotedOffer": false, "type": "game", "prices": {"normal": {"price": "0.87", "discountPercent": "0", "discountAmount": "0.00", "basePrice": "0.87"}, "plus": {"price": "0.79", "suggestedPrice": "0.87", "discountPercent": "9", "discountAmount": "0.08", "basePrice": "0.79", "baseSuggestedPrice": "0.87"}}, "currency": "EUR", "offerType": "instant"}, {"offerID": "12967255", "offerUUID": "2e63f18f-c34d-4c77-b9e0-2eb0a0235bf3", "seller": {"id": "6075c220-a47c-4c12-a20a-3d3ceab378db", "name": "Gamesdivision", "avatarUrl": "https://img.g2a.com/96x96/1x0x0/G3.png/5f1bf9fe6e3b4f36bc66e372", "initials": "Ga", "type": "excellent", "rating": {"up": 1520, "neutral": 183, "down": 5, "positiveFeedbackRatio": 100}, "ordersCount": 1708, "issueInvoices": false, "deliveryTime": "automated"}, "isSelectedOffer": false, "isPromotedOffer": false, "type": "dropshipping", "prices": {"normal": {"price": "1.90", "discountPercent": "0", "discountAmount": "0.00", "basePrice": "1.90"}, "plus": {"price": "1.71", "suggestedPrice": "1.90", "discountPercent": "10", "discountAmount": "0.19", "basePrice": "1.71", "baseSuggestedPrice": "1.90"}}, "currency": "EUR", "offerType": "instant"}, {"offerID": "12967256", "offerUUID": "3c1b6995-be3d-4814-9989-54e095962199", "seller": {"id": "fbe071e1-b0cd-458a-ae46-fe1acfcfca74", "name": "Lancce", "avatarUrl": "https://img.g2a.com/96x96/1x0x0/a.png/1da518f98f4141bb9bd45820", "initials": "La", "type": "default", "rating": {"up": 150, "neutral": 24, "down": 0, "positiveFeedbackRatio": 100}, "ordersCount": 174, "issueInvoices": false, "deliveryTime": null}, "isSelectedOffer": false, "isPromotedOffer": false, "type": "dropshipping", "prices": {"normal": {"price": "1.89", "discountPercent": "0", "discountAmount": "0.00", "basePrice": "1.89"}, "plus": {"price": "1.70", "suggestedPrice": "1.89", "discountPercent": "10", "discountAmount": "0.19", "basePrice": "1.70", "baseSuggestedPrice": "1.89"}}, "currency": "EUR", "offerType": "instant"}, {"offerID": "13142349", "offerUUID": "037ed17f-882d-462d-8f52-00d3c6718fdb", "seller": {"id": "69ace28c-e1f8-45f3-b27c-0b66a16f75d8", "name": "Magnus_knudsen", "avatarUrl": "", "initials": "Ma", "type": "default", "rating": {"up": 46, "neutral": 3, "down": 0, "positiveFeedbackRatio": 100}, "ordersCount": 49, "issueInvoices": true, "deliveryTime": "automated"}, "isSelectedOffer": false, "isPromotedOffer": false, "type": "game", "prices": {"normal": {"price": "3.34", "discountPercent": "0", "discountAmount": "0.00", "basePrice": "3.34"}, "plus": {"price": "3.01", "suggestedPrice": "3.34", "discountPercent": "10", "discountAmount": "0.33", "basePrice": "3.01", "baseSuggestedPrice": "3.34"}}, "currency": "EUR", "offerType": "instant"}, {"offerID": "13140661", "offerUUID": "9cf1a481-7f93-4d01-bfdf-c17f0673abe6", "seller": {"id": "9f6d45c2-7447-4b17-ac07-7562e4e9b5d4", "name": "Ohannibal", "avatarUrl": "", "initials": "Oh", "type": "default", "rating": {"up": 12, "neutral": 0, "down": 0, "positiveFeedbackRatio": 100}, "ordersCount": 12, "issueInvoices": false, "deliveryTime": "automated"}, "isSelectedOffer": false, "isPromotedOffer": false, "type": "game", "prices": {"normal": {"price": "1.78", "discountPercent": "0", "discountAmount": "0.00", "basePrice": "1.78"}, "plus": {"price": "1.60", "suggestedPrice": "1.78", "discountPercent": "10", "discountAmount": "0.18", "basePrice": "1.60", "baseSuggestedPrice": "1.78"}}, "currency": "EUR", "offerType": "instant"}, {"offerID": "13135431", "offerUUID": "b6d4500d-f1b2-4d5c-9828-d1a6bff61008", "seller": {"id": "0e53163c-a834-4467-a910-3d064a641cea", "name": "Infinitykey", "avatarUrl": "", "initials": "In", "type": "default", "rating": {"up": 5, "neutral": 0, "down": 0, "positiveFeedbackRatio": 100}, "ordersCount": 5, "issueInvoices": false, "deliveryTime": "automated"}, "isSelectedOffer": false, "isPromotedOffer": false, "type": "game", "prices": {"normal": {"price": "2.47", "discountPercent": "0", "discountAmount": "0.00", "basePrice": "2.47"}, "plus": {"price": "2.22", "suggestedPrice": "2.47", "discountPercent": "10", "discountAmount": "0.25", "basePrice": "2.22", "baseSuggestedPrice": "2.47"}}, "currency": "EUR", "offerType": "instant"}, {"offerID": "13141064", "offerUUID": "83eec9e4-1171-42b1-931d-42ec062a8d8a", "seller": {"id": "87f1988e-5ca4-4d09-9f95-c8bac7687e64", "name": "Fuitgummigames", "avatarUrl": "", "initials": "Fu", "type": "default", "rating": {"up": 4, "neutral": 0, "down": 0, "positiveFeedbackRatio": 100}, "ordersCount": 4, "issueInvoices": false, "deliveryTime": "automated"}, "isSelectedOffer": false, "isPromotedOffer": false, "type": "game", "prices": {"normal": {"price": "1.76", "discountPercent": "0", "discountAmount": "0.00", "basePrice": "1.76"}, "plus": {"price": "1.58", "suggestedPrice": "1.76", "discountPercent": "10", "discountAmount": "0.18", "basePrice": "1.58", "baseSuggestedPrice": "1.76"}}, "currency": "EUR", "offerType": "instant"}, {"offerID": "13135509", "offerUUID": "b9774c6a-6648-4945-bc83-c742a5dc73ae", "seller": {"id": "5ecc64f7-e51e-483e-8837-16b59ecd2d1c", "name": "Cold_fusi0n", "avatarUrl": "", "initials": "Co", "type": "default", "rating": {"up": 2, "neutral": 0, "down": 0, "positiveFeedbackRatio": 100}, "ordersCount": 2, "issueInvoices": false, "deliveryTime": "automated"}, "isSelectedOffer": false, "isPromotedOffer": false, "type": "game", "prices": {"normal": {"price": "2.34", "discountPercent": "0", "discountAmount": "0.00", "basePrice": "2.34"}, "plus": {"price": "2.11", "suggestedPrice": "2.34", "discountPercent": "10", "discountAmount": "0.23", "basePrice": "2.11", "baseSuggestedPrice": "2.34"}}, "currency": "EUR", "offerType": "instant"}, {"offerID": "13147072", "offerUUID": "0ca8589d-fa71-4f52-b7d6-1e5910cc04f1", "seller": {"id": "0ee366ff-79d5-489c-a4d2-6302c29f6bdd", "name": "Martinilx", "avatarUrl": "", "initials": "Ma", "type": "default", "rating": {"up": 1, "neutral": 0, "down": 0, "positiveFeedbackRatio": 100}, "ordersCount": 1, "issueInvoices": false, "deliveryTime": null}, "isSelectedOffer": false, "isPromotedOffer": false, "type": "game", "prices": {"normal": {"price": "0.95", "discountPercent": "0", "discountAmount": "0.00", "basePrice": "0.95"}, "plus": {"price": "0.85", "suggestedPrice": "0.95", "discountPercent": "11", "discountAmount": "0.10", "basePrice": "0.85", "baseSuggestedPrice": "0.95"}}, "currency": "EUR", "offerType": "instant"}, {"offerID": "12730228", "offerUUID": "5b4ae379-f55b-42dc-a425-a9e55c6cb5f7", "seller": {"id": "63d6ccaf-1cf4-4a23-96bd-20a638b278da", "name": "Royalco", "avatarUrl": "https://img.g2a.com/96x96/1x0x0/RC 100x100.png/602bf8637e696c7e98186dc2", "initials": "Ro", "type": "default", "rating": {"up": 817, "neutral": 196, "down": 8, "positiveFeedbackRatio": 99}, "ordersCount": 1021, "issueInvoices": false, "deliveryTime": "automated"}, "isSelectedOffer": false, "isPromotedOffer": false, "type": "dropshipping", "prices": {"normal": {"price": "2.08", "discountPercent": "0", "discountAmount": "0.00", "basePrice": "2.08"}, "plus": {"price": "1.87", "suggestedPrice": "2.08", "discountPercent": "10", "discountAmount": "0.21", "basePrice": "1.87", "baseSuggestedPrice": "2.08"}}, "currency": "EUR", "offerType": "instant"}, {"offerID": "13152800", "offerUUID": "1315129e-98db-423b-9431-53878b08b65e", "seller": {"id": "ff3f5d20-1f84-421e-bafb-f71e877efba4", "name": "Gks_store", "avatarUrl": "", "initials": "Gk", "type": "default", "rating": {"up": 660, "neutral": 27, "down": 5, "positiveFeedbackRatio": 99}, "ordersCount": 692, "issueInvoices": false, "deliveryTime": "automated"}, "isSelectedOffer": false, "isPromotedOffer": false, "type": "game", "prices": {"normal": {"price": "1.22", "discountPercent": "0", "discountAmount": "0.00", "basePrice": "1.22"}, "plus": {"price": "1.10", "suggestedPrice": "1.22", "discountPercent": "10", "discountAmount": "0.12", "basePrice": "1.10", "baseSuggestedPrice": "1.22"}}, "currency": "EUR", "offerType": "instant"}, {"offerID": "13139990", "offerUUID": "04c027c6-a7a4-459e-9c8a-c72bd1227501", "seller": {"id": "249f59fa-1f19-46b2-9430-74edb0280257", "name": "Squirum", "avatarUrl": "", "initials": "Sq", "type": "default", "rating": {"up": 487, "neutral": 3, "down": 4, "positiveFeedbackRatio": 99}, "ordersCount": 494, "issueInvoices": false, "deliveryTime": "automated"}, "isSelectedOffer": false, "isPromotedOffer": false, "type": "game", "prices": {"normal": {"price": "1.22", "discountPercent": "0", "discountAmount": "0.00", "basePrice": "1.22"}, "plus": {"price": "1.10", "suggestedPrice": "1.22", "discountPercent": "10", "discountAmount": "0.12", "basePrice": "1.10", "baseSuggestedPrice": "1.22"}}, "currency": "EUR", "offerType": "instant"}, {"offerID": "13143157", "offerUUID": "fcbcb44f-95c7-43c8-bab9-fdf38669c95e", "seller": {"id": "764e5cd3-b5a5-4426-9edc-8a4575fdac31", "name": "Mygamesoft", "avatarUrl": "https://img.g2a.com/96x96/1x0x0/s-l500.jpg/baca203354c64d2ea71265de", "initials": "My", "type": "default", "rating": {"up": 105, "neutral": 1, "down": 4, "positiveFeedbackRatio": 96}, "ordersCount": 110, "issueInvoices": true, "deliveryTime": "automated"}, "isSelectedOffer": false, "isPromotedOffer": false, "type": "game", "prices": {"normal": {"price": "1.57", "discountPercent": "0", "discountAmount": "0.00", "basePrice": "1.57"}, "plus": {"price": "1.42", "suggestedPrice": "1.57", "discountPercent": "10", "discountAmount": "0.15", "basePrice": "1.42", "baseSuggestedPrice": "1.57"}}, "currency": "EUR", "offerType": "instant"}, {"offerID": "13151807", "offerUUID": "a55f888b-e4cc-4887-afdf-136985a7785c", "seller": {"id": "75e52f5c-6c8e-4f35-b36a-9950b2f1c478", "name": "Crank0411", "avatarUrl": "", "initials": "Cr", "type": "default", "rating": {"up": 11, "neutral": 0, "down": 1, "positiveFeedbackRatio": 92}, "ordersCount": 12, "issueInvoices": false, "deliveryTime": "automated"}, "isSelectedOffer": false, "isPromotedOffer": false, "type": "game", "prices": {"normal": {"price": "17.17", "discountPercent": "0", "discountAmount": "0.00", "basePrice": "17.17"}, "plus": {"price": "15.45", "suggestedPrice": "17.17", "discountPercent": "10", "discountAmount": "1.72", "basePrice": "15.45", "baseSuggestedPrice": "17.17"}}, "currency": "EUR", "offerType": "instant"}, {"offerID": "13133611", "offerUUID": "a325a0b8-44d5-47cb-ac70-f2fd116ec9ce", "seller": {"id": "84875d0d-dac0-4a4b-ae99-426d3366dda2", "name": "Gamers_gate", "avatarUrl": "https://img.g2a.com/96x96/1x0x0/ScreenShot_20220117141509.png/f0bfef6485ec494daa2075d8", "initials": "Ga", "type": "default", "rating": {"up": 60, "neutral": 8, "down": 8, "positiveFeedbackRatio": 88}, "ordersCount": 76, "issueInvoices": false, "deliveryTime": "automated"}, "isSelectedOffer": false, "isPromotedOffer": false, "type": "game", "prices": {"normal": {"price": "0.99", "discountPercent": "0", "discountAmount": "0.00", "basePrice": "0.99"}, "plus": {"price": "0.89", "suggestedPrice": "0.99", "discountPercent": "10", "discountAmount": "0.10", "basePrice": "0.89", "baseSuggestedPrice": "0.99"}}, "currency": "EUR", "offerType": "instant"}, {"offerID": "13140816", "offerUUID": "3fe9211d-18af-4033-819f-40d3c77c7bba", "seller": {"id": "d6a005f2-0704-4bab-a308-ca78abc38f99", "name": "Powsaaa", "avatarUrl": "", "initials": "Po", "type": "default", "rating": {"up": 0, "neutral": 0, "down": 2, "positiveFeedbackRatio": 0}, "ordersCount": 2, "issueInvoices": false, "deliveryTime": "automated"}, "isSelectedOffer": false, "isPromotedOffer": false, "type": "game", "prices": {"normal": {"price": "1.72", "discountPercent": "0", "discountAmount": "0.00", "basePrice": "1.72"}, "plus": {"price": "1.55", "suggestedPrice": "1.72", "discountPercent": "10", "discountAmount": "0.17", "basePrice": "1.55", "baseSuggestedPrice": "1.72"}}, "currency": "EUR", "offerType": "instant"}, {"offerID": "13152767", "offerUUID": "c3fb565e-d980-4316-b8f2-1753e84dac8d", "seller": {"id": "dd8b42bd-668c-4fa9-9113-c0fd20a456f1", "name": "Gamecover_site", "avatarUrl": "", "initials": "Ga", "type": "default", "rating": {"up": 0, "neutral": 0, "down": 1, "positiveFeedbackRatio": 0}, "ordersCount": 1, "issueInvoices": false, "deliveryTime": "automated"}, "isSelectedOffer": false, "isPromotedOffer": false, "type": "game", "prices": {"normal": {"price": "0.90", "discountPercent": "0", "discountAmount": "0.00", "basePrice": "0.90"}, "plus": {"price": "0.81", "suggestedPrice": "0.90", "discountPercent": "10", "discountAmount": "0.09", "basePrice": "0.81", "baseSuggestedPrice": "0.90"}}, "currency": "EUR", "offerType": "instant"}, {"offerID": "13161669", "offerUUID": "65c735f7-817c-49a8-ae79-c8500ea7906e", "seller": {"id": "4e9731bb-faee-4d1f-a24a-92c4dc519fa2", "name": "Gameglobe", "avatarUrl": "", "initials": "Ga", "type": "default", "rating": {"up": 0, "neutral": 0, "down": 0, "positiveFeedbackRatio": 0}, "ordersCount": 0, "issueInvoices": false, "deliveryTime": null}, "isSelectedOffer": false, "isPromotedOffer": false, "type": "game", "prices": {"normal": {"price": "0.86", "discountPercent": "0", "discountAmount": "0.00", "basePrice": "0.86"}, "plus": {"price": "0.78", "suggestedPrice": "0.86", "discountPercent": "9", "discountAmount": "0.08", "basePrice": "0.78", "baseSuggestedPrice": "0.86"}}, "currency": "EUR", "offerType": "instant"}, {"offerID": "13151907", "offerUUID": "261a4273-364f-455b-b473-3269c2a76519", "seller": {"id": "08ef2cb5-1e6f-48a5-9fb8-137807f28df6", "name": "Gamemarketau", "avatarUrl": "https://img.g2a.com/96x96/1x0x0/Group 15.png/e4d4d25c242e4de0b562dd43", "initials": "Ga", "type": "default", "rating": {"up": 0, "neutral": 0, "down": 0, "positiveFeedbackRatio": 0}, "ordersCount": 0, "issueInvoices": true, "deliveryTime": "automated"}, "isSelectedOffer": false, "isPromotedOffer": false, "type": "game", "prices": {"normal": {"price": "1.30", "discountPercent": "0", "discountAmount": "0.00", "basePrice": "1.30"}, "plus": {"price": "1.17", "suggestedPrice": "1.30", "discountPercent": "10", "discountAmount": "0.13", "basePrice": "1.17", "baseSuggestedPrice": "1.30"}}, "currency": "EUR", "offerType": "instant"}], "productType": "digital", "error": null}}