{"data": {"offers": [{"offerID": "12953098", "offerUUID": "ae3be221-1119-4647-bf08-1d54f6c2ac7e", "seller": {"id": "df6d1682-f4b1-447e-bafc-9608a3850d82", "name": "Games4world", "avatarUrl": "https://img.g2a.com/96x96/1x0x0/uarantee-badge-fast-delivery-logo-11563011011jf18lxafmj.png/8c2abdd9c0c14d10b05ddec2", "initials": "Ga", "type": "excellent", "rating": {"up": 3192, "neutral": 639, "down": 4, "positiveFeedbackRatio": 100}, "ordersCount": 3835, "issueInvoices": false, "deliveryTime": "automated"}, "isSelectedOffer": false, "isPromotedOffer": true, "promotedOffer": {"campaignId": "50", "showId": "bee45079-480f-4d79-aebe-f4ac181aa03a", "requestId": "|yZU9dXPJUJEUHyC53tWKS5gROBK8uVNCPunR.LzeQhen/_9IfhsS.InPnyF_", "skc": "unknown-skc"}, "type": "dropshipping", "prices": {"normal": {"price": "23.64", "discountPercent": "0", "discountAmount": "0.00", "basePrice": "23.64"}, "plus": {"price": "23.64", "discountPercent": "0", "discountAmount": "0.00", "basePrice": "23.64"}}, "currency": "EUR", "offerType": "instant"}], "productType": "digital", "error": null}}