{"data": {"offers": [{"offerID": "13036809", "offerUUID": "6eb1f344-5242-4467-a2c0-c6bf2e4e1654", "seller": {"id": "df6d1682-f4b1-447e-bafc-9608a3850d82", "name": "Games4world", "avatarUrl": "https://img.g2a.com/96x96/1x0x0/uarantee-badge-fast-delivery-logo-11563011011jf18lxafmj.png/8c2abdd9c0c14d10b05ddec2", "initials": "Ga", "type": "excellent", "rating": {"up": 3192, "neutral": 639, "down": 4, "positiveFeedbackRatio": 100}, "ordersCount": 3835, "issueInvoices": false, "deliveryTime": "automated"}, "isSelectedOffer": false, "isPromotedOffer": true, "promotedOffer": {"campaignId": "50", "showId": "17d5a6e5-fec0-4dc0-b87c-ae3155ee1814", "requestId": "|XZs5r6f3QvYi6mSW6irO+i2+NW1KOHiYbkZd.UImg2lec_3bKuiM.BUpREm_", "skc": "unknown-skc"}, "type": "dropshipping", "prices": {"normal": {"price": "26.05", "discountPercent": "0", "discountAmount": "0.00", "basePrice": "26.05"}, "plus": {"price": "23.72", "suggestedPrice": "26.05", "discountPercent": "9", "discountAmount": "2.33", "basePrice": "23.72", "baseSuggestedPrice": "26.05"}}, "currency": "EUR", "offerType": "instant"}, {"offerID": "12502101", "offerUUID": "45ef900e-3564-440e-9d3d-cf8817b47b2e", "seller": {"id": "9c5b72dd-941b-46ed-91b2-65ef37169c97", "name": "Gamersuniverse", "avatarUrl": "https://img.g2a.com/96x96/1x0x0/GameUniverse.png/082c50251210454fbb2a26d0", "initials": "Ga", "type": "excellent", "rating": {"up": 75684, "neutral": 5543, "down": 248, "positiveFeedbackRatio": 100}, "ordersCount": 81475, "issueInvoices": false, "deliveryTime": "automated"}, "isSelectedOffer": false, "isPromotedOffer": false, "type": "dropshipping", "prices": {"normal": {"price": "22.77", "discountPercent": "0", "discountAmount": "0.00", "basePrice": "22.77"}, "plus": {"price": "20.50", "suggestedPrice": "22.77", "discountPercent": "10", "discountAmount": "2.27", "basePrice": "20.50", "baseSuggestedPrice": "22.77"}}, "currency": "EUR", "offerType": "instant"}, {"offerID": "12756844", "offerUUID": "ecb9dcc4-ad42-4a34-b084-7dfe1639df98", "seller": {"id": "dabd25fb-f026-4d09-96b0-cbbc2b36dc1a", "name": "Instant_game", "avatarUrl": "https://img.g2a.com/96x96/1x0x0/instant-gaming-logo.png/1b629b69bea641d380f9aeac", "initials": "In", "type": "excellent", "rating": {"up": 9417, "neutral": 772, "down": 8, "positiveFeedbackRatio": 100}, "ordersCount": 10197, "issueInvoices": false, "deliveryTime": "automated"}, "isSelectedOffer": false, "isPromotedOffer": false, "type": "dropshipping", "prices": {"normal": {"price": "25.56", "discountPercent": "0", "discountAmount": "0.00", "basePrice": "25.56"}, "plus": {"price": "23.27", "suggestedPrice": "25.56", "discountPercent": "9", "discountAmount": "2.29", "basePrice": "23.27", "baseSuggestedPrice": "25.56"}}, "currency": "EUR", "offerType": "instant"}, {"offerID": "12646451", "offerUUID": "a832dd24-3ecf-4965-84bf-3cd18e91ca31", "seller": {"id": "fd3aa5e6-f89f-4ca5-85e1-6b5061856901", "name": "Codezilla", "avatarUrl": "https://img.g2a.com/96x96/1x0x0/rsz_115939684.png/7f0af52256f74eee8144e6e2", "initials": "Co", "type": "excellent", "rating": {"up": 6764, "neutral": 478, "down": 17, "positiveFeedbackRatio": 100}, "ordersCount": 7259, "issueInvoices": false, "deliveryTime": "automated"}, "isSelectedOffer": false, "isPromotedOffer": false, "type": "dropshipping", "prices": {"normal": {"price": "26.03", "discountPercent": "0", "discountAmount": "0.00", "basePrice": "26.03"}, "plus": {"price": "23.70", "suggestedPrice": "26.03", "discountPercent": "9", "discountAmount": "2.33", "basePrice": "23.70", "baseSuggestedPrice": "26.03"}}, "currency": "EUR", "offerType": "instant"}, {"offerID": "11710322", "offerUUID": "4fc66ce3-94a6-4751-bce2-f7ab6b174edb", "seller": {"id": "f74c2d89-9055-4bb6-ad00-c000dbb4a856", "name": "Superbkeys", "avatarUrl": "https://img.g2a.com/96x96/1x0x0/S4.png/4a8b4d3cb4d84c16ba274210", "initials": "Su", "type": "excellent", "rating": {"up": 6236, "neutral": 673, "down": 11, "positiveFeedbackRatio": 100}, "ordersCount": 6920, "issueInvoices": false, "deliveryTime": "automated"}, "isSelectedOffer": false, "isPromotedOffer": false, "type": "dropshipping", "prices": {"normal": {"price": "23.62", "discountPercent": "0", "discountAmount": "0.00", "basePrice": "23.62"}, "plus": {"price": "21.26", "suggestedPrice": "23.62", "discountPercent": "10", "discountAmount": "2.36", "basePrice": "21.26", "baseSuggestedPrice": "23.62"}}, "currency": "EUR", "offerType": "instant"}, {"offerID": "12258880", "offerUUID": "56b0a626-2273-4b30-93d0-83efaa59aeb5", "seller": {"id": "6075c220-a47c-4c12-a20a-3d3ceab378db", "name": "Gamesdivision", "avatarUrl": "https://img.g2a.com/96x96/1x0x0/G3.png/5f1bf9fe6e3b4f36bc66e372", "initials": "Ga", "type": "excellent", "rating": {"up": 1520, "neutral": 183, "down": 5, "positiveFeedbackRatio": 100}, "ordersCount": 1708, "issueInvoices": false, "deliveryTime": "automated"}, "isSelectedOffer": false, "isPromotedOffer": false, "type": "dropshipping", "prices": {"normal": {"price": "23.74", "discountPercent": "0", "discountAmount": "0.00", "basePrice": "23.74"}, "plus": {"price": "21.37", "suggestedPrice": "23.74", "discountPercent": "10", "discountAmount": "2.37", "basePrice": "21.37", "baseSuggestedPrice": "23.74"}}, "currency": "EUR", "offerType": "instant"}, {"offerID": "12558113", "offerUUID": "97e2e257-278b-4519-84ef-0981429d5623", "seller": {"id": "fbe071e1-b0cd-458a-ae46-fe1acfcfca74", "name": "Lancce", "avatarUrl": "https://img.g2a.com/96x96/1x0x0/a.png/1da518f98f4141bb9bd45820", "initials": "La", "type": "default", "rating": {"up": 151, "neutral": 24, "down": 0, "positiveFeedbackRatio": 100}, "ordersCount": 175, "issueInvoices": false, "deliveryTime": null}, "isSelectedOffer": false, "isPromotedOffer": false, "type": "dropshipping", "prices": {"normal": {"price": "23.51", "discountPercent": "0", "discountAmount": "0.00", "basePrice": "23.51"}, "plus": {"price": "21.16", "suggestedPrice": "23.51", "discountPercent": "10", "discountAmount": "2.35", "basePrice": "21.16", "baseSuggestedPrice": "23.51"}}, "currency": "EUR", "offerType": "instant"}, {"offerID": "12380669", "offerUUID": "08af232e-20fd-4622-a61a-31fb8e266ad8", "seller": {"id": "98c43478-2732-499c-a466-520a30a56828", "name": "Rottviler", "avatarUrl": "https://img.g2a.com/96x96/1x0x0/logo.png/b39e84cfa5844877a3ceb4bc", "initials": "Ro", "type": "default", "rating": {"up": 996, "neutral": 79, "down": 10, "positiveFeedbackRatio": 99}, "ordersCount": 1085, "issueInvoices": false, "deliveryTime": "automated"}, "isSelectedOffer": false, "isPromotedOffer": false, "type": "game", "prices": {"normal": {"price": "22.32", "discountPercent": "0", "discountAmount": "0.00", "basePrice": "22.32"}, "plus": {"price": "20.08", "suggestedPrice": "22.32", "discountPercent": "10", "discountAmount": "2.24", "basePrice": "20.08", "baseSuggestedPrice": "22.32"}}, "currency": "EUR", "offerType": "instant"}, {"offerID": "13097917", "offerUUID": "d1fce809-a67b-4cd2-a326-5337e3a262f1", "seller": {"id": "e0c674d0-a7ec-41e4-bce0-7f8e5dc50cb4", "name": "Gameshop_for_you", "avatarUrl": "", "initials": "Ga", "type": "default", "rating": {"up": 329, "neutral": 18, "down": 31, "positiveFeedbackRatio": 91}, "ordersCount": 378, "issueInvoices": false, "deliveryTime": "automated"}, "isSelectedOffer": false, "isPromotedOffer": false, "type": "game", "prices": {"normal": {"price": "20.40", "discountPercent": "0", "discountAmount": "0.00", "basePrice": "20.40"}, "plus": {"price": "18.36", "suggestedPrice": "20.40", "discountPercent": "10", "discountAmount": "2.04", "basePrice": "18.36", "baseSuggestedPrice": "20.40"}}, "currency": "EUR", "offerType": "instant"}, {"offerID": "13148867", "offerUUID": "14c571f5-5bfb-4420-87e3-36f3088ede6a", "seller": {"id": "a33768fe-1ced-4c84-b34a-e4faf63e69a6", "name": "Natural_gaming", "avatarUrl": "", "initials": "Na", "type": "default", "rating": {"up": 0, "neutral": 0, "down": 0, "positiveFeedbackRatio": 0}, "ordersCount": 0, "issueInvoices": false, "deliveryTime": "automated"}, "isSelectedOffer": false, "isPromotedOffer": false, "type": "game", "prices": {"normal": {"price": "20.58", "discountPercent": "0", "discountAmount": "0.00", "basePrice": "20.58"}, "plus": {"price": "18.52", "suggestedPrice": "20.58", "discountPercent": "10", "discountAmount": "2.06", "basePrice": "18.52", "baseSuggestedPrice": "20.58"}}, "currency": "EUR", "offerType": "instant"}], "productType": "digital", "error": null}}