{"data": {"offers": [{"offerID": "12953131", "offerUUID": "acc3d311-ed74-416a-8b9a-492cec90d70d", "seller": {"id": "df6d1682-f4b1-447e-bafc-9608a3850d82", "name": "Games4world", "avatarUrl": "https://img.g2a.com/96x96/1x0x0/uarantee-badge-fast-delivery-logo-11563011011jf18lxafmj.png/8c2abdd9c0c14d10b05ddec2", "initials": "Ga", "type": "excellent", "rating": {"up": 3187, "neutral": 638, "down": 4, "positiveFeedbackRatio": 100}, "ordersCount": 3829, "issueInvoices": false, "deliveryTime": "automated"}, "isSelectedOffer": false, "isPromotedOffer": true, "promotedOffer": {"campaignId": "50", "showId": "565c9b70-90a7-410b-b5d6-30d4f1b0a821", "requestId": "|6DkB61nOg+F2RCRTLdif0T0uczVWd9WGL+77.Y79mtx3k_m0pkM7.ppj6wq_", "skc": "unknown-skc"}, "type": "dropshipping", "prices": {"normal": {"price": "40.36", "discountPercent": "0", "discountAmount": "0.00", "basePrice": "40.36"}, "plus": {"price": "40.36", "discountPercent": "0", "discountAmount": "0.00", "basePrice": "40.36"}}, "currency": "EUR", "offerType": "instant"}], "productType": "digital", "error": null}}