{"data": {"offers": [{"offerID": "13142468", "offerUUID": "d4d7ae3e-f411-4407-b944-c1fdabad030b", "seller": {"id": "98c43478-2732-499c-a466-520a30a56828", "name": "Rottviler", "avatarUrl": "https://img.g2a.com/96x96/1x0x0/logo.png/b39e84cfa5844877a3ceb4bc", "initials": "Ro", "type": "default", "rating": {"up": 999, "neutral": 79, "down": 11, "positiveFeedbackRatio": 99}, "ordersCount": 1089, "issueInvoices": false, "deliveryTime": "automated"}, "isSelectedOffer": false, "isPromotedOffer": true, "promotedOffer": {"campaignId": "187", "showId": "a38689c9-9c58-480a-9832-6a3a6a602207", "requestId": "|3Elbd18izaa2u63WC5bx4ijAZHF/81BJQtkM.n9hmHaXX_htrmva.xaL7Yz_", "skc": "unknown-skc"}, "type": "game", "prices": {"normal": {"price": "3.32", "suggestedPrice": "14.99", "discountPercent": "78", "discountAmount": "11.67", "basePrice": "3.32", "baseSuggestedPrice": "14.99"}, "plus": {"price": "2.99", "suggestedPrice": "14.99", "discountPercent": "80", "discountAmount": "12.00", "basePrice": "2.99", "baseSuggestedPrice": "14.99"}}, "currency": "EUR", "offerType": "instant"}, {"offerID": "12917148", "offerUUID": "73bfc699-7048-4831-883b-2d4b09ce357a", "seller": {"id": "9c5b72dd-941b-46ed-91b2-65ef37169c97", "name": "Gamersuniverse", "avatarUrl": "https://img.g2a.com/96x96/1x0x0/GameUniverse.png/082c50251210454fbb2a26d0", "initials": "Ga", "type": "excellent", "rating": {"up": 75717, "neutral": 5540, "down": 248, "positiveFeedbackRatio": 100}, "ordersCount": 81505, "issueInvoices": false, "deliveryTime": "automated"}, "isSelectedOffer": false, "isPromotedOffer": false, "type": "dropshipping", "prices": {"normal": {"price": "4.81", "suggestedPrice": "14.99", "discountPercent": "68", "discountAmount": "10.18", "basePrice": "4.81", "baseSuggestedPrice": "14.99"}, "plus": {"price": "4.33", "suggestedPrice": "14.99", "discountPercent": "71", "discountAmount": "10.66", "basePrice": "4.33", "baseSuggestedPrice": "14.99"}}, "currency": "EUR", "offerType": "instant"}, {"offerID": "13140106", "offerUUID": "000a60d9-abc4-45d8-a3ee-9046555fe09a", "seller": {"id": "7ee85a85-32e5-4741-aeff-bede00e135a0", "name": "Fun_keys", "avatarUrl": "https://img.g2a.com/96x96/1x0x0/33.jpg/60313c5b46177c4151397092", "initials": "Fu", "type": "excellent", "rating": {"up": 7809, "neutral": 53, "down": 1, "positiveFeedbackRatio": 100}, "ordersCount": 7863, "issueInvoices": false, "deliveryTime": "automated"}, "isSelectedOffer": false, "isPromotedOffer": false, "type": "game", "prices": {"normal": {"price": "3.44", "suggestedPrice": "14.99", "discountPercent": "77", "discountAmount": "11.55", "basePrice": "3.44", "baseSuggestedPrice": "14.99"}, "plus": {"price": "3.09", "suggestedPrice": "14.99", "discountPercent": "79", "discountAmount": "11.90", "basePrice": "3.09", "baseSuggestedPrice": "14.99"}}, "currency": "EUR", "offerType": "instant"}, {"offerID": "12917149", "offerUUID": "45a5f2d5-c5e6-4d7e-8434-b8394ac1f2c6", "seller": {"id": "f74c2d89-9055-4bb6-ad00-c000dbb4a856", "name": "Superbkeys", "avatarUrl": "https://img.g2a.com/96x96/1x0x0/S4.png/4a8b4d3cb4d84c16ba274210", "initials": "Su", "type": "excellent", "rating": {"up": 6216, "neutral": 672, "down": 12, "positiveFeedbackRatio": 100}, "ordersCount": 6900, "issueInvoices": false, "deliveryTime": "automated"}, "isSelectedOffer": false, "isPromotedOffer": false, "type": "dropshipping", "prices": {"normal": {"price": "5.04", "suggestedPrice": "14.99", "discountPercent": "66", "discountAmount": "9.95", "basePrice": "5.04", "baseSuggestedPrice": "14.99"}, "plus": {"price": "4.54", "suggestedPrice": "14.99", "discountPercent": "70", "discountAmount": "10.45", "basePrice": "4.54", "baseSuggestedPrice": "14.99"}}, "currency": "EUR", "offerType": "instant"}, {"offerID": "12917146", "offerUUID": "06972580-d887-4a26-b13a-091eceb58b66", "seller": {"id": "6075c220-a47c-4c12-a20a-3d3ceab378db", "name": "Gamesdivision", "avatarUrl": "https://img.g2a.com/96x96/1x0x0/G3.png/5f1bf9fe6e3b4f36bc66e372", "initials": "Ga", "type": "excellent", "rating": {"up": 1518, "neutral": 183, "down": 5, "positiveFeedbackRatio": 100}, "ordersCount": 1706, "issueInvoices": false, "deliveryTime": "automated"}, "isSelectedOffer": false, "isPromotedOffer": false, "type": "dropshipping", "prices": {"normal": {"price": "5.07", "suggestedPrice": "14.99", "discountPercent": "66", "discountAmount": "9.92", "basePrice": "5.07", "baseSuggestedPrice": "14.99"}, "plus": {"price": "4.56", "suggestedPrice": "14.99", "discountPercent": "70", "discountAmount": "10.43", "basePrice": "4.56", "baseSuggestedPrice": "14.99"}}, "currency": "EUR", "offerType": "instant"}, {"offerID": "13149105", "offerUUID": "10890226-506d-4aad-a5f4-0ffe91183135", "seller": {"id": "528ae0f0-1baf-4604-bdea-a8b27bc90417", "name": "True_keys", "avatarUrl": "https://img.g2a.com/96x96/1x0x0/keys-large.png/5AMjnNbDHHSqQsbArpmKPE", "initials": "Tr", "type": "default", "rating": {"up": 273, "neutral": 13, "down": 1, "positiveFeedbackRatio": 100}, "ordersCount": 287, "issueInvoices": false, "deliveryTime": "automated"}, "isSelectedOffer": false, "isPromotedOffer": false, "type": "game", "prices": {"normal": {"price": "1.99", "suggestedPrice": "14.99", "discountPercent": "87", "discountAmount": "13.00", "basePrice": "1.99", "baseSuggestedPrice": "14.99"}, "plus": {"price": "1.79", "suggestedPrice": "14.99", "discountPercent": "88", "discountAmount": "13.20", "basePrice": "1.79", "baseSuggestedPrice": "14.99"}}, "currency": "EUR", "offerType": "instant"}, {"offerID": "12917147", "offerUUID": "833098bd-5c90-4c00-b838-2236c44616c4", "seller": {"id": "fbe071e1-b0cd-458a-ae46-fe1acfcfca74", "name": "Lancce", "avatarUrl": "https://img.g2a.com/96x96/1x0x0/a.png/1da518f98f4141bb9bd45820", "initials": "La", "type": "default", "rating": {"up": 152, "neutral": 24, "down": 0, "positiveFeedbackRatio": 100}, "ordersCount": 176, "issueInvoices": false, "deliveryTime": null}, "isSelectedOffer": false, "isPromotedOffer": false, "type": "dropshipping", "prices": {"normal": {"price": "5.01", "suggestedPrice": "14.99", "discountPercent": "67", "discountAmount": "9.98", "basePrice": "5.01", "baseSuggestedPrice": "14.99"}, "plus": {"price": "4.51", "suggestedPrice": "14.99", "discountPercent": "70", "discountAmount": "10.48", "basePrice": "4.51", "baseSuggestedPrice": "14.99"}}, "currency": "EUR", "offerType": "instant"}, {"offerID": "13161298", "offerUUID": "370e7123-fea2-4362-91ca-8ac0316ffb3e", "seller": {"id": "fb17d2be-baf3-470d-929a-30c25ee0917e", "name": "Lura_games", "avatarUrl": "https://img.g2a.com/96x96/1x0x0/b295373c1a230ffcee87b9f8880fe5dc.png/a9234ed5ff814af991c3c352", "initials": "Lu", "type": "default", "rating": {"up": 41, "neutral": 0, "down": 0, "positiveFeedbackRatio": 100}, "ordersCount": 41, "issueInvoices": false, "deliveryTime": "automated"}, "isSelectedOffer": false, "isPromotedOffer": false, "type": "game", "prices": {"normal": {"price": "1.53", "suggestedPrice": "14.99", "discountPercent": "90", "discountAmount": "13.46", "basePrice": "1.53", "baseSuggestedPrice": "14.99"}, "plus": {"price": "1.37", "suggestedPrice": "14.99", "discountPercent": "91", "discountAmount": "13.62", "basePrice": "1.37", "baseSuggestedPrice": "14.99"}}, "currency": "EUR", "offerType": "instant"}, {"offerID": "13147250", "offerUUID": "7fcd7fe9-e45a-4181-8b8c-992477cd5f79", "seller": {"id": "359b7ac8-e9cb-4587-aa03-7f3ee15b72ac", "name": "Raresmac", "avatarUrl": "", "initials": "Ra", "type": "default", "rating": {"up": 7, "neutral": 0, "down": 0, "positiveFeedbackRatio": 100}, "ordersCount": 7, "issueInvoices": false, "deliveryTime": "automated"}, "isSelectedOffer": false, "isPromotedOffer": false, "type": "game", "prices": {"normal": {"price": "2.10", "suggestedPrice": "14.99", "discountPercent": "86", "discountAmount": "12.89", "basePrice": "2.10", "baseSuggestedPrice": "14.99"}, "plus": {"price": "1.89", "suggestedPrice": "14.99", "discountPercent": "87", "discountAmount": "13.10", "basePrice": "1.89", "baseSuggestedPrice": "14.99"}}, "currency": "EUR", "offerType": "instant"}, {"offerID": "13133849", "offerUUID": "ec4978d0-694f-4110-a1f5-23e8974e73af", "seller": {"id": "f5c2bce1-68fd-4f14-bb9a-22b7fcb6dd9a", "name": "Gathshop", "avatarUrl": "https://img.g2a.com/96x96/1x0x0/0f7849235046454b698f18fa912d797058b81fca_full.jpg/9c79b5b37dec4ebe968b1751", "initials": "Ga", "type": "default", "rating": {"up": 4, "neutral": 1, "down": 0, "positiveFeedbackRatio": 100}, "ordersCount": 5, "issueInvoices": false, "deliveryTime": null}, "isSelectedOffer": false, "isPromotedOffer": false, "type": "game", "prices": {"normal": {"price": "4.49", "suggestedPrice": "14.99", "discountPercent": "70", "discountAmount": "10.50", "basePrice": "4.49", "baseSuggestedPrice": "14.99"}, "plus": {"price": "4.04", "suggestedPrice": "14.99", "discountPercent": "73", "discountAmount": "10.95", "basePrice": "4.04", "baseSuggestedPrice": "14.99"}}, "currency": "EUR", "offerType": "instant"}, {"offerID": "13161038", "offerUUID": "3c353cf7-33d6-4125-8cdd-b874b224925b", "seller": {"id": "01ded3e9-6d25-466d-8626-803bd3e310d2", "name": "Thriftshop101", "avatarUrl": "", "initials": "Th", "type": "default", "rating": {"up": 3, "neutral": 0, "down": 0, "positiveFeedbackRatio": 100}, "ordersCount": 3, "issueInvoices": false, "deliveryTime": "automated"}, "isSelectedOffer": false, "isPromotedOffer": false, "type": "game", "prices": {"normal": {"price": "1.54", "suggestedPrice": "14.99", "discountPercent": "90", "discountAmount": "13.45", "basePrice": "1.54", "baseSuggestedPrice": "14.99"}, "plus": {"price": "1.39", "suggestedPrice": "14.99", "discountPercent": "91", "discountAmount": "13.60", "basePrice": "1.39", "baseSuggestedPrice": "14.99"}}, "currency": "EUR", "offerType": "instant"}, {"offerID": "13141675", "offerUUID": "f4d242bb-2add-4127-ba34-9db9cfaf4883", "seller": {"id": "a6ded5c5-3795-43c3-818b-8a5d76ebe0c9", "name": "Marttello", "avatarUrl": "https://img.g2a.com/96x96/1x0x0/images (61).jpeg/997b72eb24c54438b9e72412", "initials": "Ma", "type": "default", "rating": {"up": 832, "neutral": 86, "down": 5, "positiveFeedbackRatio": 99}, "ordersCount": 923, "issueInvoices": false, "deliveryTime": "automated"}, "isSelectedOffer": false, "isPromotedOffer": false, "type": "game", "prices": {"normal": {"price": "3.33", "suggestedPrice": "14.99", "discountPercent": "78", "discountAmount": "11.66", "basePrice": "3.33", "baseSuggestedPrice": "14.99"}, "plus": {"price": "3.00", "suggestedPrice": "14.99", "discountPercent": "80", "discountAmount": "11.99", "basePrice": "3.00", "baseSuggestedPrice": "14.99"}}, "currency": "EUR", "offerType": "instant"}, {"offerID": "13144679", "offerUUID": "87b44f8d-8466-40e7-b931-677fd8c4d10a", "seller": {"id": "ff3f5d20-1f84-421e-bafb-f71e877efba4", "name": "Gks_store", "avatarUrl": "", "initials": "Gk", "type": "default", "rating": {"up": 660, "neutral": 27, "down": 5, "positiveFeedbackRatio": 99}, "ordersCount": 692, "issueInvoices": false, "deliveryTime": "automated"}, "isSelectedOffer": false, "isPromotedOffer": false, "type": "game", "prices": {"normal": {"price": "3.42", "suggestedPrice": "14.99", "discountPercent": "77", "discountAmount": "11.57", "basePrice": "3.42", "baseSuggestedPrice": "14.99"}, "plus": {"price": "3.08", "suggestedPrice": "14.99", "discountPercent": "79", "discountAmount": "11.91", "basePrice": "3.08", "baseSuggestedPrice": "14.99"}}, "currency": "EUR", "offerType": "instant"}, {"offerID": "13144134", "offerUUID": "e1579f05-b33c-424d-bc30-f03f4adfe5c3", "seller": {"id": "af1055f4-9bc4-4970-9be3-6eb945ddb6b3", "name": "Elite_gamers", "avatarUrl": "https://img.g2a.com/96x96/1x0x0/my logo Elite.png/602667ae7e696c4e8219ee12", "initials": "El", "type": "default", "rating": {"up": 187, "neutral": 24, "down": 1, "positiveFeedbackRatio": 99}, "ordersCount": 212, "issueInvoices": false, "deliveryTime": "automated"}, "isSelectedOffer": false, "isPromotedOffer": false, "type": "game", "prices": {"normal": {"price": "3.31", "suggestedPrice": "14.99", "discountPercent": "78", "discountAmount": "11.68", "basePrice": "3.31", "baseSuggestedPrice": "14.99"}, "plus": {"price": "2.98", "suggestedPrice": "14.99", "discountPercent": "80", "discountAmount": "12.01", "basePrice": "2.98", "baseSuggestedPrice": "14.99"}}, "currency": "EUR", "offerType": "instant"}, {"offerID": "13136190", "offerUUID": "d33332d4-1311-4dc8-b6af-e249643c233c", "seller": {"id": "7f133cb2-75d9-4caf-89bd-7f953f2da613", "name": "Digital_power", "avatarUrl": "https://img.g2a.com/96x96/1x0x0/like neon.png/6030033746177c63840b06b2", "initials": "Di", "type": "default", "rating": {"up": 121, "neutral": 7, "down": 3, "positiveFeedbackRatio": 98}, "ordersCount": 131, "issueInvoices": false, "deliveryTime": "automated"}, "isSelectedOffer": false, "isPromotedOffer": false, "type": "game", "prices": {"normal": {"price": "5.00", "suggestedPrice": "14.99", "discountPercent": "67", "discountAmount": "9.99", "basePrice": "5.00", "baseSuggestedPrice": "14.99"}, "plus": {"price": "4.50", "suggestedPrice": "14.99", "discountPercent": "70", "discountAmount": "10.49", "basePrice": "4.50", "baseSuggestedPrice": "14.99"}}, "currency": "EUR", "offerType": "instant"}, {"offerID": "12793447", "offerUUID": "2ce0ce43-caba-4b7b-8293-36bb40da559b", "seller": {"id": "9b93dddf-8aaa-46dc-bf2d-948e7aeaa70f", "name": "Allgameworld", "avatarUrl": "", "initials": "Al", "type": "excellent", "rating": {"up": 4974, "neutral": 163, "down": 132, "positiveFeedbackRatio": 97}, "ordersCount": 5269, "issueInvoices": false, "deliveryTime": "automated"}, "isSelectedOffer": false, "isPromotedOffer": false, "type": "game", "prices": {"normal": {"price": "9.64", "suggestedPrice": "14.99", "discountPercent": "36", "discountAmount": "5.35", "basePrice": "9.64", "baseSuggestedPrice": "14.99"}, "plus": {"price": "8.67", "suggestedPrice": "14.99", "discountPercent": "42", "discountAmount": "6.32", "basePrice": "8.67", "baseSuggestedPrice": "14.99"}}, "currency": "EUR", "offerType": "instant"}], "productType": "digital", "error": null}}