{"data": {"offers": [{"offerID": "12536422", "offerUUID": "3738b597-e158-4b95-a1fd-0f0587511a0f", "seller": {"id": "98c43478-2732-499c-a466-520a30a56828", "name": "Rottviler", "avatarUrl": "https://img.g2a.com/96x96/1x0x0/logo.png/b39e84cfa5844877a3ceb4bc", "initials": "Ro", "type": "default", "rating": {"up": 999, "neutral": 79, "down": 11, "positiveFeedbackRatio": 99}, "ordersCount": 1089, "issueInvoices": false, "deliveryTime": "automated"}, "isSelectedOffer": false, "isPromotedOffer": true, "promotedOffer": {"campaignId": "187", "showId": "edec1e03-72a1-45db-9991-1e00d245abf1", "requestId": "|u0CAj9rBUDGUdhnf9zpdG7RtASTY3ippzsB3.7DJmdz0S_uSGSwU.GvS7t8_", "skc": "unknown-skc"}, "type": "game", "prices": {"normal": {"price": "7.77", "suggestedPrice": "49.99", "discountPercent": "84", "discountAmount": "42.22", "basePrice": "7.77", "baseSuggestedPrice": "49.99"}, "plus": {"price": "6.99", "suggestedPrice": "49.99", "discountPercent": "86", "discountAmount": "43.00", "basePrice": "6.99", "baseSuggestedPrice": "49.99"}}, "currency": "EUR", "offerType": "instant"}, {"offerID": "12482031", "offerUUID": "795e8956-1759-4527-ace2-28050ea9a723", "seller": {"id": "9c5b72dd-941b-46ed-91b2-65ef37169c97", "name": "Gamersuniverse", "avatarUrl": "https://img.g2a.com/96x96/1x0x0/GameUniverse.png/082c50251210454fbb2a26d0", "initials": "Ga", "type": "excellent", "rating": {"up": 75717, "neutral": 5540, "down": 248, "positiveFeedbackRatio": 100}, "ordersCount": 81505, "issueInvoices": false, "deliveryTime": "automated"}, "isSelectedOffer": false, "isPromotedOffer": false, "type": "dropshipping", "prices": {"normal": {"price": "7.69", "suggestedPrice": "49.99", "discountPercent": "85", "discountAmount": "42.30", "basePrice": "7.69", "baseSuggestedPrice": "49.99"}, "plus": {"price": "6.92", "suggestedPrice": "49.99", "discountPercent": "86", "discountAmount": "43.07", "basePrice": "6.92", "baseSuggestedPrice": "49.99"}}, "currency": "EUR", "offerType": "instant"}, {"offerID": "13076638", "offerUUID": "f541aeef-d5df-4c6d-a581-91e22a87810d", "seller": {"id": "93a37575-e3bb-4b21-b36a-64fa3e888966", "name": "Games_factory", "avatarUrl": "https://img.g2a.com/96x96/1x0x0/logo2.jpg/c45e4f861a0c4078b285dff4", "initials": "Ga", "type": "excellent", "rating": {"up": 34687, "neutral": 2722, "down": 103, "positiveFeedbackRatio": 100}, "ordersCount": 37512, "issueInvoices": false, "deliveryTime": "automated"}, "isSelectedOffer": false, "isPromotedOffer": false, "type": "dropshipping", "prices": {"normal": {"price": "10.86", "suggestedPrice": "49.99", "discountPercent": "78", "discountAmount": "39.13", "basePrice": "10.86", "baseSuggestedPrice": "49.99"}, "plus": {"price": "9.78", "suggestedPrice": "49.99", "discountPercent": "80", "discountAmount": "40.21", "basePrice": "9.78", "baseSuggestedPrice": "49.99"}}, "currency": "EUR", "offerType": "instant"}, {"offerID": "12794169", "offerUUID": "10428dc3-b5d3-4339-9df1-688d2e640b3c", "seller": {"id": "dabd25fb-f026-4d09-96b0-cbbc2b36dc1a", "name": "Instant_game", "avatarUrl": "https://img.g2a.com/96x96/1x0x0/instant-gaming-logo.png/1b629b69bea641d380f9aeac", "initials": "In", "type": "excellent", "rating": {"up": 9433, "neutral": 772, "down": 11, "positiveFeedbackRatio": 100}, "ordersCount": 10216, "issueInvoices": false, "deliveryTime": "automated"}, "isSelectedOffer": false, "isPromotedOffer": false, "type": "dropshipping", "prices": {"normal": {"price": "9.05", "suggestedPrice": "49.99", "discountPercent": "82", "discountAmount": "40.94", "basePrice": "9.05", "baseSuggestedPrice": "49.99"}, "plus": {"price": "8.14", "suggestedPrice": "49.99", "discountPercent": "84", "discountAmount": "41.85", "basePrice": "8.14", "baseSuggestedPrice": "49.99"}}, "currency": "EUR", "offerType": "instant"}, {"offerID": "13157436", "offerUUID": "590fa461-fedb-455f-a449-d0b5825ef52b", "seller": {"id": "7ee85a85-32e5-4741-aeff-bede00e135a0", "name": "Fun_keys", "avatarUrl": "https://img.g2a.com/96x96/1x0x0/33.jpg/60313c5b46177c4151397092", "initials": "Fu", "type": "excellent", "rating": {"up": 7809, "neutral": 53, "down": 1, "positiveFeedbackRatio": 100}, "ordersCount": 7863, "issueInvoices": false, "deliveryTime": "automated"}, "isSelectedOffer": false, "isPromotedOffer": false, "type": "game", "prices": {"normal": {"price": "7.52", "suggestedPrice": "49.99", "discountPercent": "85", "discountAmount": "42.47", "basePrice": "7.52", "baseSuggestedPrice": "49.99"}, "plus": {"price": "6.76", "suggestedPrice": "49.99", "discountPercent": "86", "discountAmount": "43.23", "basePrice": "6.76", "baseSuggestedPrice": "49.99"}}, "currency": "EUR", "offerType": "instant"}, {"offerID": "12481874", "offerUUID": "654befad-2e84-472c-8f61-bdc88caa0034", "seller": {"id": "f74c2d89-9055-4bb6-ad00-c000dbb4a856", "name": "Superbkeys", "avatarUrl": "https://img.g2a.com/96x96/1x0x0/S4.png/4a8b4d3cb4d84c16ba274210", "initials": "Su", "type": "excellent", "rating": {"up": 6216, "neutral": 672, "down": 12, "positiveFeedbackRatio": 100}, "ordersCount": 6900, "issueInvoices": false, "deliveryTime": "automated"}, "isSelectedOffer": false, "isPromotedOffer": false, "type": "dropshipping", "prices": {"normal": {"price": "8.02", "suggestedPrice": "49.99", "discountPercent": "84", "discountAmount": "41.97", "basePrice": "8.02", "baseSuggestedPrice": "49.99"}, "plus": {"price": "7.22", "suggestedPrice": "49.99", "discountPercent": "86", "discountAmount": "42.77", "basePrice": "7.22", "baseSuggestedPrice": "49.99"}}, "currency": "EUR", "offerType": "instant"}, {"offerID": "12577080", "offerUUID": "cc89217e-aae9-4fc9-bdef-bcb01d0f9ad6", "seller": {"id": "4ef9ea30-eb97-43f7-86bf-83401ff79d7b", "name": "Gr8keys", "avatarUrl": "", "initials": "Gr", "type": "excellent", "rating": {"up": 4068, "neutral": 193, "down": 13, "positiveFeedbackRatio": 100}, "ordersCount": 4274, "issueInvoices": false, "deliveryTime": "automated"}, "isSelectedOffer": false, "isPromotedOffer": false, "type": "game", "prices": {"normal": {"price": "23.39", "suggestedPrice": "49.99", "discountPercent": "53", "discountAmount": "26.60", "basePrice": "23.39", "baseSuggestedPrice": "49.99"}, "plus": {"price": "21.05", "suggestedPrice": "49.99", "discountPercent": "58", "discountAmount": "28.94", "basePrice": "21.05", "baseSuggestedPrice": "49.99"}}, "currency": "EUR", "offerType": "instant"}, {"offerID": "12760676", "offerUUID": "fe31574d-3902-4f75-b7a1-a324cdb19cc0", "seller": {"id": "40082490-9956-43a9-8646-996373fc736c", "name": "Savedgames", "avatarUrl": "", "initials": "Sa", "type": "excellent", "rating": {"up": 1957, "neutral": 173, "down": 3, "positiveFeedbackRatio": 100}, "ordersCount": 2133, "issueInvoices": true, "deliveryTime": "automated"}, "isSelectedOffer": false, "isPromotedOffer": false, "type": "game", "prices": {"normal": {"price": "14.75", "suggestedPrice": "49.99", "discountPercent": "70", "discountAmount": "35.24", "basePrice": "14.75", "baseSuggestedPrice": "49.99"}, "plus": {"price": "13.28", "suggestedPrice": "49.99", "discountPercent": "73", "discountAmount": "36.71", "basePrice": "13.28", "baseSuggestedPrice": "49.99"}}, "currency": "EUR", "offerType": "instant"}, {"offerID": "13160841", "offerUUID": "f78e8c21-394f-49ad-a0a4-ada81a6ba353", "seller": {"id": "d4d66234-acdc-43df-ad22-d39ac8168528", "name": "Trusted_keys_rep", "avatarUrl": "", "initials": "Tr", "type": "excellent", "rating": {"up": 1845, "neutral": 16, "down": 7, "positiveFeedbackRatio": 100}, "ordersCount": 1868, "issueInvoices": false, "deliveryTime": "automated"}, "isSelectedOffer": false, "isPromotedOffer": false, "type": "game", "prices": {"normal": {"price": "4.59", "suggestedPrice": "49.99", "discountPercent": "91", "discountAmount": "45.40", "basePrice": "4.59", "baseSuggestedPrice": "49.99"}, "plus": {"price": "4.13", "suggestedPrice": "49.99", "discountPercent": "92", "discountAmount": "45.86", "basePrice": "4.13", "baseSuggestedPrice": "49.99"}}, "currency": "EUR", "offerType": "instant"}, {"offerID": "12481875", "offerUUID": "f3a6bd45-1702-42ae-b2ff-af3f35b1bc42", "seller": {"id": "6075c220-a47c-4c12-a20a-3d3ceab378db", "name": "Gamesdivision", "avatarUrl": "https://img.g2a.com/96x96/1x0x0/G3.png/5f1bf9fe6e3b4f36bc66e372", "initials": "Ga", "type": "excellent", "rating": {"up": 1518, "neutral": 183, "down": 5, "positiveFeedbackRatio": 100}, "ordersCount": 1706, "issueInvoices": false, "deliveryTime": "automated"}, "isSelectedOffer": false, "isPromotedOffer": false, "type": "dropshipping", "prices": {"normal": {"price": "8.07", "suggestedPrice": "49.99", "discountPercent": "84", "discountAmount": "41.92", "basePrice": "8.07", "baseSuggestedPrice": "49.99"}, "plus": {"price": "7.26", "suggestedPrice": "49.99", "discountPercent": "85", "discountAmount": "42.73", "basePrice": "7.26", "baseSuggestedPrice": "49.99"}}, "currency": "EUR", "offerType": "instant"}, {"offerID": "13022768", "offerUUID": "22aaac98-e908-4c34-a041-446d0721d60b", "seller": {"id": "37767863-7f35-4fab-b205-7ced9114fd9d", "name": "Mastersdeal", "avatarUrl": "https://img.g2a.com/96x96/1x0x0/LOGO_G2A.png/603e0ced7e696c42c9408e02", "initials": "Ma", "type": "default", "rating": {"up": 812, "neutral": 8, "down": 0, "positiveFeedbackRatio": 100}, "ordersCount": 820, "issueInvoices": false, "deliveryTime": "automated"}, "isSelectedOffer": false, "isPromotedOffer": false, "type": "game", "prices": {"normal": {"price": "15.98", "suggestedPrice": "49.99", "discountPercent": "68", "discountAmount": "34.01", "basePrice": "15.98", "baseSuggestedPrice": "49.99"}, "plus": {"price": "14.38", "suggestedPrice": "49.99", "discountPercent": "71", "discountAmount": "35.61", "basePrice": "14.38", "baseSuggestedPrice": "49.99"}}, "currency": "EUR", "offerType": "instant"}, {"offerID": "13152828", "offerUUID": "14f44e31-b99d-4a89-8621-8b0695c12983", "seller": {"id": "528ae0f0-1baf-4604-bdea-a8b27bc90417", "name": "True_keys", "avatarUrl": "https://img.g2a.com/96x96/1x0x0/keys-large.png/5AMjnNbDHHSqQsbArpmKPE", "initials": "Tr", "type": "default", "rating": {"up": 273, "neutral": 13, "down": 1, "positiveFeedbackRatio": 100}, "ordersCount": 287, "issueInvoices": false, "deliveryTime": "automated"}, "isSelectedOffer": false, "isPromotedOffer": false, "type": "game", "prices": {"normal": {"price": "8.99", "suggestedPrice": "49.99", "discountPercent": "82", "discountAmount": "41.00", "basePrice": "8.99", "baseSuggestedPrice": "49.99"}, "plus": {"price": "8.09", "suggestedPrice": "49.99", "discountPercent": "84", "discountAmount": "41.90", "basePrice": "8.09", "baseSuggestedPrice": "49.99"}}, "currency": "EUR", "offerType": "instant"}, {"offerID": "12556565", "offerUUID": "f50e9ba2-262d-4a2c-8089-b17c816adb1a", "seller": {"id": "fbe071e1-b0cd-458a-ae46-fe1acfcfca74", "name": "Lancce", "avatarUrl": "https://img.g2a.com/96x96/1x0x0/a.png/1da518f98f4141bb9bd45820", "initials": "La", "type": "default", "rating": {"up": 152, "neutral": 24, "down": 0, "positiveFeedbackRatio": 100}, "ordersCount": 176, "issueInvoices": false, "deliveryTime": null}, "isSelectedOffer": false, "isPromotedOffer": false, "type": "dropshipping", "prices": {"normal": {"price": "7.98", "suggestedPrice": "49.99", "discountPercent": "84", "discountAmount": "42.01", "basePrice": "7.98", "baseSuggestedPrice": "49.99"}, "plus": {"price": "7.18", "suggestedPrice": "49.99", "discountPercent": "86", "discountAmount": "42.81", "basePrice": "7.18", "baseSuggestedPrice": "49.99"}}, "currency": "EUR", "offerType": "instant"}, {"offerID": "13152823", "offerUUID": "8280a61d-8bc7-472a-a04b-f1f0b545934e", "seller": {"id": "478a3e25-68da-487e-aaaa-20ea989688bd", "name": "Zmoracieni", "avatarUrl": "", "initials": "Zm", "type": "default", "rating": {"up": 5, "neutral": 1, "down": 0, "positiveFeedbackRatio": 100}, "ordersCount": 6, "issueInvoices": false, "deliveryTime": "automated"}, "isSelectedOffer": false, "isPromotedOffer": false, "type": "game", "prices": {"normal": {"price": "6.27", "suggestedPrice": "49.99", "discountPercent": "87", "discountAmount": "43.72", "basePrice": "6.27", "baseSuggestedPrice": "49.99"}, "plus": {"price": "5.65", "suggestedPrice": "49.99", "discountPercent": "89", "discountAmount": "44.34", "basePrice": "5.65", "baseSuggestedPrice": "49.99"}}, "currency": "EUR", "offerType": "instant"}, {"offerID": "13152926", "offerUUID": "34b17d94-6547-47d9-bf24-8a828d77b454", "seller": {"id": "2ba315aa-334e-4e08-b2ba-e67cdf7ce44d", "name": "Capdrew", "avatarUrl": "", "initials": "Ca", "type": "default", "rating": {"up": 5, "neutral": 0, "down": 0, "positiveFeedbackRatio": 100}, "ordersCount": 5, "issueInvoices": false, "deliveryTime": "automated"}, "isSelectedOffer": false, "isPromotedOffer": false, "type": "game", "prices": {"normal": {"price": "5.82", "suggestedPrice": "49.99", "discountPercent": "88", "discountAmount": "44.17", "basePrice": "5.82", "baseSuggestedPrice": "49.99"}, "plus": {"price": "5.24", "suggestedPrice": "49.99", "discountPercent": "90", "discountAmount": "44.75", "basePrice": "5.24", "baseSuggestedPrice": "49.99"}}, "currency": "EUR", "offerType": "instant"}, {"offerID": "13152812", "offerUUID": "7d9deb6c-5844-41f5-ae54-e035ee8c816f", "seller": {"id": "11056ced-efe4-4301-a5c0-3692fe189a94", "name": "Seller1337_9", "avatarUrl": "", "initials": "Se", "type": "default", "rating": {"up": 2, "neutral": 0, "down": 0, "positiveFeedbackRatio": 100}, "ordersCount": 2, "issueInvoices": false, "deliveryTime": "automated"}, "isSelectedOffer": false, "isPromotedOffer": false, "type": "game", "prices": {"normal": {"price": "8.70", "suggestedPrice": "49.99", "discountPercent": "83", "discountAmount": "41.29", "basePrice": "8.70", "baseSuggestedPrice": "49.99"}, "plus": {"price": "7.83", "suggestedPrice": "49.99", "discountPercent": "84", "discountAmount": "42.16", "basePrice": "7.83", "baseSuggestedPrice": "49.99"}}, "currency": "EUR", "offerType": "instant"}, {"offerID": "13153113", "offerUUID": "47f832d6-4375-460c-89e5-629bf2b347af", "seller": {"id": "68ad0a98-43fe-41b8-84c8-69b138382d31", "name": "Fanturino", "avatarUrl": "", "initials": "Fa", "type": "default", "rating": {"up": 1, "neutral": 0, "down": 0, "positiveFeedbackRatio": 100}, "ordersCount": 1, "issueInvoices": false, "deliveryTime": null}, "isSelectedOffer": false, "isPromotedOffer": false, "type": "game", "prices": {"normal": {"price": "5.03", "suggestedPrice": "49.99", "discountPercent": "90", "discountAmount": "44.96", "basePrice": "5.03", "baseSuggestedPrice": "49.99"}, "plus": {"price": "4.53", "suggestedPrice": "49.99", "discountPercent": "91", "discountAmount": "45.46", "basePrice": "4.53", "baseSuggestedPrice": "49.99"}}, "currency": "EUR", "offerType": "instant"}, {"offerID": "13153000", "offerUUID": "38c9607c-c5ee-4aef-8425-8a0d0ac5850b", "seller": {"id": "4b6be03e-d554-4cc4-8f2a-d67e7b252fd5", "name": "Thecrimsonking96", "avatarUrl": "", "initials": "Th", "type": "default", "rating": {"up": 1, "neutral": 0, "down": 0, "positiveFeedbackRatio": 100}, "ordersCount": 1, "issueInvoices": false, "deliveryTime": null}, "isSelectedOffer": false, "isPromotedOffer": false, "type": "game", "prices": {"normal": {"price": "5.52", "suggestedPrice": "49.99", "discountPercent": "89", "discountAmount": "44.47", "basePrice": "5.52", "baseSuggestedPrice": "49.99"}, "plus": {"price": "4.97", "suggestedPrice": "49.99", "discountPercent": "90", "discountAmount": "45.02", "basePrice": "4.97", "baseSuggestedPrice": "49.99"}}, "currency": "EUR", "offerType": "instant"}, {"offerID": "13011747", "offerUUID": "2d768617-5e9c-48da-bc98-5b6782e0a724", "seller": {"id": "7b44edbd-8cef-4d2b-8b16-48938ee1c4f8", "name": "Kgamestrade", "avatarUrl": "", "initials": "Kg", "type": "excellent", "rating": {"up": 21327, "neutral": 319, "down": 738, "positiveFeedbackRatio": 97}, "ordersCount": 22384, "issueInvoices": false, "deliveryTime": "automated"}, "isSelectedOffer": false, "isPromotedOffer": false, "type": "game", "prices": {"normal": {"price": "10.87", "suggestedPrice": "49.99", "discountPercent": "78", "discountAmount": "39.12", "basePrice": "10.87", "baseSuggestedPrice": "49.99"}, "plus": {"price": "9.79", "suggestedPrice": "49.99", "discountPercent": "80", "discountAmount": "40.20", "basePrice": "9.79", "baseSuggestedPrice": "49.99"}}, "currency": "EUR", "offerType": "instant"}, {"offerID": "13153192", "offerUUID": "251a7e8c-6ae0-4981-89d8-5ae498a03279", "seller": {"id": "d2d6c341-5cd8-4b3d-b2cc-76f594429503", "name": "Faser71", "avatarUrl": "", "initials": "Fa", "type": "default", "rating": {"up": 299, "neutral": 16, "down": 12, "positiveFeedbackRatio": 96}, "ordersCount": 327, "issueInvoices": false, "deliveryTime": "automated"}, "isSelectedOffer": false, "isPromotedOffer": false, "type": "game", "prices": {"normal": {"price": "4.73", "suggestedPrice": "49.99", "discountPercent": "91", "discountAmount": "45.26", "basePrice": "4.73", "baseSuggestedPrice": "49.99"}, "plus": {"price": "4.26", "suggestedPrice": "49.99", "discountPercent": "91", "discountAmount": "45.73", "basePrice": "4.26", "baseSuggestedPrice": "49.99"}}, "currency": "EUR", "offerType": "instant"}, {"offerID": "13160956", "offerUUID": "ac872e02-ce7b-4b7b-a87a-a6209df3a572", "seller": {"id": "ec6915a1-f012-4536-a9ca-e8c921d4b9bc", "name": "Classicgames", "avatarUrl": "", "initials": "Cl", "type": "default", "rating": {"up": 0, "neutral": 0, "down": 0, "positiveFeedbackRatio": 0}, "ordersCount": 0, "issueInvoices": false, "deliveryTime": "automated"}, "isSelectedOffer": false, "isPromotedOffer": false, "type": "game", "prices": {"normal": {"price": "3.86", "suggestedPrice": "49.99", "discountPercent": "92", "discountAmount": "46.13", "basePrice": "3.86", "baseSuggestedPrice": "49.99"}, "plus": {"price": "3.48", "suggestedPrice": "49.99", "discountPercent": "93", "discountAmount": "46.51", "basePrice": "3.48", "baseSuggestedPrice": "49.99"}}, "currency": "EUR", "offerType": "instant"}, {"offerID": "13152925", "offerUUID": "cf7dea66-73da-4a57-927e-fb05064b9472", "seller": {"id": "51c69f4f-7582-48ef-96cd-f2e9757546e1", "name": "Sossusoturi", "avatarUrl": "", "initials": "So", "type": "default", "rating": {"up": 0, "neutral": 0, "down": 0, "positiveFeedbackRatio": 0}, "ordersCount": 0, "issueInvoices": false, "deliveryTime": "automated"}, "isSelectedOffer": false, "isPromotedOffer": false, "type": "game", "prices": {"normal": {"price": "3.88", "suggestedPrice": "49.99", "discountPercent": "92", "discountAmount": "46.11", "basePrice": "3.88", "baseSuggestedPrice": "49.99"}, "plus": {"price": "3.49", "suggestedPrice": "49.99", "discountPercent": "93", "discountAmount": "46.50", "basePrice": "3.49", "baseSuggestedPrice": "49.99"}}, "currency": "EUR", "offerType": "instant"}, {"offerID": "13159780", "offerUUID": "433b8d7e-ebc0-4e8f-9046-24601e55f997", "seller": {"id": "7055a8d5-a294-4edf-80a3-a8f8f3021d42", "name": "Saturnwares", "avatarUrl": "", "initials": "Sa", "type": "default", "rating": {"up": 0, "neutral": 0, "down": 0, "positiveFeedbackRatio": 0}, "ordersCount": 0, "issueInvoices": false, "deliveryTime": null}, "isSelectedOffer": false, "isPromotedOffer": false, "type": "game", "prices": {"normal": {"price": "5.00", "suggestedPrice": "49.99", "discountPercent": "90", "discountAmount": "44.99", "basePrice": "5.00", "baseSuggestedPrice": "49.99"}, "plus": {"price": "4.50", "suggestedPrice": "49.99", "discountPercent": "91", "discountAmount": "45.49", "basePrice": "4.50", "baseSuggestedPrice": "49.99"}}, "currency": "EUR", "offerType": "instant"}, {"offerID": "13153068", "offerUUID": "29c3d9fb-47ab-4f22-ba59-65081bbc5ff9", "seller": {"id": "cf03f2f4-0f87-4107-80d7-6e72d5980a96", "name": "Nobben", "avatarUrl": "", "initials": "No", "type": "default", "rating": {"up": 0, "neutral": 0, "down": 0, "positiveFeedbackRatio": 0}, "ordersCount": 0, "issueInvoices": false, "deliveryTime": "automated"}, "isSelectedOffer": false, "isPromotedOffer": false, "type": "game", "prices": {"normal": {"price": "6.27", "suggestedPrice": "49.99", "discountPercent": "87", "discountAmount": "43.72", "basePrice": "6.27", "baseSuggestedPrice": "49.99"}, "plus": {"price": "5.65", "suggestedPrice": "49.99", "discountPercent": "89", "discountAmount": "44.34", "basePrice": "5.65", "baseSuggestedPrice": "49.99"}}, "currency": "EUR", "offerType": "instant"}], "productType": "digital", "error": null}}