{"data": {"offers": [{"offerID": "13161568", "offerUUID": "6cb57c2f-fcc9-466d-b4d1-cbca3d025e20", "seller": {"id": "9c5b72dd-941b-46ed-91b2-65ef37169c97", "name": "Gamersuniverse", "avatarUrl": "https://img.g2a.com/96x96/1x0x0/GameUniverse.png/082c50251210454fbb2a26d0", "initials": "Ga", "type": "excellent", "rating": {"up": 75717, "neutral": 5540, "down": 248, "positiveFeedbackRatio": 100}, "ordersCount": 81505, "issueInvoices": false, "deliveryTime": "automated"}, "isSelectedOffer": false, "isPromotedOffer": false, "type": "dropshipping", "prices": {"normal": {"price": "61.58", "discountPercent": "0", "discountAmount": "0.00", "basePrice": "61.58"}, "plus": {"price": "61.58", "discountPercent": "0", "discountAmount": "0.00", "basePrice": "61.58"}}, "currency": "EUR", "offerType": "instant"}, {"offerID": "13161569", "offerUUID": "883de116-40b0-4d9a-a179-66181a1ebf8f", "seller": {"id": "f74c2d89-9055-4bb6-ad00-c000dbb4a856", "name": "Superbkeys", "avatarUrl": "https://img.g2a.com/96x96/1x0x0/S4.png/4a8b4d3cb4d84c16ba274210", "initials": "Su", "type": "excellent", "rating": {"up": 6216, "neutral": 672, "down": 12, "positiveFeedbackRatio": 100}, "ordersCount": 6900, "issueInvoices": false, "deliveryTime": "automated"}, "isSelectedOffer": false, "isPromotedOffer": false, "type": "dropshipping", "prices": {"normal": {"price": "63.79", "discountPercent": "0", "discountAmount": "0.00", "basePrice": "63.79"}, "plus": {"price": "63.79", "discountPercent": "0", "discountAmount": "0.00", "basePrice": "63.79"}}, "currency": "EUR", "offerType": "instant"}, {"offerID": "13150362", "offerUUID": "c3978ccd-b7c5-484d-80a2-ba0b3afe6f39", "seller": {"id": "14e23c3f-98ab-4083-973a-66bf5730d9fb", "name": "Mmogoldshop", "avatarUrl": "https://img.g2a.com/96x96/1x0x0/M.jpg/600af0497e696c440c346732", "initials": "Mm", "type": "excellent", "rating": {"up": 5111, "neutral": 376, "down": 8, "positiveFeedbackRatio": 100}, "ordersCount": 5495, "issueInvoices": false, "deliveryTime": "automated"}, "isSelectedOffer": false, "isPromotedOffer": false, "type": "dropshipping", "prices": {"normal": {"price": "53.99", "suggestedPrice": "59.99", "discountPercent": "10", "discountAmount": "6.00", "basePrice": "53.99", "baseSuggestedPrice": "59.99"}, "plus": {"price": "53.99", "suggestedPrice": "59.99", "discountPercent": "10", "discountAmount": "6.00", "basePrice": "53.99", "baseSuggestedPrice": "59.99"}}, "currency": "EUR", "offerType": "instant"}, {"offerID": "13161565", "offerUUID": "2a6e9232-bb8e-4a22-8399-a4cedf93018e", "seller": {"id": "6075c220-a47c-4c12-a20a-3d3ceab378db", "name": "Gamesdivision", "avatarUrl": "https://img.g2a.com/96x96/1x0x0/G3.png/5f1bf9fe6e3b4f36bc66e372", "initials": "Ga", "type": "excellent", "rating": {"up": 1518, "neutral": 183, "down": 5, "positiveFeedbackRatio": 100}, "ordersCount": 1706, "issueInvoices": false, "deliveryTime": "automated"}, "isSelectedOffer": false, "isPromotedOffer": false, "type": "dropshipping", "prices": {"normal": {"price": "64.09", "discountPercent": "0", "discountAmount": "0.00", "basePrice": "64.09"}, "plus": {"price": "64.09", "discountPercent": "0", "discountAmount": "0.00", "basePrice": "64.09"}}, "currency": "EUR", "offerType": "instant"}, {"offerID": "13158781", "offerUUID": "6b8f90eb-d015-4668-9972-494ae3b764cc", "seller": {"id": "9ca1d7ad-bf81-445e-b277-3587b7a1a595", "name": "Cdsales", "avatarUrl": "", "initials": "Cd", "type": "excellent", "rating": {"up": 1220, "neutral": 317, "down": 5, "positiveFeedbackRatio": 100}, "ordersCount": 1542, "issueInvoices": false, "deliveryTime": "automated"}, "isSelectedOffer": false, "isPromotedOffer": false, "type": "game", "prices": {"normal": {"price": "53.00", "suggestedPrice": "59.99", "discountPercent": "12", "discountAmount": "6.99", "basePrice": "53.00", "baseSuggestedPrice": "59.99"}, "plus": {"price": "53.00", "suggestedPrice": "59.99", "discountPercent": "12", "discountAmount": "6.99", "basePrice": "53.00", "baseSuggestedPrice": "59.99"}}, "currency": "EUR", "offerType": "instant"}, {"offerID": "13161566", "offerUUID": "5eb5c122-1958-413c-a5e1-48e32b3c3a50", "seller": {"id": "fbe071e1-b0cd-458a-ae46-fe1acfcfca74", "name": "Lancce", "avatarUrl": "https://img.g2a.com/96x96/1x0x0/a.png/1da518f98f4141bb9bd45820", "initials": "La", "type": "default", "rating": {"up": 152, "neutral": 24, "down": 0, "positiveFeedbackRatio": 100}, "ordersCount": 176, "issueInvoices": false, "deliveryTime": null}, "isSelectedOffer": false, "isPromotedOffer": false, "type": "dropshipping", "prices": {"normal": {"price": "63.48", "discountPercent": "0", "discountAmount": "0.00", "basePrice": "63.48"}, "plus": {"price": "63.48", "discountPercent": "0", "discountAmount": "0.00", "basePrice": "63.48"}}, "currency": "EUR", "offerType": "instant"}], "productType": "digital", "error": null}}