{"data": {"offers": [{"offerID": "13157882", "offerUUID": "3c6a1fd8-092c-4b9d-9cb6-6a6be8996a29", "seller": {"id": "98c43478-2732-499c-a466-520a30a56828", "name": "Rottviler", "avatarUrl": "https://img.g2a.com/96x96/1x0x0/logo.png/b39e84cfa5844877a3ceb4bc", "initials": "Ro", "type": "default", "rating": {"up": 999, "neutral": 79, "down": 11, "positiveFeedbackRatio": 99}, "ordersCount": 1089, "issueInvoices": false, "deliveryTime": "automated"}, "isSelectedOffer": false, "isPromotedOffer": true, "promotedOffer": {"campaignId": "187", "showId": "ba355941-ca89-4e69-84ee-c04576009598", "requestId": "|Mb7dslfsJWsLx0/j8XHX+ZP0Z/c75z8zBNBW.63d1fFpw_XnXnNA.Ox9SMn_", "skc": "unknown-skc"}, "type": "game", "prices": {"normal": {"price": "9.85", "suggestedPrice": "59.99", "discountPercent": "84", "discountAmount": "50.14", "basePrice": "9.85", "baseSuggestedPrice": "59.99"}, "plus": {"price": "8.87", "suggestedPrice": "59.99", "discountPercent": "85", "discountAmount": "51.12", "basePrice": "8.87", "baseSuggestedPrice": "59.99"}}, "currency": "EUR", "offerType": "instant"}, {"offerID": "12915174", "offerUUID": "c3e0aec6-09c5-4816-a05a-aba4ef762305", "seller": {"id": "9c5b72dd-941b-46ed-91b2-65ef37169c97", "name": "Gamersuniverse", "avatarUrl": "https://img.g2a.com/96x96/1x0x0/GameUniverse.png/082c50251210454fbb2a26d0", "initials": "Ga", "type": "excellent", "rating": {"up": 75717, "neutral": 5540, "down": 248, "positiveFeedbackRatio": 100}, "ordersCount": 81505, "issueInvoices": false, "deliveryTime": "automated"}, "isSelectedOffer": false, "isPromotedOffer": false, "type": "dropshipping", "prices": {"normal": {"price": "10.39", "suggestedPrice": "59.99", "discountPercent": "83", "discountAmount": "49.60", "basePrice": "10.39", "baseSuggestedPrice": "59.99"}, "plus": {"price": "9.35", "suggestedPrice": "59.99", "discountPercent": "84", "discountAmount": "50.64", "basePrice": "9.35", "baseSuggestedPrice": "59.99"}}, "currency": "EUR", "offerType": "instant"}, {"offerID": "13126845", "offerUUID": "bda5de88-b5e7-4651-8762-748b82e9f2f5", "seller": {"id": "93a37575-e3bb-4b21-b36a-64fa3e888966", "name": "Games_factory", "avatarUrl": "https://img.g2a.com/96x96/1x0x0/logo2.jpg/c45e4f861a0c4078b285dff4", "initials": "Ga", "type": "excellent", "rating": {"up": 34687, "neutral": 2722, "down": 103, "positiveFeedbackRatio": 100}, "ordersCount": 37512, "issueInvoices": false, "deliveryTime": "automated"}, "isSelectedOffer": false, "isPromotedOffer": false, "type": "dropshipping", "prices": {"normal": {"price": "30.39", "suggestedPrice": "59.99", "discountPercent": "49", "discountAmount": "29.60", "basePrice": "30.39", "baseSuggestedPrice": "59.99"}, "plus": {"price": "27.96", "suggestedPrice": "59.99", "discountPercent": "53", "discountAmount": "32.03", "basePrice": "27.96", "baseSuggestedPrice": "59.99"}}, "currency": "EUR", "offerType": "instant"}, {"offerID": "12917546", "offerUUID": "0773fc3f-6474-435d-b4d0-721ad66075de", "seller": {"id": "dabd25fb-f026-4d09-96b0-cbbc2b36dc1a", "name": "Instant_game", "avatarUrl": "https://img.g2a.com/96x96/1x0x0/instant-gaming-logo.png/1b629b69bea641d380f9aeac", "initials": "In", "type": "excellent", "rating": {"up": 9433, "neutral": 772, "down": 11, "positiveFeedbackRatio": 100}, "ordersCount": 10216, "issueInvoices": false, "deliveryTime": "automated"}, "isSelectedOffer": false, "isPromotedOffer": false, "type": "dropshipping", "prices": {"normal": {"price": "12.29", "suggestedPrice": "59.99", "discountPercent": "80", "discountAmount": "47.70", "basePrice": "12.29", "baseSuggestedPrice": "59.99"}, "plus": {"price": "11.06", "suggestedPrice": "59.99", "discountPercent": "82", "discountAmount": "48.93", "basePrice": "11.06", "baseSuggestedPrice": "59.99"}}, "currency": "EUR", "offerType": "instant"}, {"offerID": "13157469", "offerUUID": "2f7a7adc-f10e-4e3c-affe-1efc4bbbc08d", "seller": {"id": "7ee85a85-32e5-4741-aeff-bede00e135a0", "name": "Fun_keys", "avatarUrl": "https://img.g2a.com/96x96/1x0x0/33.jpg/60313c5b46177c4151397092", "initials": "Fu", "type": "excellent", "rating": {"up": 7809, "neutral": 53, "down": 1, "positiveFeedbackRatio": 100}, "ordersCount": 7863, "issueInvoices": false, "deliveryTime": "automated"}, "isSelectedOffer": false, "isPromotedOffer": false, "type": "game", "prices": {"normal": {"price": "10.88", "suggestedPrice": "59.99", "discountPercent": "82", "discountAmount": "49.11", "basePrice": "10.88", "baseSuggestedPrice": "59.99"}, "plus": {"price": "9.79", "suggestedPrice": "59.99", "discountPercent": "84", "discountAmount": "50.20", "basePrice": "9.79", "baseSuggestedPrice": "59.99"}}, "currency": "EUR", "offerType": "instant"}, {"offerID": "13153773", "offerUUID": "966075a2-3420-4b44-a24b-cfd66b47667e", "seller": {"id": "87a62671-876d-4963-947d-db0773420c53", "name": "Golden_games", "avatarUrl": "", "initials": "Go", "type": "excellent", "rating": {"up": 7181, "neutral": 77, "down": 2, "positiveFeedbackRatio": 100}, "ordersCount": 7260, "issueInvoices": false, "deliveryTime": "automated"}, "isSelectedOffer": false, "isPromotedOffer": false, "type": "game", "prices": {"normal": {"price": "9.20", "suggestedPrice": "59.99", "discountPercent": "85", "discountAmount": "50.79", "basePrice": "9.20", "baseSuggestedPrice": "59.99"}, "plus": {"price": "8.28", "suggestedPrice": "59.99", "discountPercent": "86", "discountAmount": "51.71", "basePrice": "8.28", "baseSuggestedPrice": "59.99"}}, "currency": "EUR", "offerType": "instant"}, {"offerID": "12915516", "offerUUID": "747e4f01-139d-4d93-905a-ab8fc9113664", "seller": {"id": "fd3aa5e6-f89f-4ca5-85e1-6b5061856901", "name": "Codezilla", "avatarUrl": "https://img.g2a.com/96x96/1x0x0/rsz_115939684.png/7f0af52256f74eee8144e6e2", "initials": "Co", "type": "excellent", "rating": {"up": 6764, "neutral": 477, "down": 17, "positiveFeedbackRatio": 100}, "ordersCount": 7258, "issueInvoices": false, "deliveryTime": "automated"}, "isSelectedOffer": false, "isPromotedOffer": false, "type": "dropshipping", "prices": {"normal": {"price": "12.27", "suggestedPrice": "59.99", "discountPercent": "80", "discountAmount": "47.72", "basePrice": "12.27", "baseSuggestedPrice": "59.99"}, "plus": {"price": "11.04", "suggestedPrice": "59.99", "discountPercent": "82", "discountAmount": "48.95", "basePrice": "11.04", "baseSuggestedPrice": "59.99"}}, "currency": "EUR", "offerType": "instant"}, {"offerID": "12915171", "offerUUID": "508f4c02-310d-4309-925e-2ae045d291f8", "seller": {"id": "f74c2d89-9055-4bb6-ad00-c000dbb4a856", "name": "Superbkeys", "avatarUrl": "https://img.g2a.com/96x96/1x0x0/S4.png/4a8b4d3cb4d84c16ba274210", "initials": "Su", "type": "excellent", "rating": {"up": 6216, "neutral": 672, "down": 12, "positiveFeedbackRatio": 100}, "ordersCount": 6900, "issueInvoices": false, "deliveryTime": "automated"}, "isSelectedOffer": false, "isPromotedOffer": false, "type": "dropshipping", "prices": {"normal": {"price": "10.82", "suggestedPrice": "59.99", "discountPercent": "82", "discountAmount": "49.17", "basePrice": "10.82", "baseSuggestedPrice": "59.99"}, "plus": {"price": "9.74", "suggestedPrice": "59.99", "discountPercent": "84", "discountAmount": "50.25", "basePrice": "9.74", "baseSuggestedPrice": "59.99"}}, "currency": "EUR", "offerType": "instant"}, {"offerID": "13096582", "offerUUID": "a4b259fb-b527-4b18-a691-22a5a59fb227", "seller": {"id": "4b07997c-94fb-4a84-a803-ba6943becce3", "name": "Gcandcdk", "avatarUrl": "", "initials": "Gc", "type": "excellent", "rating": {"up": 3853, "neutral": 853, "down": 7, "positiveFeedbackRatio": 100}, "ordersCount": 4713, "issueInvoices": false, "deliveryTime": "automated"}, "isSelectedOffer": false, "isPromotedOffer": false, "type": "game", "prices": {"normal": {"price": "25.41", "suggestedPrice": "59.99", "discountPercent": "58", "discountAmount": "34.58", "basePrice": "25.41", "baseSuggestedPrice": "59.99"}, "plus": {"price": "22.89", "suggestedPrice": "59.99", "discountPercent": "62", "discountAmount": "37.10", "basePrice": "22.89", "baseSuggestedPrice": "59.99"}}, "currency": "EUR", "offerType": "instant"}, {"offerID": "13160844", "offerUUID": "2298d9f8-ec3b-4189-a441-ed96bb6834cc", "seller": {"id": "d4d66234-acdc-43df-ad22-d39ac8168528", "name": "Trusted_keys_rep", "avatarUrl": "", "initials": "Tr", "type": "excellent", "rating": {"up": 1845, "neutral": 16, "down": 7, "positiveFeedbackRatio": 100}, "ordersCount": 1868, "issueInvoices": false, "deliveryTime": "automated"}, "isSelectedOffer": false, "isPromotedOffer": false, "type": "game", "prices": {"normal": {"price": "9.31", "suggestedPrice": "59.99", "discountPercent": "84", "discountAmount": "50.68", "basePrice": "9.31", "baseSuggestedPrice": "59.99"}, "plus": {"price": "8.38", "suggestedPrice": "59.99", "discountPercent": "86", "discountAmount": "51.61", "basePrice": "8.38", "baseSuggestedPrice": "59.99"}}, "currency": "EUR", "offerType": "instant"}, {"offerID": "12915172", "offerUUID": "0f9b8e09-bbcc-4c06-bbe4-46530cd25667", "seller": {"id": "6075c220-a47c-4c12-a20a-3d3ceab378db", "name": "Gamesdivision", "avatarUrl": "https://img.g2a.com/96x96/1x0x0/G3.png/5f1bf9fe6e3b4f36bc66e372", "initials": "Ga", "type": "excellent", "rating": {"up": 1518, "neutral": 183, "down": 5, "positiveFeedbackRatio": 100}, "ordersCount": 1706, "issueInvoices": false, "deliveryTime": "automated"}, "isSelectedOffer": false, "isPromotedOffer": false, "type": "dropshipping", "prices": {"normal": {"price": "10.87", "suggestedPrice": "59.99", "discountPercent": "82", "discountAmount": "49.12", "basePrice": "10.87", "baseSuggestedPrice": "59.99"}, "plus": {"price": "9.79", "suggestedPrice": "59.99", "discountPercent": "84", "discountAmount": "50.20", "basePrice": "9.79", "baseSuggestedPrice": "59.99"}}, "currency": "EUR", "offerType": "instant"}, {"offerID": "12915173", "offerUUID": "98c653df-0234-40c1-b39f-052b29aac1bb", "seller": {"id": "fbe071e1-b0cd-458a-ae46-fe1acfcfca74", "name": "Lancce", "avatarUrl": "https://img.g2a.com/96x96/1x0x0/a.png/1da518f98f4141bb9bd45820", "initials": "La", "type": "default", "rating": {"up": 152, "neutral": 24, "down": 0, "positiveFeedbackRatio": 100}, "ordersCount": 176, "issueInvoices": false, "deliveryTime": null}, "isSelectedOffer": false, "isPromotedOffer": false, "type": "dropshipping", "prices": {"normal": {"price": "10.76", "suggestedPrice": "59.99", "discountPercent": "82", "discountAmount": "49.23", "basePrice": "10.76", "baseSuggestedPrice": "59.99"}, "plus": {"price": "9.69", "suggestedPrice": "59.99", "discountPercent": "84", "discountAmount": "50.30", "basePrice": "9.69", "baseSuggestedPrice": "59.99"}}, "currency": "EUR", "offerType": "instant"}, {"offerID": "13130707", "offerUUID": "fb887572-ed7f-4284-bcd3-ca3b5ab8d90b", "seller": {"id": "5828d2cd-166c-4d58-a5f4-3ab2379c26c9", "name": "Krisagames", "avatarUrl": "https://img.g2a.com/96x96/1x0x0/26fcc0ffdb74424270c1cf60582d98de.jpeg/438a7bac3d204bbe93dc404e", "initials": "Kr", "type": "default", "rating": {"up": 144, "neutral": 20, "down": 0, "positiveFeedbackRatio": 100}, "ordersCount": 164, "issueInvoices": false, "deliveryTime": "automated"}, "isSelectedOffer": false, "isPromotedOffer": false, "type": "game", "prices": {"normal": {"price": "25.41", "suggestedPrice": "59.99", "discountPercent": "58", "discountAmount": "34.58", "basePrice": "25.41", "baseSuggestedPrice": "59.99"}, "plus": {"price": "22.89", "suggestedPrice": "59.99", "discountPercent": "62", "discountAmount": "37.10", "basePrice": "22.89", "baseSuggestedPrice": "59.99"}}, "currency": "EUR", "offerType": "instant"}, {"offerID": "13161391", "offerUUID": "fe0d711e-bcee-493d-b57b-677f75cd2f0f", "seller": {"id": "1e582949-8655-4a7f-87a9-b90a1c78d161", "name": "Yksha_x", "avatarUrl": "", "initials": "Yk", "type": "default", "rating": {"up": 4, "neutral": 0, "down": 0, "positiveFeedbackRatio": 100}, "ordersCount": 4, "issueInvoices": false, "deliveryTime": "automated"}, "isSelectedOffer": false, "isPromotedOffer": false, "type": "game", "prices": {"normal": {"price": "17.17", "suggestedPrice": "59.99", "discountPercent": "71", "discountAmount": "42.82", "basePrice": "17.17", "baseSuggestedPrice": "59.99"}, "plus": {"price": "15.45", "suggestedPrice": "59.99", "discountPercent": "74", "discountAmount": "44.54", "basePrice": "15.45", "baseSuggestedPrice": "59.99"}}, "currency": "EUR", "offerType": "instant"}, {"offerID": "13153193", "offerUUID": "26107c7f-535f-430d-b688-fd974ceb8feb", "seller": {"id": "d2d6c341-5cd8-4b3d-b2cc-76f594429503", "name": "Faser71", "avatarUrl": "", "initials": "Fa", "type": "default", "rating": {"up": 299, "neutral": 16, "down": 12, "positiveFeedbackRatio": 96}, "ordersCount": 327, "issueInvoices": false, "deliveryTime": "automated"}, "isSelectedOffer": false, "isPromotedOffer": false, "type": "game", "prices": {"normal": {"price": "9.85", "suggestedPrice": "59.99", "discountPercent": "84", "discountAmount": "50.14", "basePrice": "9.85", "baseSuggestedPrice": "59.99"}, "plus": {"price": "8.87", "suggestedPrice": "59.99", "discountPercent": "85", "discountAmount": "51.12", "basePrice": "8.87", "baseSuggestedPrice": "59.99"}}, "currency": "EUR", "offerType": "instant"}, {"offerID": "13161894", "offerUUID": "125028a1-b23c-47b2-a660-c3d2a7b52324", "seller": {"id": "26c3a44d-9f8f-4fa9-b3c7-3f855b74284c", "name": "Retaildepot", "avatarUrl": "", "initials": "Re", "type": "excellent", "rating": {"up": 1810, "neutral": 54, "down": 95, "positiveFeedbackRatio": 95}, "ordersCount": 1959, "issueInvoices": false, "deliveryTime": "automated"}, "isSelectedOffer": false, "isPromotedOffer": false, "type": "game", "prices": {"normal": {"price": "10.88", "suggestedPrice": "59.99", "discountPercent": "82", "discountAmount": "49.11", "basePrice": "10.88", "baseSuggestedPrice": "59.99"}, "plus": {"price": "9.79", "suggestedPrice": "59.99", "discountPercent": "84", "discountAmount": "50.20", "basePrice": "9.79", "baseSuggestedPrice": "59.99"}}, "currency": "EUR", "offerType": "instant"}, {"offerID": "13152834", "offerUUID": "4371cd52-3b45-4ff1-9144-5dc81365b585", "seller": {"id": "2420b286-9d40-4ba8-86ef-45f23628cf5b", "name": "Neozika", "avatarUrl": "", "initials": "Ne", "type": "default", "rating": {"up": 12, "neutral": 1, "down": 1, "positiveFeedbackRatio": 92}, "ordersCount": 14, "issueInvoices": false, "deliveryTime": "automated"}, "isSelectedOffer": false, "isPromotedOffer": false, "type": "game", "prices": {"normal": {"price": "20.71", "suggestedPrice": "59.99", "discountPercent": "65", "discountAmount": "39.28", "basePrice": "20.71", "baseSuggestedPrice": "59.99"}, "plus": {"price": "18.64", "suggestedPrice": "59.99", "discountPercent": "69", "discountAmount": "41.35", "basePrice": "18.64", "baseSuggestedPrice": "59.99"}}, "currency": "EUR", "offerType": "instant"}, {"offerID": "13044974", "offerUUID": "98d75b0d-bbda-460b-a163-297dab7fa290", "seller": {"id": "0b12db1d-3590-450d-b7c7-dccd10f8e3f9", "name": "Gamedealz", "avatarUrl": "", "initials": "Ga", "type": "default", "rating": {"up": 236, "neutral": 8, "down": 44, "positiveFeedbackRatio": 84}, "ordersCount": 288, "issueInvoices": false, "deliveryTime": "automated"}, "isSelectedOffer": false, "isPromotedOffer": false, "type": "game", "prices": {"normal": {"price": "30.41", "suggestedPrice": "59.99", "discountPercent": "49", "discountAmount": "29.58", "basePrice": "30.41", "baseSuggestedPrice": "59.99"}, "plus": {"price": "27.98", "suggestedPrice": "59.99", "discountPercent": "53", "discountAmount": "32.01", "basePrice": "27.98", "baseSuggestedPrice": "59.99"}}, "currency": "EUR", "offerType": "instant"}, {"offerID": "13082842", "offerUUID": "ad5ee2ef-695e-473c-bdb9-47c60f838232", "seller": {"id": "112cfbc7-f098-4169-aab4-8e129b8e3681", "name": "Games_codes", "avatarUrl": "", "initials": "Ga", "type": "default", "rating": {"up": 722, "neutral": 72, "down": 173, "positiveFeedbackRatio": 81}, "ordersCount": 967, "issueInvoices": false, "deliveryTime": "automated"}, "isSelectedOffer": false, "isPromotedOffer": false, "type": "game", "prices": {"normal": {"price": "31.50", "suggestedPrice": "59.99", "discountPercent": "47", "discountAmount": "28.49", "basePrice": "31.50", "baseSuggestedPrice": "59.99"}, "plus": {"price": "28.98", "suggestedPrice": "59.99", "discountPercent": "52", "discountAmount": "31.01", "basePrice": "28.98", "baseSuggestedPrice": "59.99"}}, "currency": "EUR", "offerType": "instant"}, {"offerID": "13153324", "offerUUID": "f2c8727c-1eef-4c09-8c00-5bbf43f68374", "seller": {"id": "698e0a11-3473-43b6-87ce-4b3bc3c0f472", "name": "Isleofmev", "avatarUrl": "", "initials": "Is", "type": "default", "rating": {"up": 1, "neutral": 1, "down": 1, "positiveFeedbackRatio": 50}, "ordersCount": 3, "issueInvoices": false, "deliveryTime": null}, "isSelectedOffer": false, "isPromotedOffer": false, "type": "game", "prices": {"normal": {"price": "9.92", "suggestedPrice": "59.99", "discountPercent": "83", "discountAmount": "50.07", "basePrice": "9.92", "baseSuggestedPrice": "59.99"}, "plus": {"price": "8.93", "suggestedPrice": "59.99", "discountPercent": "85", "discountAmount": "51.06", "basePrice": "8.93", "baseSuggestedPrice": "59.99"}}, "currency": "EUR", "offerType": "instant"}, {"offerID": "13158878", "offerUUID": "2576381b-9a92-403d-9b9d-0367cbf83e40", "seller": {"id": "b4aa1194-40b6-4bab-891f-9cf42ca1b604", "name": "Carlosgamingg", "avatarUrl": "", "initials": "Ca", "type": "default", "rating": {"up": 1, "neutral": 0, "down": 2, "positiveFeedbackRatio": 33}, "ordersCount": 3, "issueInvoices": false, "deliveryTime": null}, "isSelectedOffer": false, "isPromotedOffer": false, "type": "game", "prices": {"normal": {"price": "9.32", "suggestedPrice": "59.99", "discountPercent": "84", "discountAmount": "50.67", "basePrice": "9.32", "baseSuggestedPrice": "59.99"}, "plus": {"price": "8.39", "suggestedPrice": "59.99", "discountPercent": "86", "discountAmount": "51.60", "basePrice": "8.39", "baseSuggestedPrice": "59.99"}}, "currency": "EUR", "offerType": "instant"}, {"offerID": "13152924", "offerUUID": "c08669fa-c3ce-41e0-82f8-882f6d6b26fd", "seller": {"id": "51c69f4f-7582-48ef-96cd-f2e9757546e1", "name": "Sossusoturi", "avatarUrl": "", "initials": "So", "type": "default", "rating": {"up": 0, "neutral": 0, "down": 0, "positiveFeedbackRatio": 0}, "ordersCount": 0, "issueInvoices": false, "deliveryTime": "automated"}, "isSelectedOffer": false, "isPromotedOffer": false, "type": "game", "prices": {"normal": {"price": "8.51", "suggestedPrice": "59.99", "discountPercent": "86", "discountAmount": "51.48", "basePrice": "8.51", "baseSuggestedPrice": "59.99"}, "plus": {"price": "7.66", "suggestedPrice": "59.99", "discountPercent": "87", "discountAmount": "52.33", "basePrice": "7.66", "baseSuggestedPrice": "59.99"}}, "currency": "EUR", "offerType": "instant"}, {"offerID": "13157481", "offerUUID": "850aad7c-e87f-49e0-bf69-8594dd181a20", "seller": {"id": "4800b483-6248-4434-96f1-fa23f6669fd5", "name": "Diabluto", "avatarUrl": "", "initials": "Di", "type": "default", "rating": {"up": 0, "neutral": 0, "down": 0, "positiveFeedbackRatio": 0}, "ordersCount": 0, "issueInvoices": false, "deliveryTime": "automated"}, "isSelectedOffer": false, "isPromotedOffer": false, "type": "game", "prices": {"normal": {"price": "8.70", "suggestedPrice": "59.99", "discountPercent": "85", "discountAmount": "51.29", "basePrice": "8.70", "baseSuggestedPrice": "59.99"}, "plus": {"price": "7.83", "suggestedPrice": "59.99", "discountPercent": "87", "discountAmount": "52.16", "basePrice": "7.83", "baseSuggestedPrice": "59.99"}}, "currency": "EUR", "offerType": "instant"}, {"offerID": "13157513", "offerUUID": "f235dde8-0a23-4cf8-ad61-83609765575e", "seller": {"id": "0b5bfdf1-e900-4041-bb00-e22705b6d599", "name": "Gameworld2022", "avatarUrl": "", "initials": "Ga", "type": "default", "rating": {"up": 0, "neutral": 0, "down": 0, "positiveFeedbackRatio": 0}, "ordersCount": 0, "issueInvoices": false, "deliveryTime": "automated"}, "isSelectedOffer": false, "isPromotedOffer": false, "type": "game", "prices": {"normal": {"price": "8.76", "suggestedPrice": "59.99", "discountPercent": "85", "discountAmount": "51.23", "basePrice": "8.76", "baseSuggestedPrice": "59.99"}, "plus": {"price": "7.88", "suggestedPrice": "59.99", "discountPercent": "87", "discountAmount": "52.11", "basePrice": "7.88", "baseSuggestedPrice": "59.99"}}, "currency": "EUR", "offerType": "instant"}, {"offerID": "13152880", "offerUUID": "601fd14c-57b6-4d80-9812-b1ca00a0f907", "seller": {"id": "513e9c19-5d01-4d98-8291-d205bf498cca", "name": "Rochebug", "avatarUrl": "", "initials": "Ro", "type": "default", "rating": {"up": 0, "neutral": 0, "down": 0, "positiveFeedbackRatio": 0}, "ordersCount": 0, "issueInvoices": false, "deliveryTime": null}, "isSelectedOffer": false, "isPromotedOffer": false, "type": "game", "prices": {"normal": {"price": "16.04", "suggestedPrice": "59.99", "discountPercent": "73", "discountAmount": "43.95", "basePrice": "16.04", "baseSuggestedPrice": "59.99"}, "plus": {"price": "14.43", "suggestedPrice": "59.99", "discountPercent": "76", "discountAmount": "45.56", "basePrice": "14.43", "baseSuggestedPrice": "59.99"}}, "currency": "EUR", "offerType": "instant"}, {"offerID": "13161520", "offerUUID": "71e7abfa-376b-4b26-ae04-984c9cf6bed1", "seller": {"id": "3e5dc807-c20d-4f1c-9e8b-6815e46784a2", "name": "Fernco", "avatarUrl": "", "initials": "Fe", "type": "default", "rating": {"up": 0, "neutral": 0, "down": 0, "positiveFeedbackRatio": 0}, "ordersCount": 0, "issueInvoices": false, "deliveryTime": "automated"}, "isSelectedOffer": false, "isPromotedOffer": false, "type": "game", "prices": {"normal": {"price": "22.67", "suggestedPrice": "59.99", "discountPercent": "62", "discountAmount": "37.32", "basePrice": "22.67", "baseSuggestedPrice": "59.99"}, "plus": {"price": "20.41", "suggestedPrice": "59.99", "discountPercent": "66", "discountAmount": "39.58", "basePrice": "20.41", "baseSuggestedPrice": "59.99"}}, "currency": "EUR", "offerType": "instant"}], "productType": "digital", "error": null}}