{"data": {"offers": [{"offerID": "13136093", "offerUUID": "28794b42-8f4e-4a3f-aebd-ccdb7f4f52c2", "seller": {"id": "2ce24982-8b8a-4b2b-b4d1-c862a3eb1c41", "name": "Bellakey", "avatarUrl": "", "initials": "Be", "type": "excellent", "rating": {"up": 35020, "neutral": 1152, "down": 47, "positiveFeedbackRatio": 100}, "ordersCount": 36219, "issueInvoices": false, "deliveryTime": "automated"}, "isSelectedOffer": false, "isPromotedOffer": true, "promotedOffer": {"campaignId": "54", "showId": "59cb2067-c2b1-4190-963f-dcf175e32d19", "requestId": "|sBRdBJcAAelFvd76RCIf1qFXsE7himSln4KH.Nb72Uhvp_SiN1vv.lSimw9_", "skc": "unknown-skc"}, "type": "dropshipping", "prices": {"normal": {"price": "38.02", "suggestedPrice": "59.99", "discountPercent": "37", "discountAmount": "21.97", "basePrice": "38.02", "baseSuggestedPrice": "59.99"}, "plus": {"price": "34.98", "suggestedPrice": "59.99", "discountPercent": "42", "discountAmount": "25.01", "basePrice": "34.98", "baseSuggestedPrice": "59.99"}}, "currency": "EUR", "offerType": "instant"}, {"offerID": "13103701", "offerUUID": "c8638035-07da-4d91-a40a-d07ec8483628", "seller": {"id": "acf3d4fc-1cca-4d80-84f7-071ff4409331", "name": "Trustygame", "avatarUrl": "https://img.g2a.com/96x96/1x0x0/242697100_562741681713877_6228488098164291409_n.png/0070f727a29b4ddea22998bc", "initials": "Tr", "type": "default", "rating": {"up": 200, "neutral": 15, "down": 3, "positiveFeedbackRatio": 99}, "ordersCount": 218, "issueInvoices": false, "deliveryTime": "automated"}, "isSelectedOffer": false, "isPromotedOffer": false, "type": "game", "prices": {"normal": {"price": "38.03", "suggestedPrice": "59.99", "discountPercent": "37", "discountAmount": "21.96", "basePrice": "38.03", "baseSuggestedPrice": "59.99"}, "plus": {"price": "34.99", "suggestedPrice": "59.99", "discountPercent": "42", "discountAmount": "25.00", "basePrice": "34.99", "baseSuggestedPrice": "59.99"}}, "currency": "EUR", "offerType": "instant"}], "productType": "digital", "error": null}}