{"data": {"offers": [{"offerID": "13160144", "offerUUID": "77bd4d3c-5f4f-4dfc-bfa4-ef5a46a970c3", "seller": {"id": "a755f2a9-dffc-405c-ba00-d4c803614b5a", "name": "Gmcomparecom", "avatarUrl": "https://img.g2a.com/96x96/1x0x0/gmlogo2.png/602a68fd7e696c0b742e0362", "initials": "Gm", "type": "excellent", "rating": {"up": 4115, "neutral": 220, "down": 6, "positiveFeedbackRatio": 100}, "ordersCount": 4341, "issueInvoices": false, "deliveryTime": "automated"}, "isSelectedOffer": false, "isPromotedOffer": true, "promotedOffer": {"campaignId": "159", "showId": "7960d010-3aeb-4c63-88a4-f8f258dde049", "requestId": "|oaJ2v2sdZWWxU3GOPlje6c9S6JpofYfgJQyC.Uo3egO60_aJZFCD.UlTB5Z_", "skc": "unknown-skc"}, "type": "dropshipping", "prices": {"normal": {"price": "7.74", "discountPercent": "0", "discountAmount": "0.00", "basePrice": "7.74"}, "plus": {"price": "6.97", "suggestedPrice": "7.74", "discountPercent": "10", "discountAmount": "0.77", "basePrice": "6.97", "baseSuggestedPrice": "7.74"}}, "currency": "EUR", "offerType": "instant"}, {"offerID": "13051362", "offerUUID": "ee40578b-8cc9-403b-896f-7f1a694ef0d0", "seller": {"id": "df6d1682-f4b1-447e-bafc-9608a3850d82", "name": "Games4world", "avatarUrl": "https://img.g2a.com/96x96/1x0x0/uarantee-badge-fast-delivery-logo-11563011011jf18lxafmj.png/8c2abdd9c0c14d10b05ddec2", "initials": "Ga", "type": "excellent", "rating": {"up": 3187, "neutral": 638, "down": 4, "positiveFeedbackRatio": 100}, "ordersCount": 3829, "issueInvoices": false, "deliveryTime": "automated"}, "isSelectedOffer": false, "isPromotedOffer": false, "type": "dropshipping", "prices": {"normal": {"price": "18.77", "discountPercent": "0", "discountAmount": "0.00", "basePrice": "18.77"}, "plus": {"price": "16.90", "suggestedPrice": "18.77", "discountPercent": "10", "discountAmount": "1.87", "basePrice": "16.90", "baseSuggestedPrice": "18.77"}}, "currency": "EUR", "offerType": "instant"}], "productType": "digital", "error": null}}