{"data": {"offers": [{"offerID": "12906428", "offerUUID": "b2a8b92b-0152-4fcc-b8a0-14a8677c417d", "seller": {"id": "4d1824cf-40c6-4815-85b4-c8341af8b813", "name": "World_of_games", "avatarUrl": "https://img.g2a.com/96x96/1x0x0/2.png/9269b260faba4c22af5a2060", "initials": "Wo", "type": "excellent", "rating": {"up": 48640, "neutral": 5322, "down": 694, "positiveFeedbackRatio": 99}, "ordersCount": 54656, "issueInvoices": false, "deliveryTime": "automated"}, "isSelectedOffer": false, "isPromotedOffer": true, "promotedOffer": {"campaignId": "42", "showId": "600e7b20-a424-43d5-9a2c-1286135e96e2", "requestId": "|UN+N3EAOcz24AHsoCfS83NguBKRqIqO6+3k2.B5aWUj/d_v0AoxL.IwnylP_", "skc": "unknown-skc"}, "type": "dropshipping", "prices": {"normal": {"price": "27.27", "suggestedPrice": "29.99", "discountPercent": "9", "discountAmount": "2.72", "basePrice": "27.27", "baseSuggestedPrice": "29.99"}, "plus": {"price": "24.96", "suggestedPrice": "29.99", "discountPercent": "17", "discountAmount": "5.03", "basePrice": "24.96", "baseSuggestedPrice": "29.99"}}, "currency": "EUR", "offerType": "instant"}, {"offerID": "12941018", "offerUUID": "8dface80-4e42-40dc-9f4f-6298c4591da4", "seller": {"id": "9c5b72dd-941b-46ed-91b2-65ef37169c97", "name": "Gamersuniverse", "avatarUrl": "https://img.g2a.com/96x96/1x0x0/GameUniverse.png/082c50251210454fbb2a26d0", "initials": "Ga", "type": "excellent", "rating": {"up": 75717, "neutral": 5540, "down": 248, "positiveFeedbackRatio": 100}, "ordersCount": 81505, "issueInvoices": false, "deliveryTime": "automated"}, "isSelectedOffer": false, "isPromotedOffer": false, "type": "dropshipping", "prices": {"normal": {"price": "27.04", "suggestedPrice": "29.99", "discountPercent": "10", "discountAmount": "2.95", "basePrice": "27.04", "baseSuggestedPrice": "29.99"}, "plus": {"price": "24.75", "suggestedPrice": "29.99", "discountPercent": "17", "discountAmount": "5.24", "basePrice": "24.75", "baseSuggestedPrice": "29.99"}}, "currency": "EUR", "offerType": "instant"}, {"offerID": "12791684", "offerUUID": "b35da371-408a-40e3-82fa-eae27e6dd6d4", "seller": {"id": "dabd25fb-f026-4d09-96b0-cbbc2b36dc1a", "name": "Instant_game", "avatarUrl": "https://img.g2a.com/96x96/1x0x0/instant-gaming-logo.png/1b629b69bea641d380f9aeac", "initials": "In", "type": "excellent", "rating": {"up": 9433, "neutral": 772, "down": 11, "positiveFeedbackRatio": 100}, "ordersCount": 10216, "issueInvoices": false, "deliveryTime": "automated"}, "isSelectedOffer": false, "isPromotedOffer": false, "type": "dropshipping", "prices": {"normal": {"price": "31.27", "discountPercent": "0", "discountAmount": "0.00", "basePrice": "31.27"}, "plus": {"price": "28.77", "suggestedPrice": "29.99", "discountPercent": "4", "discountAmount": "1.22", "basePrice": "28.77", "baseSuggestedPrice": "29.99"}}, "currency": "EUR", "offerType": "instant"}, {"offerID": "12909080", "offerUUID": "117fc84b-7b0c-44f8-be26-65c33f934fc3", "seller": {"id": "7ee85a85-32e5-4741-aeff-bede00e135a0", "name": "Fun_keys", "avatarUrl": "https://img.g2a.com/96x96/1x0x0/33.jpg/60313c5b46177c4151397092", "initials": "Fu", "type": "excellent", "rating": {"up": 7809, "neutral": 53, "down": 1, "positiveFeedbackRatio": 100}, "ordersCount": 7863, "issueInvoices": false, "deliveryTime": "automated"}, "isSelectedOffer": false, "isPromotedOffer": false, "type": "game", "prices": {"normal": {"price": "30.41", "discountPercent": "0", "discountAmount": "0.00", "basePrice": "30.41"}, "plus": {"price": "27.98", "suggestedPrice": "29.99", "discountPercent": "7", "discountAmount": "2.01", "basePrice": "27.98", "baseSuggestedPrice": "29.99"}}, "currency": "EUR", "offerType": "instant"}, {"offerID": "12943329", "offerUUID": "87b8b1a3-e314-4724-bbd4-6a948eb536a3", "seller": {"id": "fd3aa5e6-f89f-4ca5-85e1-6b5061856901", "name": "Codezilla", "avatarUrl": "https://img.g2a.com/96x96/1x0x0/rsz_115939684.png/7f0af52256f74eee8144e6e2", "initials": "Co", "type": "excellent", "rating": {"up": 6764, "neutral": 477, "down": 17, "positiveFeedbackRatio": 100}, "ordersCount": 7258, "issueInvoices": false, "deliveryTime": "automated"}, "isSelectedOffer": false, "isPromotedOffer": false, "type": "dropshipping", "prices": {"normal": {"price": "30.06", "discountPercent": "0", "discountAmount": "0.00", "basePrice": "30.06"}, "plus": {"price": "27.66", "suggestedPrice": "29.99", "discountPercent": "8", "discountAmount": "2.33", "basePrice": "27.66", "baseSuggestedPrice": "29.99"}}, "currency": "EUR", "offerType": "instant"}, {"offerID": "12941019", "offerUUID": "c2295473-8d81-49ed-a5cc-b59507430439", "seller": {"id": "f74c2d89-9055-4bb6-ad00-c000dbb4a856", "name": "Superbkeys", "avatarUrl": "https://img.g2a.com/96x96/1x0x0/S4.png/4a8b4d3cb4d84c16ba274210", "initials": "Su", "type": "excellent", "rating": {"up": 6216, "neutral": 672, "down": 12, "positiveFeedbackRatio": 100}, "ordersCount": 6900, "issueInvoices": false, "deliveryTime": "automated"}, "isSelectedOffer": false, "isPromotedOffer": false, "type": "dropshipping", "prices": {"normal": {"price": "28.24", "suggestedPrice": "29.99", "discountPercent": "6", "discountAmount": "1.75", "basePrice": "28.24", "baseSuggestedPrice": "29.99"}, "plus": {"price": "25.85", "suggestedPrice": "29.99", "discountPercent": "14", "discountAmount": "4.14", "basePrice": "25.85", "baseSuggestedPrice": "29.99"}}, "currency": "EUR", "offerType": "instant"}, {"offerID": "12947394", "offerUUID": "4bf0c185-ecd6-478a-a877-b5277c1421d5", "seller": {"id": "1a332a8e-4fa2-44e7-9c51-5a1cd0e74a42", "name": "Atrueseller", "avatarUrl": "https://img.g2a.com/96x96/1x0x0/rock.png/602d4bf246177c37ea7ef902", "initials": "At", "type": "excellent", "rating": {"up": 5796, "neutral": 74, "down": 2, "positiveFeedbackRatio": 100}, "ordersCount": 5872, "issueInvoices": false, "deliveryTime": "automated"}, "isSelectedOffer": false, "isPromotedOffer": false, "type": "game", "prices": {"normal": {"price": "24.98", "suggestedPrice": "29.99", "discountPercent": "17", "discountAmount": "5.01", "basePrice": "24.98", "baseSuggestedPrice": "29.99"}, "plus": {"price": "22.50", "suggestedPrice": "29.99", "discountPercent": "25", "discountAmount": "7.49", "basePrice": "22.50", "baseSuggestedPrice": "29.99"}}, "currency": "EUR", "offerType": "instant"}, {"offerID": "13027990", "offerUUID": "8c3fe223-e8bc-49e3-93d5-9b138ed9b512", "seller": {"id": "df6d1682-f4b1-447e-bafc-9608a3850d82", "name": "Games4world", "avatarUrl": "https://img.g2a.com/96x96/1x0x0/uarantee-badge-fast-delivery-logo-11563011011jf18lxafmj.png/8c2abdd9c0c14d10b05ddec2", "initials": "Ga", "type": "excellent", "rating": {"up": 3187, "neutral": 638, "down": 4, "positiveFeedbackRatio": 100}, "ordersCount": 3829, "issueInvoices": false, "deliveryTime": "automated"}, "isSelectedOffer": false, "isPromotedOffer": false, "type": "dropshipping", "prices": {"normal": {"price": "30.08", "discountPercent": "0", "discountAmount": "0.00", "basePrice": "30.08"}, "plus": {"price": "27.68", "suggestedPrice": "29.99", "discountPercent": "8", "discountAmount": "2.31", "basePrice": "27.68", "baseSuggestedPrice": "29.99"}}, "currency": "EUR", "offerType": "instant"}, {"offerID": "13015571", "offerUUID": "bcd7569d-46f7-45b7-9d7c-e02ace6352f8", "seller": {"id": "8166753e-8645-4d4a-b0f9-4f8a92178c6e", "name": "Prestige_worldwide", "avatarUrl": "https://img.g2a.com/96x96/1x0x0/51bfzi5yUZL._AC_.jpg/602fd90146177c290c4f8e42", "initials": "Pr", "type": "excellent", "rating": {"up": 2563, "neutral": 103, "down": 1, "positiveFeedbackRatio": 100}, "ordersCount": 2667, "issueInvoices": false, "deliveryTime": "automated"}, "isSelectedOffer": false, "isPromotedOffer": false, "type": "game", "prices": {"normal": {"price": "25.26", "suggestedPrice": "29.99", "discountPercent": "16", "discountAmount": "4.73", "basePrice": "25.26", "baseSuggestedPrice": "29.99"}, "plus": {"price": "23.00", "suggestedPrice": "29.99", "discountPercent": "23", "discountAmount": "6.99", "basePrice": "23.00", "baseSuggestedPrice": "29.99"}}, "currency": "EUR", "offerType": "instant"}, {"offerID": "12759438", "offerUUID": "f308691e-cc4e-4059-989a-2e716de52b7b", "seller": {"id": "6608a8ab-46f3-445e-aad4-f4a81ae9a809", "name": "Kikidulm", "avatarUrl": "", "initials": "Ki", "type": "excellent", "rating": {"up": 2197, "neutral": 64, "down": 8, "positiveFeedbackRatio": 100}, "ordersCount": 2269, "issueInvoices": false, "deliveryTime": "automated"}, "isSelectedOffer": false, "isPromotedOffer": false, "type": "game", "prices": {"normal": {"price": "30.43", "discountPercent": "0", "discountAmount": "0.00", "basePrice": "30.43"}, "plus": {"price": "28.00", "suggestedPrice": "29.99", "discountPercent": "7", "discountAmount": "1.99", "basePrice": "28.00", "baseSuggestedPrice": "29.99"}}, "currency": "EUR", "offerType": "instant"}, {"offerID": "12941015", "offerUUID": "d2fe635d-2b28-4d62-91a4-ce2022f76243", "seller": {"id": "6075c220-a47c-4c12-a20a-3d3ceab378db", "name": "Gamesdivision", "avatarUrl": "https://img.g2a.com/96x96/1x0x0/G3.png/5f1bf9fe6e3b4f36bc66e372", "initials": "Ga", "type": "excellent", "rating": {"up": 1518, "neutral": 183, "down": 5, "positiveFeedbackRatio": 100}, "ordersCount": 1706, "issueInvoices": false, "deliveryTime": "automated"}, "isSelectedOffer": false, "isPromotedOffer": false, "type": "dropshipping", "prices": {"normal": {"price": "28.39", "suggestedPrice": "29.99", "discountPercent": "5", "discountAmount": "1.60", "basePrice": "28.39", "baseSuggestedPrice": "29.99"}, "plus": {"price": "25.98", "suggestedPrice": "29.99", "discountPercent": "13", "discountAmount": "4.01", "basePrice": "25.98", "baseSuggestedPrice": "29.99"}}, "currency": "EUR", "offerType": "instant"}, {"offerID": "13125922", "offerUUID": "112fba46-4a20-494b-bae4-c0871f998b0a", "seller": {"id": "f8f29384-f15b-4343-89b2-b0ddcf93eaf2", "name": "Sg_store", "avatarUrl": "https://img.g2a.com/96x96/1x0x0/20210911_194349_0000.png/96c810be09d5491697075886", "initials": "Sg", "type": "excellent", "rating": {"up": 1216, "neutral": 41, "down": 0, "positiveFeedbackRatio": 100}, "ordersCount": 1257, "issueInvoices": false, "deliveryTime": "automated"}, "isSelectedOffer": false, "isPromotedOffer": false, "type": "game", "prices": {"normal": {"price": "24.96", "suggestedPrice": "29.99", "discountPercent": "17", "discountAmount": "5.03", "basePrice": "24.96", "baseSuggestedPrice": "29.99"}, "plus": {"price": "22.49", "suggestedPrice": "29.99", "discountPercent": "25", "discountAmount": "7.50", "basePrice": "22.49", "baseSuggestedPrice": "29.99"}}, "currency": "EUR", "offerType": "instant"}, {"offerID": "13129080", "offerUUID": "e6cf3a82-9809-44e2-afc9-103371d7920f", "seller": {"id": "77b717f0-e627-4e6e-bb17-64d02a39722d", "name": "Jmgame", "avatarUrl": "https://img.g2a.com/96x96/1x0x0/JM.png/f3a29eb7bb4a4608aa6abd8c", "initials": "Jm", "type": "default", "rating": {"up": 587, "neutral": 12, "down": 1, "positiveFeedbackRatio": 100}, "ordersCount": 600, "issueInvoices": false, "deliveryTime": "automated"}, "isSelectedOffer": false, "isPromotedOffer": false, "type": "game", "prices": {"normal": {"price": "24.96", "suggestedPrice": "29.99", "discountPercent": "17", "discountAmount": "5.03", "basePrice": "24.96", "baseSuggestedPrice": "29.99"}, "plus": {"price": "22.49", "suggestedPrice": "29.99", "discountPercent": "25", "discountAmount": "7.50", "basePrice": "22.49", "baseSuggestedPrice": "29.99"}}, "currency": "EUR", "offerType": "instant"}, {"offerID": "13122138", "offerUUID": "a3a6d180-b4bc-4226-bf46-3b1b5c28c203", "seller": {"id": "5b157ab3-3d1c-47a6-990b-081a3c5b789d", "name": "Ready2play", "avatarUrl": "", "initials": "Re", "type": "default", "rating": {"up": 269, "neutral": 6, "down": 0, "positiveFeedbackRatio": 100}, "ordersCount": 275, "issueInvoices": false, "deliveryTime": "automated"}, "isSelectedOffer": false, "isPromotedOffer": false, "type": "game", "prices": {"normal": {"price": "30.41", "discountPercent": "0", "discountAmount": "0.00", "basePrice": "30.41"}, "plus": {"price": "27.98", "suggestedPrice": "29.99", "discountPercent": "7", "discountAmount": "2.01", "basePrice": "27.98", "baseSuggestedPrice": "29.99"}}, "currency": "EUR", "offerType": "instant"}, {"offerID": "12941016", "offerUUID": "baf7e283-439b-47ee-920f-66a9db1340cc", "seller": {"id": "fbe071e1-b0cd-458a-ae46-fe1acfcfca74", "name": "Lancce", "avatarUrl": "https://img.g2a.com/96x96/1x0x0/a.png/1da518f98f4141bb9bd45820", "initials": "La", "type": "default", "rating": {"up": 152, "neutral": 24, "down": 0, "positiveFeedbackRatio": 100}, "ordersCount": 176, "issueInvoices": false, "deliveryTime": null}, "isSelectedOffer": false, "isPromotedOffer": false, "type": "dropshipping", "prices": {"normal": {"price": "28.11", "suggestedPrice": "29.99", "discountPercent": "6", "discountAmount": "1.88", "basePrice": "28.11", "baseSuggestedPrice": "29.99"}, "plus": {"price": "25.73", "suggestedPrice": "29.99", "discountPercent": "14", "discountAmount": "4.26", "basePrice": "25.73", "baseSuggestedPrice": "29.99"}}, "currency": "EUR", "offerType": "instant"}, {"offerID": "12643289", "offerUUID": "5c19e709-172e-4e23-90d7-a5472681a0a9", "seller": {"id": "151ad1cc-a70c-4e3c-bbd0-9827f261fc97", "name": "Good_trader", "avatarUrl": "", "initials": "Go", "type": "default", "rating": {"up": 728, "neutral": 12, "down": 11, "positiveFeedbackRatio": 99}, "ordersCount": 751, "issueInvoices": false, "deliveryTime": "automated"}, "isSelectedOffer": false, "isPromotedOffer": false, "type": "game", "prices": {"normal": {"price": "30.48", "discountPercent": "0", "discountAmount": "0.00", "basePrice": "30.48"}, "plus": {"price": "28.05", "suggestedPrice": "29.99", "discountPercent": "6", "discountAmount": "1.94", "basePrice": "28.05", "baseSuggestedPrice": "29.99"}}, "currency": "EUR", "offerType": "instant"}, {"offerID": "13140410", "offerUUID": "4474b5e2-ac12-4d9f-812f-a6f0439683b3", "seller": {"id": "e0c674d0-a7ec-41e4-bce0-7f8e5dc50cb4", "name": "Gameshop_for_you", "avatarUrl": "", "initials": "Ga", "type": "default", "rating": {"up": 328, "neutral": 18, "down": 31, "positiveFeedbackRatio": 91}, "ordersCount": 377, "issueInvoices": false, "deliveryTime": "automated"}, "isSelectedOffer": false, "isPromotedOffer": false, "type": "game", "prices": {"normal": {"price": "24.85", "suggestedPrice": "29.99", "discountPercent": "17", "discountAmount": "5.14", "basePrice": "24.85", "baseSuggestedPrice": "29.99"}, "plus": {"price": "22.39", "suggestedPrice": "29.99", "discountPercent": "25", "discountAmount": "7.60", "basePrice": "22.39", "baseSuggestedPrice": "29.99"}}, "currency": "EUR", "offerType": "instant"}], "productType": "digital", "error": null}}