{"data": {"offers": [{"offerID": "13112821", "offerUUID": "b2d9acb8-1793-4d01-a460-a15c723c3a20", "seller": {"id": "fd3aa5e6-f89f-4ca5-85e1-6b5061856901", "name": "Codezilla", "avatarUrl": "https://img.g2a.com/96x96/1x0x0/rsz_115939684.png/7f0af52256f74eee8144e6e2", "initials": "Co", "type": "excellent", "rating": {"up": 6764, "neutral": 477, "down": 17, "positiveFeedbackRatio": 100}, "ordersCount": 7258, "issueInvoices": false, "deliveryTime": "automated"}, "isSelectedOffer": false, "isPromotedOffer": true, "promotedOffer": {"campaignId": "77", "showId": "d89c1492-3ebe-4891-8c6e-840d34ce445f", "requestId": "|b/U15wKdYgFJrTpBfW+on2Dcv0An6H8AOBcu.Anpyci6T_ClMqlz.1NLTCN_", "skc": "unknown-skc"}, "type": "dropshipping", "prices": {"normal": {"price": "19.65", "discountPercent": "0", "discountAmount": "0.00", "basePrice": "19.65"}, "plus": {"price": "17.68", "suggestedPrice": "19.65", "discountPercent": "10", "discountAmount": "1.97", "basePrice": "17.68", "baseSuggestedPrice": "19.65"}}, "currency": "EUR", "offerType": "instant"}, {"offerID": "12863423", "offerUUID": "3a3771ac-5be2-4c5e-9a06-c021b271c60a", "seller": {"id": "dabd25fb-f026-4d09-96b0-cbbc2b36dc1a", "name": "Instant_game", "avatarUrl": "https://img.g2a.com/96x96/1x0x0/instant-gaming-logo.png/1b629b69bea641d380f9aeac", "initials": "In", "type": "excellent", "rating": {"up": 9433, "neutral": 772, "down": 11, "positiveFeedbackRatio": 100}, "ordersCount": 10216, "issueInvoices": false, "deliveryTime": "automated"}, "isSelectedOffer": false, "isPromotedOffer": false, "type": "dropshipping", "prices": {"normal": {"price": "19.67", "discountPercent": "0", "discountAmount": "0.00", "basePrice": "19.67"}, "plus": {"price": "17.70", "suggestedPrice": "19.67", "discountPercent": "10", "discountAmount": "1.97", "basePrice": "17.70", "baseSuggestedPrice": "19.67"}}, "currency": "EUR", "offerType": "instant"}, {"offerID": "12681610", "offerUUID": "33a2be0e-2ce3-4112-b781-50c7b3c6b35d", "seller": {"id": "2090d53e-ba7f-435f-b3d4-17088c3c9eb6", "name": "Games4friends", "avatarUrl": "https://img.g2a.com/96x96/1x0x0/200x200.jpg/606f43c97e696c265c30d1f2", "initials": "Ga", "type": "default", "rating": {"up": 189, "neutral": 13, "down": 0, "positiveFeedbackRatio": 100}, "ordersCount": 202, "issueInvoices": false, "deliveryTime": "automated"}, "isSelectedOffer": false, "isPromotedOffer": false, "type": "game", "prices": {"normal": {"price": "19.92", "discountPercent": "0", "discountAmount": "0.00", "basePrice": "19.92"}, "plus": {"price": "17.92", "suggestedPrice": "19.92", "discountPercent": "10", "discountAmount": "2.00", "basePrice": "17.92", "baseSuggestedPrice": "19.92"}}, "currency": "EUR", "offerType": "instant"}], "productType": "digital", "error": null}}