{"data": {"offers": [{"offerID": "12932393", "offerUUID": "fe5c6ae3-13d3-4203-baf4-bf974c9e00eb", "seller": {"id": "df6d1682-f4b1-447e-bafc-9608a3850d82", "name": "Games4world", "avatarUrl": "https://img.g2a.com/96x96/1x0x0/uarantee-badge-fast-delivery-logo-11563011011jf18lxafmj.png/8c2abdd9c0c14d10b05ddec2", "initials": "Ga", "type": "excellent", "rating": {"up": 3187, "neutral": 638, "down": 4, "positiveFeedbackRatio": 100}, "ordersCount": 3829, "issueInvoices": false, "deliveryTime": "automated"}, "isSelectedOffer": false, "isPromotedOffer": true, "promotedOffer": {"campaignId": "50", "showId": "dde43c84-a68b-4501-a24c-8f94451b9047", "requestId": "|N1OVvjokmXaiP1/a4H2ViumSgwikleBaMLkO.9Ogeu5wd_C5HtbD.VlgwL8_", "skc": "unknown-skc"}, "type": "dropshipping", "prices": {"normal": {"price": "12.07", "suggestedPrice": "29.99", "discountPercent": "60", "discountAmount": "17.92", "basePrice": "12.07", "baseSuggestedPrice": "29.99"}, "plus": {"price": "10.86", "suggestedPrice": "29.99", "discountPercent": "64", "discountAmount": "19.13", "basePrice": "10.86", "baseSuggestedPrice": "29.99"}}, "currency": "EUR", "offerType": "instant"}, {"offerID": "12508894", "offerUUID": "b189cc23-9924-47a9-97c6-fd828bef2ed8", "seller": {"id": "9c5b72dd-941b-46ed-91b2-65ef37169c97", "name": "Gamersuniverse", "avatarUrl": "https://img.g2a.com/96x96/1x0x0/GameUniverse.png/082c50251210454fbb2a26d0", "initials": "Ga", "type": "excellent", "rating": {"up": 75717, "neutral": 5540, "down": 248, "positiveFeedbackRatio": 100}, "ordersCount": 81505, "issueInvoices": false, "deliveryTime": "automated"}, "isSelectedOffer": false, "isPromotedOffer": false, "type": "dropshipping", "prices": {"normal": {"price": "6.31", "suggestedPrice": "29.99", "discountPercent": "79", "discountAmount": "23.68", "basePrice": "6.31", "baseSuggestedPrice": "29.99"}, "plus": {"price": "5.68", "suggestedPrice": "29.99", "discountPercent": "81", "discountAmount": "24.31", "basePrice": "5.68", "baseSuggestedPrice": "29.99"}}, "currency": "EUR", "offerType": "instant"}, {"offerID": "13115558", "offerUUID": "f071d122-e80d-4bd2-953a-50536c11a0fa", "seller": {"id": "93a37575-e3bb-4b21-b36a-64fa3e888966", "name": "Games_factory", "avatarUrl": "https://img.g2a.com/96x96/1x0x0/logo2.jpg/c45e4f861a0c4078b285dff4", "initials": "Ga", "type": "excellent", "rating": {"up": 34687, "neutral": 2722, "down": 103, "positiveFeedbackRatio": 100}, "ordersCount": 37512, "issueInvoices": false, "deliveryTime": "automated"}, "isSelectedOffer": false, "isPromotedOffer": false, "type": "dropshipping", "prices": {"normal": {"price": "10.89", "suggestedPrice": "29.99", "discountPercent": "64", "discountAmount": "19.10", "basePrice": "10.89", "baseSuggestedPrice": "29.99"}, "plus": {"price": "9.80", "suggestedPrice": "29.99", "discountPercent": "67", "discountAmount": "20.19", "basePrice": "9.80", "baseSuggestedPrice": "29.99"}}, "currency": "EUR", "offerType": "instant"}, {"offerID": "12697752", "offerUUID": "f44b540e-c38f-4011-ad9e-791f4aa22874", "seller": {"id": "dabd25fb-f026-4d09-96b0-cbbc2b36dc1a", "name": "Instant_game", "avatarUrl": "https://img.g2a.com/96x96/1x0x0/instant-gaming-logo.png/1b629b69bea641d380f9aeac", "initials": "In", "type": "excellent", "rating": {"up": 9433, "neutral": 772, "down": 11, "positiveFeedbackRatio": 100}, "ordersCount": 10216, "issueInvoices": false, "deliveryTime": "automated"}, "isSelectedOffer": false, "isPromotedOffer": false, "type": "dropshipping", "prices": {"normal": {"price": "7.95", "suggestedPrice": "29.99", "discountPercent": "73", "discountAmount": "22.04", "basePrice": "7.95", "baseSuggestedPrice": "29.99"}, "plus": {"price": "7.16", "suggestedPrice": "29.99", "discountPercent": "76", "discountAmount": "22.83", "basePrice": "7.16", "baseSuggestedPrice": "29.99"}}, "currency": "EUR", "offerType": "instant"}, {"offerID": "13157440", "offerUUID": "65babcd6-0bd3-41f2-a476-45d9e379ac0a", "seller": {"id": "7ee85a85-32e5-4741-aeff-bede00e135a0", "name": "Fun_keys", "avatarUrl": "https://img.g2a.com/96x96/1x0x0/33.jpg/60313c5b46177c4151397092", "initials": "Fu", "type": "excellent", "rating": {"up": 7809, "neutral": 53, "down": 1, "positiveFeedbackRatio": 100}, "ordersCount": 7863, "issueInvoices": false, "deliveryTime": "automated"}, "isSelectedOffer": false, "isPromotedOffer": false, "type": "game", "prices": {"normal": {"price": "6.15", "suggestedPrice": "29.99", "discountPercent": "79", "discountAmount": "23.84", "basePrice": "6.15", "baseSuggestedPrice": "29.99"}, "plus": {"price": "5.53", "suggestedPrice": "29.99", "discountPercent": "82", "discountAmount": "24.46", "basePrice": "5.53", "baseSuggestedPrice": "29.99"}}, "currency": "EUR", "offerType": "instant"}, {"offerID": "12457529", "offerUUID": "f7903d7f-6cab-48e4-bef0-d54f4855b4ae", "seller": {"id": "87a62671-876d-4963-947d-db0773420c53", "name": "Golden_games", "avatarUrl": "", "initials": "Go", "type": "excellent", "rating": {"up": 7181, "neutral": 77, "down": 2, "positiveFeedbackRatio": 100}, "ordersCount": 7260, "issueInvoices": false, "deliveryTime": "automated"}, "isSelectedOffer": false, "isPromotedOffer": false, "type": "game", "prices": {"normal": {"price": "10.90", "suggestedPrice": "29.99", "discountPercent": "64", "discountAmount": "19.09", "basePrice": "10.90", "baseSuggestedPrice": "29.99"}, "plus": {"price": "9.81", "suggestedPrice": "29.99", "discountPercent": "67", "discountAmount": "20.18", "basePrice": "9.81", "baseSuggestedPrice": "29.99"}}, "currency": "EUR", "offerType": "instant"}, {"offerID": "12649317", "offerUUID": "8172d27e-6915-4c14-81a1-d6ae4c01e4b1", "seller": {"id": "fd3aa5e6-f89f-4ca5-85e1-6b5061856901", "name": "Codezilla", "avatarUrl": "https://img.g2a.com/96x96/1x0x0/rsz_115939684.png/7f0af52256f74eee8144e6e2", "initials": "Co", "type": "excellent", "rating": {"up": 6764, "neutral": 477, "down": 17, "positiveFeedbackRatio": 100}, "ordersCount": 7258, "issueInvoices": false, "deliveryTime": "automated"}, "isSelectedOffer": false, "isPromotedOffer": false, "type": "dropshipping", "prices": {"normal": {"price": "9.92", "suggestedPrice": "29.99", "discountPercent": "67", "discountAmount": "20.07", "basePrice": "9.92", "baseSuggestedPrice": "29.99"}, "plus": {"price": "8.93", "suggestedPrice": "29.99", "discountPercent": "70", "discountAmount": "21.06", "basePrice": "8.93", "baseSuggestedPrice": "29.99"}}, "currency": "EUR", "offerType": "instant"}, {"offerID": "12181392", "offerUUID": "0957028f-b068-4012-8624-3a41ed9909a1", "seller": {"id": "f74c2d89-9055-4bb6-ad00-c000dbb4a856", "name": "Superbkeys", "avatarUrl": "https://img.g2a.com/96x96/1x0x0/S4.png/4a8b4d3cb4d84c16ba274210", "initials": "Su", "type": "excellent", "rating": {"up": 6216, "neutral": 672, "down": 12, "positiveFeedbackRatio": 100}, "ordersCount": 6900, "issueInvoices": false, "deliveryTime": "automated"}, "isSelectedOffer": false, "isPromotedOffer": false, "type": "dropshipping", "prices": {"normal": {"price": "6.60", "suggestedPrice": "29.99", "discountPercent": "78", "discountAmount": "23.39", "basePrice": "6.60", "baseSuggestedPrice": "29.99"}, "plus": {"price": "5.94", "suggestedPrice": "29.99", "discountPercent": "80", "discountAmount": "24.05", "basePrice": "5.94", "baseSuggestedPrice": "29.99"}}, "currency": "EUR", "offerType": "instant"}, {"offerID": "12523723", "offerUUID": "4bafa0b5-59b6-42be-87c2-de29df447359", "seller": {"id": "4ef9ea30-eb97-43f7-86bf-83401ff79d7b", "name": "Gr8keys", "avatarUrl": "", "initials": "Gr", "type": "excellent", "rating": {"up": 4068, "neutral": 193, "down": 13, "positiveFeedbackRatio": 100}, "ordersCount": 4274, "issueInvoices": false, "deliveryTime": "automated"}, "isSelectedOffer": false, "isPromotedOffer": false, "type": "game", "prices": {"normal": {"price": "19.84", "suggestedPrice": "29.99", "discountPercent": "34", "discountAmount": "10.15", "basePrice": "19.84", "baseSuggestedPrice": "29.99"}, "plus": {"price": "17.86", "suggestedPrice": "29.99", "discountPercent": "40", "discountAmount": "12.13", "basePrice": "17.86", "baseSuggestedPrice": "29.99"}}, "currency": "EUR", "offerType": "instant"}, {"offerID": "13115774", "offerUUID": "b527145c-74a3-4dca-b742-5f5ae32a0e44", "seller": {"id": "4f2345bd-31a1-4edd-9a98-5a060fcc902e", "name": "Samfit", "avatarUrl": "", "initials": "Sa", "type": "excellent", "rating": {"up": 2654, "neutral": 114, "down": 2, "positiveFeedbackRatio": 100}, "ordersCount": 2770, "issueInvoices": false, "deliveryTime": "automated"}, "isSelectedOffer": false, "isPromotedOffer": false, "type": "game", "prices": {"normal": {"price": "5.40", "suggestedPrice": "29.99", "discountPercent": "82", "discountAmount": "24.59", "basePrice": "5.40", "baseSuggestedPrice": "29.99"}, "plus": {"price": "4.86", "suggestedPrice": "29.99", "discountPercent": "84", "discountAmount": "25.13", "basePrice": "4.86", "baseSuggestedPrice": "29.99"}}, "currency": "EUR", "offerType": "instant"}, {"offerID": "13160843", "offerUUID": "853f3617-b9ee-4815-ac9b-980c108a1ec6", "seller": {"id": "d4d66234-acdc-43df-ad22-d39ac8168528", "name": "Trusted_keys_rep", "avatarUrl": "", "initials": "Tr", "type": "excellent", "rating": {"up": 1845, "neutral": 16, "down": 7, "positiveFeedbackRatio": 100}, "ordersCount": 1868, "issueInvoices": false, "deliveryTime": "automated"}, "isSelectedOffer": false, "isPromotedOffer": false, "type": "game", "prices": {"normal": {"price": "5.48", "suggestedPrice": "29.99", "discountPercent": "82", "discountAmount": "24.51", "basePrice": "5.48", "baseSuggestedPrice": "29.99"}, "plus": {"price": "4.93", "suggestedPrice": "29.99", "discountPercent": "84", "discountAmount": "25.06", "basePrice": "4.93", "baseSuggestedPrice": "29.99"}}, "currency": "EUR", "offerType": "instant"}, {"offerID": "12499301", "offerUUID": "e96bf5b4-cd71-4449-ad8c-a35559ab59f3", "seller": {"id": "6075c220-a47c-4c12-a20a-3d3ceab378db", "name": "Gamesdivision", "avatarUrl": "https://img.g2a.com/96x96/1x0x0/G3.png/5f1bf9fe6e3b4f36bc66e372", "initials": "Ga", "type": "excellent", "rating": {"up": 1518, "neutral": 183, "down": 5, "positiveFeedbackRatio": 100}, "ordersCount": 1706, "issueInvoices": false, "deliveryTime": "automated"}, "isSelectedOffer": false, "isPromotedOffer": false, "type": "dropshipping", "prices": {"normal": {"price": "6.62", "suggestedPrice": "29.99", "discountPercent": "78", "discountAmount": "23.37", "basePrice": "6.62", "baseSuggestedPrice": "29.99"}, "plus": {"price": "5.96", "suggestedPrice": "29.99", "discountPercent": "80", "discountAmount": "24.03", "basePrice": "5.96", "baseSuggestedPrice": "29.99"}}, "currency": "EUR", "offerType": "instant"}, {"offerID": "12572234", "offerUUID": "084d610c-8085-4e14-839b-c5ea28a2fbcf", "seller": {"id": "f8f29384-f15b-4343-89b2-b0ddcf93eaf2", "name": "Sg_store", "avatarUrl": "https://img.g2a.com/96x96/1x0x0/20210911_194349_0000.png/96c810be09d5491697075886", "initials": "Sg", "type": "excellent", "rating": {"up": 1216, "neutral": 41, "down": 0, "positiveFeedbackRatio": 100}, "ordersCount": 1257, "issueInvoices": false, "deliveryTime": "automated"}, "isSelectedOffer": false, "isPromotedOffer": false, "type": "game", "prices": {"normal": {"price": "15.25", "suggestedPrice": "29.99", "discountPercent": "49", "discountAmount": "14.74", "basePrice": "15.25", "baseSuggestedPrice": "29.99"}, "plus": {"price": "13.72", "suggestedPrice": "29.99", "discountPercent": "54", "discountAmount": "16.27", "basePrice": "13.72", "baseSuggestedPrice": "29.99"}}, "currency": "EUR", "offerType": "instant"}, {"offerID": "13050010", "offerUUID": "4afcde04-44e0-436d-97d5-354c7e5f56ef", "seller": {"id": "37767863-7f35-4fab-b205-7ced9114fd9d", "name": "Mastersdeal", "avatarUrl": "https://img.g2a.com/96x96/1x0x0/LOGO_G2A.png/603e0ced7e696c42c9408e02", "initials": "Ma", "type": "default", "rating": {"up": 812, "neutral": 8, "down": 0, "positiveFeedbackRatio": 100}, "ordersCount": 820, "issueInvoices": false, "deliveryTime": "automated"}, "isSelectedOffer": false, "isPromotedOffer": false, "type": "game", "prices": {"normal": {"price": "15.25", "suggestedPrice": "29.99", "discountPercent": "49", "discountAmount": "14.74", "basePrice": "15.25", "baseSuggestedPrice": "29.99"}, "plus": {"price": "13.73", "suggestedPrice": "29.99", "discountPercent": "54", "discountAmount": "16.26", "basePrice": "13.73", "baseSuggestedPrice": "29.99"}}, "currency": "EUR", "offerType": "instant"}, {"offerID": "13152832", "offerUUID": "ca60db6c-4315-42ae-8b29-7da09e5bf853", "seller": {"id": "528ae0f0-1baf-4604-bdea-a8b27bc90417", "name": "True_keys", "avatarUrl": "https://img.g2a.com/96x96/1x0x0/keys-large.png/5AMjnNbDHHSqQsbArpmKPE", "initials": "Tr", "type": "default", "rating": {"up": 273, "neutral": 13, "down": 1, "positiveFeedbackRatio": 100}, "ordersCount": 287, "issueInvoices": false, "deliveryTime": "automated"}, "isSelectedOffer": false, "isPromotedOffer": false, "type": "game", "prices": {"normal": {"price": "9.98", "suggestedPrice": "29.99", "discountPercent": "67", "discountAmount": "20.01", "basePrice": "9.98", "baseSuggestedPrice": "29.99"}, "plus": {"price": "8.98", "suggestedPrice": "29.99", "discountPercent": "70", "discountAmount": "21.01", "basePrice": "8.98", "baseSuggestedPrice": "29.99"}}, "currency": "EUR", "offerType": "instant"}, {"offerID": "12556514", "offerUUID": "5ea45b82-08ff-4597-974a-2ef0bcc5b362", "seller": {"id": "fbe071e1-b0cd-458a-ae46-fe1acfcfca74", "name": "Lancce", "avatarUrl": "https://img.g2a.com/96x96/1x0x0/a.png/1da518f98f4141bb9bd45820", "initials": "La", "type": "default", "rating": {"up": 152, "neutral": 24, "down": 0, "positiveFeedbackRatio": 100}, "ordersCount": 176, "issueInvoices": false, "deliveryTime": null}, "isSelectedOffer": false, "isPromotedOffer": false, "type": "dropshipping", "prices": {"normal": {"price": "6.56", "suggestedPrice": "29.99", "discountPercent": "78", "discountAmount": "23.43", "basePrice": "6.56", "baseSuggestedPrice": "29.99"}, "plus": {"price": "5.91", "suggestedPrice": "29.99", "discountPercent": "80", "discountAmount": "24.08", "basePrice": "5.91", "baseSuggestedPrice": "29.99"}}, "currency": "EUR", "offerType": "instant"}, {"offerID": "13161802", "offerUUID": "eb39e0ec-a3fc-47e6-900d-08631c31b247", "seller": {"id": "223bc550-842f-49ab-b916-68cbacae88f8", "name": "Dopamineprod", "avatarUrl": "", "initials": "Do", "type": "default", "rating": {"up": 11, "neutral": 0, "down": 0, "positiveFeedbackRatio": 100}, "ordersCount": 11, "issueInvoices": false, "deliveryTime": "automated"}, "isSelectedOffer": false, "isPromotedOffer": false, "type": "game", "prices": {"normal": {"price": "5.47", "suggestedPrice": "29.99", "discountPercent": "82", "discountAmount": "24.52", "basePrice": "5.47", "baseSuggestedPrice": "29.99"}, "plus": {"price": "4.92", "suggestedPrice": "29.99", "discountPercent": "84", "discountAmount": "25.07", "basePrice": "4.92", "baseSuggestedPrice": "29.99"}}, "currency": "EUR", "offerType": "instant"}, {"offerID": "13152859", "offerUUID": "a94e3e85-3622-4b38-b50b-4f79443c2174", "seller": {"id": "3b695f8d-8d3a-4d63-b850-013747575750", "name": "Famjam", "avatarUrl": "", "initials": "Fa", "type": "default", "rating": {"up": 7, "neutral": 0, "down": 0, "positiveFeedbackRatio": 100}, "ordersCount": 7, "issueInvoices": false, "deliveryTime": null}, "isSelectedOffer": false, "isPromotedOffer": false, "type": "game", "prices": {"normal": {"price": "9.96", "suggestedPrice": "29.99", "discountPercent": "67", "discountAmount": "20.03", "basePrice": "9.96", "baseSuggestedPrice": "29.99"}, "plus": {"price": "8.97", "suggestedPrice": "29.99", "discountPercent": "70", "discountAmount": "21.02", "basePrice": "8.97", "baseSuggestedPrice": "29.99"}}, "currency": "EUR", "offerType": "instant"}, {"offerID": "13161883", "offerUUID": "d32f8f5b-1501-49f6-a7ae-9374c57dc263", "seller": {"id": "70bb70ac-6735-4858-9426-fba101e2207b", "name": "Lumenumbra", "avatarUrl": "", "initials": "Lu", "type": "default", "rating": {"up": 5, "neutral": 0, "down": 0, "positiveFeedbackRatio": 100}, "ordersCount": 5, "issueInvoices": false, "deliveryTime": "automated"}, "isSelectedOffer": false, "isPromotedOffer": false, "type": "game", "prices": {"normal": {"price": "5.38", "suggestedPrice": "29.99", "discountPercent": "82", "discountAmount": "24.61", "basePrice": "5.38", "baseSuggestedPrice": "29.99"}, "plus": {"price": "4.84", "suggestedPrice": "29.99", "discountPercent": "84", "discountAmount": "25.15", "basePrice": "4.84", "baseSuggestedPrice": "29.99"}}, "currency": "EUR", "offerType": "instant"}, {"offerID": "13161558", "offerUUID": "da6350fd-0d93-4db4-a179-28de7d13112a", "seller": {"id": "eb49f06d-d3e5-4e28-ad56-ac4e3e29b8ef", "name": "Joe1121", "avatarUrl": "", "initials": "Jo", "type": "default", "rating": {"up": 4, "neutral": 0, "down": 0, "positiveFeedbackRatio": 100}, "ordersCount": 4, "issueInvoices": false, "deliveryTime": null}, "isSelectedOffer": false, "isPromotedOffer": false, "type": "game", "prices": {"normal": {"price": "5.48", "suggestedPrice": "29.99", "discountPercent": "82", "discountAmount": "24.51", "basePrice": "5.48", "baseSuggestedPrice": "29.99"}, "plus": {"price": "4.93", "suggestedPrice": "29.99", "discountPercent": "84", "discountAmount": "25.06", "basePrice": "4.93", "baseSuggestedPrice": "29.99"}}, "currency": "EUR", "offerType": "instant"}, {"offerID": "12176904", "offerUUID": "3d4c1295-8df7-4fbd-9adf-16b1643caff4", "seller": {"id": "e578112e-2989-42e0-89e3-94275a1b11c4", "name": "Sacrifice_shop", "avatarUrl": "", "initials": "Sa", "type": "excellent", "rating": {"up": 3843, "neutral": 344, "down": 24, "positiveFeedbackRatio": 99}, "ordersCount": 4211, "issueInvoices": false, "deliveryTime": "automated"}, "isSelectedOffer": false, "isPromotedOffer": false, "type": "game", "prices": {"normal": {"price": "26.32", "suggestedPrice": "29.99", "discountPercent": "12", "discountAmount": "3.67", "basePrice": "26.32", "baseSuggestedPrice": "29.99"}, "plus": {"price": "24.09", "suggestedPrice": "29.99", "discountPercent": "20", "discountAmount": "5.90", "basePrice": "24.09", "baseSuggestedPrice": "29.99"}}, "currency": "EUR", "offerType": "instant"}, {"offerID": "12461127", "offerUUID": "ae7c735e-87df-44b2-9915-a1f0a52fb59c", "seller": {"id": "1d938776-4016-46ed-b989-b4f60bf3fbfd", "name": "We_the_north", "avatarUrl": "https://img.g2a.com/96x96/1x0x0/777.png/6061e1bd7e696c5c30263932", "initials": "We", "type": "excellent", "rating": {"up": 1625, "neutral": 52, "down": 19, "positiveFeedbackRatio": 99}, "ordersCount": 1696, "issueInvoices": false, "deliveryTime": "automated"}, "isSelectedOffer": false, "isPromotedOffer": false, "type": "game", "prices": {"normal": {"price": "10.92", "suggestedPrice": "29.99", "discountPercent": "64", "discountAmount": "19.07", "basePrice": "10.92", "baseSuggestedPrice": "29.99"}, "plus": {"price": "9.83", "suggestedPrice": "29.99", "discountPercent": "67", "discountAmount": "20.16", "basePrice": "9.83", "baseSuggestedPrice": "29.99"}}, "currency": "EUR", "offerType": "instant"}, {"offerID": "13153116", "offerUUID": "ece09d42-a40f-4598-9407-1018ca7371df", "seller": {"id": "98c43478-2732-499c-a466-520a30a56828", "name": "Rottviler", "avatarUrl": "https://img.g2a.com/96x96/1x0x0/logo.png/b39e84cfa5844877a3ceb4bc", "initials": "Ro", "type": "default", "rating": {"up": 999, "neutral": 79, "down": 11, "positiveFeedbackRatio": 99}, "ordersCount": 1089, "issueInvoices": false, "deliveryTime": "automated"}, "isSelectedOffer": false, "isPromotedOffer": false, "type": "game", "prices": {"normal": {"price": "7.53", "suggestedPrice": "29.99", "discountPercent": "75", "discountAmount": "22.46", "basePrice": "7.53", "baseSuggestedPrice": "29.99"}, "plus": {"price": "6.78", "suggestedPrice": "29.99", "discountPercent": "77", "discountAmount": "23.21", "basePrice": "6.78", "baseSuggestedPrice": "29.99"}}, "currency": "EUR", "offerType": "instant"}, {"offerID": "13126699", "offerUUID": "07d0a994-c6b4-4ccd-80b3-4afa7079609b", "seller": {"id": "2c3ad7a3-b5bd-430b-bcb1-6b99ba479d86", "name": "Egames_empire", "avatarUrl": "", "initials": "Eg", "type": "default", "rating": {"up": 737, "neutral": 46, "down": 10, "positiveFeedbackRatio": 99}, "ordersCount": 793, "issueInvoices": false, "deliveryTime": "automated"}, "isSelectedOffer": false, "isPromotedOffer": false, "type": "game", "prices": {"normal": {"price": "10.91", "suggestedPrice": "29.99", "discountPercent": "64", "discountAmount": "19.08", "basePrice": "10.91", "baseSuggestedPrice": "29.99"}, "plus": {"price": "9.82", "suggestedPrice": "29.99", "discountPercent": "67", "discountAmount": "20.17", "basePrice": "9.82", "baseSuggestedPrice": "29.99"}}, "currency": "EUR", "offerType": "instant"}, {"offerID": "12517512", "offerUUID": "3bfe1750-7259-46e6-939b-fc846faddf0a", "seller": {"id": "4981ec74-d4d0-4da5-9801-239da5d49028", "name": "Daykey", "avatarUrl": "https://img.g2a.com/96x96/1x0x0/64549ba259c3206c5db23a079e2f1d97.png/0a1a9ac1b31a473aaba61113", "initials": "Da", "type": "default", "rating": {"up": 711, "neutral": 28, "down": 8, "positiveFeedbackRatio": 99}, "ordersCount": 747, "issueInvoices": false, "deliveryTime": "automated"}, "isSelectedOffer": false, "isPromotedOffer": false, "type": "game", "prices": {"normal": {"price": "14.61", "suggestedPrice": "29.99", "discountPercent": "51", "discountAmount": "15.38", "basePrice": "14.61", "baseSuggestedPrice": "29.99"}, "plus": {"price": "13.15", "suggestedPrice": "29.99", "discountPercent": "56", "discountAmount": "16.84", "basePrice": "13.15", "baseSuggestedPrice": "29.99"}}, "currency": "EUR", "offerType": "instant"}, {"offerID": "13153195", "offerUUID": "c90a64f1-8a30-4c02-a538-753b3a035de7", "seller": {"id": "d2d6c341-5cd8-4b3d-b2cc-76f594429503", "name": "Faser71", "avatarUrl": "", "initials": "Fa", "type": "default", "rating": {"up": 299, "neutral": 16, "down": 12, "positiveFeedbackRatio": 96}, "ordersCount": 327, "issueInvoices": false, "deliveryTime": "automated"}, "isSelectedOffer": false, "isPromotedOffer": false, "type": "game", "prices": {"normal": {"price": "4.60", "suggestedPrice": "29.99", "discountPercent": "85", "discountAmount": "25.39", "basePrice": "4.60", "baseSuggestedPrice": "29.99"}, "plus": {"price": "4.14", "suggestedPrice": "29.99", "discountPercent": "86", "discountAmount": "25.85", "basePrice": "4.14", "baseSuggestedPrice": "29.99"}}, "currency": "EUR", "offerType": "instant"}, {"offerID": "12471056", "offerUUID": "53d67ad3-2915-4b51-9592-3fcfcf5b8920", "seller": {"id": "26c3a44d-9f8f-4fa9-b3c7-3f855b74284c", "name": "Retaildepot", "avatarUrl": "", "initials": "Re", "type": "excellent", "rating": {"up": 1810, "neutral": 54, "down": 95, "positiveFeedbackRatio": 95}, "ordersCount": 1959, "issueInvoices": false, "deliveryTime": "automated"}, "isSelectedOffer": false, "isPromotedOffer": false, "type": "game", "prices": {"normal": {"price": "17.17", "suggestedPrice": "29.99", "discountPercent": "43", "discountAmount": "12.82", "basePrice": "17.17", "baseSuggestedPrice": "29.99"}, "plus": {"price": "15.45", "suggestedPrice": "29.99", "discountPercent": "48", "discountAmount": "14.54", "basePrice": "15.45", "baseSuggestedPrice": "29.99"}}, "currency": "EUR", "offerType": "instant"}, {"offerID": "13158880", "offerUUID": "ad65f4b2-c2e9-444f-a0d2-e669a877a1cf", "seller": {"id": "b4aa1194-40b6-4bab-891f-9cf42ca1b604", "name": "Carlosgamingg", "avatarUrl": "", "initials": "Ca", "type": "default", "rating": {"up": 1, "neutral": 0, "down": 2, "positiveFeedbackRatio": 33}, "ordersCount": 3, "issueInvoices": false, "deliveryTime": null}, "isSelectedOffer": false, "isPromotedOffer": false, "type": "game", "prices": {"normal": {"price": "7.53", "suggestedPrice": "29.99", "discountPercent": "75", "discountAmount": "22.46", "basePrice": "7.53", "baseSuggestedPrice": "29.99"}, "plus": {"price": "6.78", "suggestedPrice": "29.99", "discountPercent": "77", "discountAmount": "23.21", "basePrice": "6.78", "baseSuggestedPrice": "29.99"}}, "currency": "EUR", "offerType": "instant"}, {"offerID": "13152896", "offerUUID": "453d9416-74b6-4b84-8d79-3246a5fe6a7c", "seller": {"id": "490521c5-b5cb-4763-8db9-02370912defa", "name": "Lelouchbrit", "avatarUrl": "", "initials": "Le", "type": "default", "rating": {"up": 0, "neutral": 0, "down": 0, "positiveFeedbackRatio": 0}, "ordersCount": 0, "issueInvoices": false, "deliveryTime": "automated"}, "isSelectedOffer": false, "isPromotedOffer": false, "type": "game", "prices": {"normal": {"price": "9.85", "suggestedPrice": "29.99", "discountPercent": "67", "discountAmount": "20.14", "basePrice": "9.85", "baseSuggestedPrice": "29.99"}, "plus": {"price": "8.87", "suggestedPrice": "29.99", "discountPercent": "70", "discountAmount": "21.12", "basePrice": "8.87", "baseSuggestedPrice": "29.99"}}, "currency": "EUR", "offerType": "instant"}, {"offerID": "13152824", "offerUUID": "26b49371-f902-4b7a-afb2-99e3a15ce44f", "seller": {"id": "39b4f632-c2c1-45ea-a9dc-3cb2061affe2", "name": "Soulless2k4", "avatarUrl": "", "initials": "So", "type": "default", "rating": {"up": 0, "neutral": 0, "down": 0, "positiveFeedbackRatio": 0}, "ordersCount": 0, "issueInvoices": false, "deliveryTime": "automated"}, "isSelectedOffer": false, "isPromotedOffer": false, "type": "game", "prices": {"normal": {"price": "10.89", "suggestedPrice": "29.99", "discountPercent": "64", "discountAmount": "19.10", "basePrice": "10.89", "baseSuggestedPrice": "29.99"}, "plus": {"price": "9.80", "suggestedPrice": "29.99", "discountPercent": "67", "discountAmount": "20.19", "basePrice": "9.80", "baseSuggestedPrice": "29.99"}}, "currency": "EUR", "offerType": "instant"}, {"offerID": "13161172", "offerUUID": "dfe90f85-83fa-460f-b4fd-45ded72cff23", "seller": {"id": "ed4f2855-1d44-4fa7-84c1-afe3bcdec608", "name": "Lufian112345", "avatarUrl": "", "initials": "Lu", "type": "default", "rating": {"up": 0, "neutral": 0, "down": 0, "positiveFeedbackRatio": 0}, "ordersCount": 0, "issueInvoices": false, "deliveryTime": "automated"}, "isSelectedOffer": false, "isPromotedOffer": false, "type": "game", "prices": {"normal": {"price": "12.08", "suggestedPrice": "29.99", "discountPercent": "60", "discountAmount": "17.91", "basePrice": "12.08", "baseSuggestedPrice": "29.99"}, "plus": {"price": "10.88", "suggestedPrice": "29.99", "discountPercent": "64", "discountAmount": "19.11", "basePrice": "10.88", "baseSuggestedPrice": "29.99"}}, "currency": "EUR", "offerType": "instant"}, {"offerID": "13124934", "offerUUID": "67abcbf9-e83f-476a-a962-de57af53e359", "seller": {"id": "fd59416d-afb5-4f81-90b3-7aef27f70921", "name": "Ronaldmcdonald97", "avatarUrl": "", "initials": "Ro", "type": "default", "rating": {"up": 0, "neutral": 0, "down": 0, "positiveFeedbackRatio": 0}, "ordersCount": 0, "issueInvoices": false, "deliveryTime": null}, "isSelectedOffer": false, "isPromotedOffer": false, "type": "game", "prices": {"normal": {"price": "18.03", "suggestedPrice": "29.99", "discountPercent": "40", "discountAmount": "11.96", "basePrice": "18.03", "baseSuggestedPrice": "29.99"}, "plus": {"price": "16.23", "suggestedPrice": "29.99", "discountPercent": "46", "discountAmount": "13.76", "basePrice": "16.23", "baseSuggestedPrice": "29.99"}}, "currency": "EUR", "offerType": "instant"}], "productType": "digital", "error": null}}