{"data": {"offers": [{"offerID": "13135016", "offerUUID": "6e08af0c-ba4d-4c39-9c46-eb6721f16b97", "seller": {"id": "260446b2-691f-4e20-910c-9bc7f4b4e37b", "name": "Gameprojekt_com", "avatarUrl": "", "initials": "Ga", "type": "default", "rating": {"up": 177, "neutral": 21, "down": 0, "positiveFeedbackRatio": 100}, "ordersCount": 198, "issueInvoices": false, "deliveryTime": "automated"}, "isSelectedOffer": false, "isPromotedOffer": false, "type": "game", "prices": {"normal": {"price": "1.10", "suggestedPrice": "17.99", "discountPercent": "94", "discountAmount": "16.89", "basePrice": "1.10", "baseSuggestedPrice": "17.99"}, "plus": {"price": "0.99", "suggestedPrice": "17.99", "discountPercent": "94", "discountAmount": "17.00", "basePrice": "0.99", "baseSuggestedPrice": "17.99"}}, "currency": "EUR", "offerType": "instant"}, {"offerID": "13141820", "offerUUID": "7cc8955f-1fa9-4e3d-bc64-26da6a1af1ee", "seller": {"id": "2fe0d9f0-7024-4778-97b5-2209deb8f98e", "name": "Coo_keys", "avatarUrl": "https://img.g2a.com/96x96/1x0x0/91aeba52618c4068bc4060953da04c7b.png/4517f43664db4f40bcea148d", "initials": "Co", "type": "default", "rating": {"up": 54, "neutral": 1, "down": 0, "positiveFeedbackRatio": 100}, "ordersCount": 55, "issueInvoices": false, "deliveryTime": "automated"}, "isSelectedOffer": false, "isPromotedOffer": false, "type": "game", "prices": {"normal": {"price": "1.94", "suggestedPrice": "17.99", "discountPercent": "89", "discountAmount": "16.05", "basePrice": "1.94", "baseSuggestedPrice": "17.99"}, "plus": {"price": "1.74", "suggestedPrice": "17.99", "discountPercent": "90", "discountAmount": "16.25", "basePrice": "1.74", "baseSuggestedPrice": "17.99"}}, "currency": "EUR", "offerType": "instant"}, {"offerID": "13136233", "offerUUID": "2203a34a-eec3-4fa9-a070-e991dc834a05", "seller": {"id": "7f133cb2-75d9-4caf-89bd-7f953f2da613", "name": "Digital_power", "avatarUrl": "https://img.g2a.com/96x96/1x0x0/like neon.png/6030033746177c63840b06b2", "initials": "Di", "type": "default", "rating": {"up": 121, "neutral": 7, "down": 3, "positiveFeedbackRatio": 98}, "ordersCount": 131, "issueInvoices": false, "deliveryTime": "automated"}, "isSelectedOffer": false, "isPromotedOffer": false, "type": "game", "prices": {"normal": {"price": "2.58", "suggestedPrice": "17.99", "discountPercent": "86", "discountAmount": "15.41", "basePrice": "2.58", "baseSuggestedPrice": "17.99"}, "plus": {"price": "2.32", "suggestedPrice": "17.99", "discountPercent": "87", "discountAmount": "15.67", "basePrice": "2.32", "baseSuggestedPrice": "17.99"}}, "currency": "EUR", "offerType": "instant"}, {"offerID": "13133933", "offerUUID": "1b0e667d-5abd-4e09-ad94-5b2fd1a828c9", "seller": {"id": "3492b364-df97-4463-ac37-e4ce8931aadb", "name": "Owne3d", "avatarUrl": "", "initials": "Ow", "type": "default", "rating": {"up": 3, "neutral": 0, "down": 1, "positiveFeedbackRatio": 75}, "ordersCount": 4, "issueInvoices": true, "deliveryTime": "automated"}, "isSelectedOffer": false, "isPromotedOffer": false, "type": "game", "prices": {"normal": {"price": "24.95", "discountPercent": "0", "discountAmount": "0.00", "basePrice": "24.95"}, "plus": {"price": "22.48", "suggestedPrice": "24.95", "discountPercent": "10", "discountAmount": "2.47", "basePrice": "22.48", "baseSuggestedPrice": "24.95"}}, "currency": "EUR", "offerType": "instant"}, {"offerID": "13144200", "offerUUID": "ca9d3eb4-dca2-445c-b0fb-0c24ac6b186d", "seller": {"id": "cff6c343-4634-4f28-ba3f-6aa78b28b7ee", "name": "Szorike", "avatarUrl": "", "initials": "Sz", "type": "default", "rating": {"up": 0, "neutral": 0, "down": 0, "positiveFeedbackRatio": 0}, "ordersCount": 0, "issueInvoices": false, "deliveryTime": "automated"}, "isSelectedOffer": false, "isPromotedOffer": false, "type": "game", "prices": {"normal": {"price": "1.89", "suggestedPrice": "17.99", "discountPercent": "89", "discountAmount": "16.10", "basePrice": "1.89", "baseSuggestedPrice": "17.99"}, "plus": {"price": "1.70", "suggestedPrice": "17.99", "discountPercent": "91", "discountAmount": "16.29", "basePrice": "1.70", "baseSuggestedPrice": "17.99"}}, "currency": "EUR", "offerType": "instant"}], "productType": "digital", "error": null}}