{"data": {"offers": [{"offerID": "13134674", "offerUUID": "e4ba42fc-2c80-423a-8b29-7a82a6657beb", "seller": {"id": "98c43478-2732-499c-a466-520a30a56828", "name": "Rottviler", "avatarUrl": "https://img.g2a.com/96x96/1x0x0/logo.png/b39e84cfa5844877a3ceb4bc", "initials": "Ro", "type": "default", "rating": {"up": 998, "neutral": 79, "down": 11, "positiveFeedbackRatio": 99}, "ordersCount": 1088, "issueInvoices": false, "deliveryTime": "automated"}, "isSelectedOffer": false, "isPromotedOffer": true, "promotedOffer": {"campaignId": "187", "showId": "5f593dfd-80f8-48ca-8fc7-4836ab2b97de", "requestId": "|33a8mdFX97I+a1qL9LW3J9SppOfq7pMp7dHp.f9eejDIh_x8mj8O.XghasL_", "skc": "unknown-skc"}, "type": "game", "prices": {"normal": {"price": "3.25", "suggestedPrice": "24.99", "discountPercent": "87", "discountAmount": "21.74", "basePrice": "3.25", "baseSuggestedPrice": "24.99"}, "plus": {"price": "2.93", "suggestedPrice": "24.99", "discountPercent": "88", "discountAmount": "22.06", "basePrice": "2.93", "baseSuggestedPrice": "24.99"}}, "currency": "EUR", "offerType": "instant"}, {"offerID": "12988310", "offerUUID": "64e658ea-5265-4bda-9eb5-a9efcfb03b70", "seller": {"id": "dabd25fb-f026-4d09-96b0-cbbc2b36dc1a", "name": "Instant_game", "avatarUrl": "https://img.g2a.com/96x96/1x0x0/instant-gaming-logo.png/1b629b69bea641d380f9aeac", "initials": "In", "type": "excellent", "rating": {"up": 9425, "neutral": 772, "down": 10, "positiveFeedbackRatio": 100}, "ordersCount": 10207, "issueInvoices": false, "deliveryTime": "automated"}, "isSelectedOffer": false, "isPromotedOffer": false, "type": "dropshipping", "prices": {"normal": {"price": "2.99", "suggestedPrice": "24.99", "discountPercent": "88", "discountAmount": "22.00", "basePrice": "2.99", "baseSuggestedPrice": "24.99"}, "plus": {"price": "2.69", "suggestedPrice": "24.99", "discountPercent": "89", "discountAmount": "22.30", "basePrice": "2.69", "baseSuggestedPrice": "24.99"}}, "currency": "EUR", "offerType": "instant"}, {"offerID": "13158577", "offerUUID": "6d6c39a6-88e3-4e51-8a7f-820079025acf", "seller": {"id": "8166753e-8645-4d4a-b0f9-4f8a92178c6e", "name": "Prestige_worldwide", "avatarUrl": "https://img.g2a.com/96x96/1x0x0/51bfzi5yUZL._AC_.jpg/602fd90146177c290c4f8e42", "initials": "Pr", "type": "excellent", "rating": {"up": 2562, "neutral": 103, "down": 1, "positiveFeedbackRatio": 100}, "ordersCount": 2666, "issueInvoices": false, "deliveryTime": "automated"}, "isSelectedOffer": false, "isPromotedOffer": false, "type": "game", "prices": {"normal": {"price": "2.60", "suggestedPrice": "24.99", "discountPercent": "90", "discountAmount": "22.39", "basePrice": "2.60", "baseSuggestedPrice": "24.99"}, "plus": {"price": "2.34", "suggestedPrice": "24.99", "discountPercent": "91", "discountAmount": "22.65", "basePrice": "2.34", "baseSuggestedPrice": "24.99"}}, "currency": "EUR", "offerType": "instant"}, {"offerID": "13136222", "offerUUID": "8ad06f0d-4725-4c0d-a739-1bb2a36eff72", "seller": {"id": "d4d66234-acdc-43df-ad22-d39ac8168528", "name": "Trusted_keys_rep", "avatarUrl": "", "initials": "Tr", "type": "excellent", "rating": {"up": 1843, "neutral": 16, "down": 7, "positiveFeedbackRatio": 100}, "ordersCount": 1866, "issueInvoices": false, "deliveryTime": "automated"}, "isSelectedOffer": false, "isPromotedOffer": false, "type": "game", "prices": {"normal": {"price": "1.68", "suggestedPrice": "24.99", "discountPercent": "93", "discountAmount": "23.31", "basePrice": "1.68", "baseSuggestedPrice": "24.99"}, "plus": {"price": "1.51", "suggestedPrice": "24.99", "discountPercent": "94", "discountAmount": "23.48", "basePrice": "1.51", "baseSuggestedPrice": "24.99"}}, "currency": "EUR", "offerType": "instant"}, {"offerID": "13142345", "offerUUID": "1e46da33-2b9d-43c6-8ea6-cf193283c304", "seller": {"id": "69ace28c-e1f8-45f3-b27c-0b66a16f75d8", "name": "Magnus_knudsen", "avatarUrl": "", "initials": "Ma", "type": "default", "rating": {"up": 46, "neutral": 3, "down": 0, "positiveFeedbackRatio": 100}, "ordersCount": 49, "issueInvoices": true, "deliveryTime": "automated"}, "isSelectedOffer": false, "isPromotedOffer": false, "type": "game", "prices": {"normal": {"price": "2.47", "suggestedPrice": "24.99", "discountPercent": "90", "discountAmount": "22.52", "basePrice": "2.47", "baseSuggestedPrice": "24.99"}, "plus": {"price": "2.22", "suggestedPrice": "24.99", "discountPercent": "91", "discountAmount": "22.77", "basePrice": "2.22", "baseSuggestedPrice": "24.99"}}, "currency": "EUR", "offerType": "instant"}, {"offerID": "13147094", "offerUUID": "c9c8fba2-0a36-40e0-bb89-880719545fa0", "seller": {"id": "5e55c95f-9cdc-4954-89a7-132145ce0b13", "name": "Sodone9to5games", "avatarUrl": "", "initials": "So", "type": "default", "rating": {"up": 17, "neutral": 0, "down": 0, "positiveFeedbackRatio": 100}, "ordersCount": 17, "issueInvoices": false, "deliveryTime": null}, "isSelectedOffer": false, "isPromotedOffer": false, "type": "game", "prices": {"normal": {"price": "2.13", "suggestedPrice": "24.99", "discountPercent": "91", "discountAmount": "22.86", "basePrice": "2.13", "baseSuggestedPrice": "24.99"}, "plus": {"price": "1.92", "suggestedPrice": "24.99", "discountPercent": "92", "discountAmount": "23.07", "basePrice": "1.92", "baseSuggestedPrice": "24.99"}}, "currency": "EUR", "offerType": "instant"}, {"offerID": "13140659", "offerUUID": "1390e4c0-0e34-4b6f-9ec6-b6fae6a8b015", "seller": {"id": "9f6d45c2-7447-4b17-ac07-7562e4e9b5d4", "name": "Ohannibal", "avatarUrl": "", "initials": "Oh", "type": "default", "rating": {"up": 12, "neutral": 0, "down": 0, "positiveFeedbackRatio": 100}, "ordersCount": 12, "issueInvoices": false, "deliveryTime": "automated"}, "isSelectedOffer": false, "isPromotedOffer": false, "type": "game", "prices": {"normal": {"price": "2.68", "suggestedPrice": "24.99", "discountPercent": "89", "discountAmount": "22.31", "basePrice": "2.68", "baseSuggestedPrice": "24.99"}, "plus": {"price": "2.41", "suggestedPrice": "24.99", "discountPercent": "90", "discountAmount": "22.58", "basePrice": "2.41", "baseSuggestedPrice": "24.99"}}, "currency": "EUR", "offerType": "instant"}, {"offerID": "13148651", "offerUUID": "d0784c3c-faac-469a-a87b-a11cc20a88ff", "seller": {"id": "841a134c-cc86-432f-bf06-4406c461deec", "name": "Lediableblanc", "avatarUrl": "", "initials": "Le", "type": "default", "rating": {"up": 8, "neutral": 0, "down": 0, "positiveFeedbackRatio": 100}, "ordersCount": 8, "issueInvoices": false, "deliveryTime": "automated"}, "isSelectedOffer": false, "isPromotedOffer": false, "type": "game", "prices": {"normal": {"price": "1.86", "suggestedPrice": "24.99", "discountPercent": "93", "discountAmount": "23.13", "basePrice": "1.86", "baseSuggestedPrice": "24.99"}, "plus": {"price": "1.67", "suggestedPrice": "24.99", "discountPercent": "93", "discountAmount": "23.32", "basePrice": "1.67", "baseSuggestedPrice": "24.99"}}, "currency": "EUR", "offerType": "instant"}, {"offerID": "13158074", "offerUUID": "dd4d23cc-a775-427e-a136-50ecce3d02ab", "seller": {"id": "56dbcea6-4889-4467-9300-a7f4aa783787", "name": "Billythekid47", "avatarUrl": "", "initials": "Bi", "type": "default", "rating": {"up": 5, "neutral": 0, "down": 0, "positiveFeedbackRatio": 100}, "ordersCount": 5, "issueInvoices": false, "deliveryTime": "automated"}, "isSelectedOffer": false, "isPromotedOffer": false, "type": "game", "prices": {"normal": {"price": "1.64", "suggestedPrice": "24.99", "discountPercent": "93", "discountAmount": "23.35", "basePrice": "1.64", "baseSuggestedPrice": "24.99"}, "plus": {"price": "1.48", "suggestedPrice": "24.99", "discountPercent": "94", "discountAmount": "23.51", "basePrice": "1.48", "baseSuggestedPrice": "24.99"}}, "currency": "EUR", "offerType": "instant"}, {"offerID": "13148669", "offerUUID": "f51dd3f6-3923-42da-a4cc-00975bfad210", "seller": {"id": "d3f5662e-0638-443a-8cee-bdcb4d5dd1e5", "name": "Biobas", "avatarUrl": "", "initials": "Bi", "type": "default", "rating": {"up": 5, "neutral": 0, "down": 0, "positiveFeedbackRatio": 100}, "ordersCount": 5, "issueInvoices": false, "deliveryTime": "automated"}, "isSelectedOffer": false, "isPromotedOffer": false, "type": "game", "prices": {"normal": {"price": "1.85", "suggestedPrice": "24.99", "discountPercent": "93", "discountAmount": "23.14", "basePrice": "1.85", "baseSuggestedPrice": "24.99"}, "plus": {"price": "1.66", "suggestedPrice": "24.99", "discountPercent": "93", "discountAmount": "23.33", "basePrice": "1.66", "baseSuggestedPrice": "24.99"}}, "currency": "EUR", "offerType": "instant"}, {"offerID": "13146354", "offerUUID": "6e2701b5-ee29-46d5-b305-4a0bd4e05e9c", "seller": {"id": "f373e25e-a7c8-4f9e-be13-abb9834d5591", "name": "Kaze0704", "avatarUrl": "", "initials": "Ka", "type": "default", "rating": {"up": 5, "neutral": 0, "down": 0, "positiveFeedbackRatio": 100}, "ordersCount": 5, "issueInvoices": false, "deliveryTime": "automated"}, "isSelectedOffer": false, "isPromotedOffer": false, "type": "game", "prices": {"normal": {"price": "1.95", "suggestedPrice": "24.99", "discountPercent": "92", "discountAmount": "23.04", "basePrice": "1.95", "baseSuggestedPrice": "24.99"}, "plus": {"price": "1.76", "suggestedPrice": "24.99", "discountPercent": "93", "discountAmount": "23.23", "basePrice": "1.76", "baseSuggestedPrice": "24.99"}}, "currency": "EUR", "offerType": "instant"}, {"offerID": "13135430", "offerUUID": "19633e49-d811-4ade-9c8d-3c0182ced1d9", "seller": {"id": "0e53163c-a834-4467-a910-3d064a641cea", "name": "Infinitykey", "avatarUrl": "", "initials": "In", "type": "default", "rating": {"up": 5, "neutral": 0, "down": 0, "positiveFeedbackRatio": 100}, "ordersCount": 5, "issueInvoices": false, "deliveryTime": "automated"}, "isSelectedOffer": false, "isPromotedOffer": false, "type": "game", "prices": {"normal": {"price": "3.02", "suggestedPrice": "24.99", "discountPercent": "88", "discountAmount": "21.97", "basePrice": "3.02", "baseSuggestedPrice": "24.99"}, "plus": {"price": "2.72", "suggestedPrice": "24.99", "discountPercent": "89", "discountAmount": "22.27", "basePrice": "2.72", "baseSuggestedPrice": "24.99"}}, "currency": "EUR", "offerType": "instant"}, {"offerID": "13133959", "offerUUID": "a5c0753e-9f64-4635-a10b-a1e77f342a45", "seller": {"id": "eb49f06d-d3e5-4e28-ad56-ac4e3e29b8ef", "name": "Joe1121", "avatarUrl": "", "initials": "Jo", "type": "default", "rating": {"up": 4, "neutral": 0, "down": 0, "positiveFeedbackRatio": 100}, "ordersCount": 4, "issueInvoices": false, "deliveryTime": null}, "isSelectedOffer": false, "isPromotedOffer": false, "type": "game", "prices": {"normal": {"price": "3.83", "suggestedPrice": "24.99", "discountPercent": "85", "discountAmount": "21.16", "basePrice": "3.83", "baseSuggestedPrice": "24.99"}, "plus": {"price": "3.45", "suggestedPrice": "24.99", "discountPercent": "86", "discountAmount": "21.54", "basePrice": "3.45", "baseSuggestedPrice": "24.99"}}, "currency": "EUR", "offerType": "instant"}, {"offerID": "13148904", "offerUUID": "7997a89b-cd73-4d11-9b45-c588be8f0416", "seller": {"id": "0ab1062b-7fee-454a-91f1-f203a5212a84", "name": "Thewingthing", "avatarUrl": "", "initials": "Th", "type": "default", "rating": {"up": 2, "neutral": 0, "down": 0, "positiveFeedbackRatio": 100}, "ordersCount": 2, "issueInvoices": false, "deliveryTime": "automated"}, "isSelectedOffer": false, "isPromotedOffer": false, "type": "game", "prices": {"normal": {"price": "1.78", "suggestedPrice": "24.99", "discountPercent": "93", "discountAmount": "23.21", "basePrice": "1.78", "baseSuggestedPrice": "24.99"}, "plus": {"price": "1.60", "suggestedPrice": "24.99", "discountPercent": "94", "discountAmount": "23.39", "basePrice": "1.60", "baseSuggestedPrice": "24.99"}}, "currency": "EUR", "offerType": "instant"}, {"offerID": "13147071", "offerUUID": "13369a7a-1eea-4544-882f-a80dbf37f27c", "seller": {"id": "0ee366ff-79d5-489c-a4d2-6302c29f6bdd", "name": "Martinilx", "avatarUrl": "", "initials": "Ma", "type": "default", "rating": {"up": 1, "neutral": 0, "down": 0, "positiveFeedbackRatio": 100}, "ordersCount": 1, "issueInvoices": false, "deliveryTime": null}, "isSelectedOffer": false, "isPromotedOffer": false, "type": "game", "prices": {"normal": {"price": "2.21", "suggestedPrice": "24.99", "discountPercent": "91", "discountAmount": "22.78", "basePrice": "2.21", "baseSuggestedPrice": "24.99"}, "plus": {"price": "1.99", "suggestedPrice": "24.99", "discountPercent": "92", "discountAmount": "23.00", "basePrice": "1.99", "baseSuggestedPrice": "24.99"}}, "currency": "EUR", "offerType": "instant"}, {"offerID": "13141718", "offerUUID": "d23ae9bf-6239-4e5d-adf0-e12d30755c83", "seller": {"id": "935c3412-0176-457d-a7d6-25a4d85a433f", "name": "Planba", "avatarUrl": "", "initials": "Pl", "type": "default", "rating": {"up": 1, "neutral": 0, "down": 0, "positiveFeedbackRatio": 100}, "ordersCount": 1, "issueInvoices": true, "deliveryTime": "automated"}, "isSelectedOffer": false, "isPromotedOffer": false, "type": "game", "prices": {"normal": {"price": "2.56", "suggestedPrice": "24.99", "discountPercent": "90", "discountAmount": "22.43", "basePrice": "2.56", "baseSuggestedPrice": "24.99"}, "plus": {"price": "2.31", "suggestedPrice": "24.99", "discountPercent": "91", "discountAmount": "22.68", "basePrice": "2.31", "baseSuggestedPrice": "24.99"}}, "currency": "EUR", "offerType": "instant"}, {"offerID": "13150301", "offerUUID": "9151032e-09b2-4b15-a1f8-98cb2d964477", "seller": {"id": "cf276628-5b2b-46f6-9243-50b44628941d", "name": "Game_garden", "avatarUrl": "", "initials": "Ga", "type": "excellent", "rating": {"up": 1329, "neutral": 11, "down": 9, "positiveFeedbackRatio": 99}, "ordersCount": 1349, "issueInvoices": false, "deliveryTime": "automated"}, "isSelectedOffer": false, "isPromotedOffer": false, "type": "game", "prices": {"normal": {"price": "1.77", "suggestedPrice": "24.99", "discountPercent": "93", "discountAmount": "23.22", "basePrice": "1.77", "baseSuggestedPrice": "24.99"}, "plus": {"price": "1.59", "suggestedPrice": "24.99", "discountPercent": "94", "discountAmount": "23.40", "basePrice": "1.59", "baseSuggestedPrice": "24.99"}}, "currency": "EUR", "offerType": "instant"}, {"offerID": "13152783", "offerUUID": "974a1450-4030-449e-9fe7-576b75ebc559", "seller": {"id": "ff3f5d20-1f84-421e-bafb-f71e877efba4", "name": "Gks_store", "avatarUrl": "", "initials": "Gk", "type": "default", "rating": {"up": 660, "neutral": 27, "down": 5, "positiveFeedbackRatio": 99}, "ordersCount": 692, "issueInvoices": false, "deliveryTime": "automated"}, "isSelectedOffer": false, "isPromotedOffer": false, "type": "game", "prices": {"normal": {"price": "1.68", "suggestedPrice": "24.99", "discountPercent": "93", "discountAmount": "23.31", "basePrice": "1.68", "baseSuggestedPrice": "24.99"}, "plus": {"price": "1.51", "suggestedPrice": "24.99", "discountPercent": "94", "discountAmount": "23.48", "basePrice": "1.51", "baseSuggestedPrice": "24.99"}}, "currency": "EUR", "offerType": "instant"}, {"offerID": "13139984", "offerUUID": "112f1d2f-4f6c-48c1-813d-f6aed7b0f729", "seller": {"id": "249f59fa-1f19-46b2-9430-74edb0280257", "name": "Squirum", "avatarUrl": "", "initials": "Sq", "type": "default", "rating": {"up": 489, "neutral": 3, "down": 4, "positiveFeedbackRatio": 99}, "ordersCount": 496, "issueInvoices": false, "deliveryTime": "automated"}, "isSelectedOffer": false, "isPromotedOffer": false, "type": "game", "prices": {"normal": {"price": "2.15", "suggestedPrice": "24.99", "discountPercent": "91", "discountAmount": "22.84", "basePrice": "2.15", "baseSuggestedPrice": "24.99"}, "plus": {"price": "1.93", "suggestedPrice": "24.99", "discountPercent": "92", "discountAmount": "23.06", "basePrice": "1.93", "baseSuggestedPrice": "24.99"}}, "currency": "EUR", "offerType": "instant"}, {"offerID": "13143156", "offerUUID": "0ce98df5-4e19-4c41-95c3-70a354965f55", "seller": {"id": "764e5cd3-b5a5-4426-9edc-8a4575fdac31", "name": "Mygamesoft", "avatarUrl": "https://img.g2a.com/96x96/1x0x0/s-l500.jpg/baca203354c64d2ea71265de", "initials": "My", "type": "default", "rating": {"up": 105, "neutral": 1, "down": 4, "positiveFeedbackRatio": 96}, "ordersCount": 110, "issueInvoices": true, "deliveryTime": "automated"}, "isSelectedOffer": false, "isPromotedOffer": false, "type": "game", "prices": {"normal": {"price": "2.39", "suggestedPrice": "24.99", "discountPercent": "90", "discountAmount": "22.60", "basePrice": "2.39", "baseSuggestedPrice": "24.99"}, "plus": {"price": "2.15", "suggestedPrice": "24.99", "discountPercent": "91", "discountAmount": "22.84", "basePrice": "2.15", "baseSuggestedPrice": "24.99"}}, "currency": "EUR", "offerType": "instant"}, {"offerID": "13133533", "offerUUID": "a36f6925-4a19-4e1e-9133-4c163a498133", "seller": {"id": "bc70e7f0-f59c-4385-ab50-e032b80d28f7", "name": "Goodeddy", "avatarUrl": "", "initials": "Go", "type": "default", "rating": {"up": 19, "neutral": 0, "down": 1, "positiveFeedbackRatio": 95}, "ordersCount": 20, "issueInvoices": false, "deliveryTime": "automated"}, "isSelectedOffer": false, "isPromotedOffer": false, "type": "game", "prices": {"normal": {"price": "1.60", "suggestedPrice": "24.99", "discountPercent": "94", "discountAmount": "23.39", "basePrice": "1.60", "baseSuggestedPrice": "24.99"}, "plus": {"price": "1.44", "suggestedPrice": "24.99", "discountPercent": "94", "discountAmount": "23.55", "basePrice": "1.44", "baseSuggestedPrice": "24.99"}}, "currency": "EUR", "offerType": "instant"}, {"offerID": "13150442", "offerUUID": "e5d2ce95-a640-4924-9a5c-02ee24313ddb", "seller": {"id": "6f598233-4118-4b0d-a06a-5e0840c0239e", "name": "Pbdigital", "avatarUrl": "", "initials": "Pb", "type": "default", "rating": {"up": 73, "neutral": 1, "down": 5, "positiveFeedbackRatio": 94}, "ordersCount": 79, "issueInvoices": false, "deliveryTime": "automated"}, "isSelectedOffer": false, "isPromotedOffer": false, "type": "game", "prices": {"normal": {"price": "1.74", "suggestedPrice": "24.99", "discountPercent": "93", "discountAmount": "23.25", "basePrice": "1.74", "baseSuggestedPrice": "24.99"}, "plus": {"price": "1.57", "suggestedPrice": "24.99", "discountPercent": "94", "discountAmount": "23.42", "basePrice": "1.57", "baseSuggestedPrice": "24.99"}}, "currency": "EUR", "offerType": "instant"}, {"offerID": "13147899", "offerUUID": "fe9d1218-981e-43f9-9be4-9b9ddb838e62", "seller": {"id": "2420b286-9d40-4ba8-86ef-45f23628cf5b", "name": "Neozika", "avatarUrl": "", "initials": "Ne", "type": "default", "rating": {"up": 12, "neutral": 1, "down": 1, "positiveFeedbackRatio": 92}, "ordersCount": 14, "issueInvoices": false, "deliveryTime": "automated"}, "isSelectedOffer": false, "isPromotedOffer": false, "type": "game", "prices": {"normal": {"price": "1.90", "suggestedPrice": "24.99", "discountPercent": "92", "discountAmount": "23.09", "basePrice": "1.90", "baseSuggestedPrice": "24.99"}, "plus": {"price": "1.71", "suggestedPrice": "24.99", "discountPercent": "93", "discountAmount": "23.28", "basePrice": "1.71", "baseSuggestedPrice": "24.99"}}, "currency": "EUR", "offerType": "instant"}, {"offerID": "13151806", "offerUUID": "8f40e855-cfde-4ae1-965f-c3fb31983933", "seller": {"id": "75e52f5c-6c8e-4f35-b36a-9950b2f1c478", "name": "Crank0411", "avatarUrl": "", "initials": "Cr", "type": "default", "rating": {"up": 11, "neutral": 0, "down": 1, "positiveFeedbackRatio": 92}, "ordersCount": 12, "issueInvoices": false, "deliveryTime": "automated"}, "isSelectedOffer": false, "isPromotedOffer": false, "type": "game", "prices": {"normal": {"price": "12.08", "suggestedPrice": "24.99", "discountPercent": "52", "discountAmount": "12.91", "basePrice": "12.08", "baseSuggestedPrice": "24.99"}, "plus": {"price": "10.88", "suggestedPrice": "24.99", "discountPercent": "56", "discountAmount": "14.11", "basePrice": "10.88", "baseSuggestedPrice": "24.99"}}, "currency": "EUR", "offerType": "instant"}, {"offerID": "13147661", "offerUUID": "27ef7168-cb8c-477e-973b-0f0b03d9d8ff", "seller": {"id": "c169e665-4764-4892-8c61-2842719752ae", "name": "24loke", "avatarUrl": "", "initials": "24", "type": "default", "rating": {"up": 6, "neutral": 0, "down": 1, "positiveFeedbackRatio": 86}, "ordersCount": 7, "issueInvoices": false, "deliveryTime": "automated"}, "isSelectedOffer": false, "isPromotedOffer": false, "type": "game", "prices": {"normal": {"price": "2.08", "suggestedPrice": "24.99", "discountPercent": "92", "discountAmount": "22.91", "basePrice": "2.08", "baseSuggestedPrice": "24.99"}, "plus": {"price": "1.87", "suggestedPrice": "24.99", "discountPercent": "93", "discountAmount": "23.12", "basePrice": "1.87", "baseSuggestedPrice": "24.99"}}, "currency": "EUR", "offerType": "instant"}, {"offerID": "13148642", "offerUUID": "36cc7d3c-1a00-4723-8fe6-00465c19c9f2", "seller": {"id": "2d11935f-ca92-4715-95f5-cd8478193096", "name": "Fidstone", "avatarUrl": "", "initials": "Fi", "type": "default", "rating": {"up": 1, "neutral": 0, "down": 1, "positiveFeedbackRatio": 50}, "ordersCount": 2, "issueInvoices": false, "deliveryTime": "automated"}, "isSelectedOffer": false, "isPromotedOffer": false, "type": "game", "prices": {"normal": {"price": "1.87", "suggestedPrice": "24.99", "discountPercent": "93", "discountAmount": "23.12", "basePrice": "1.87", "baseSuggestedPrice": "24.99"}, "plus": {"price": "1.69", "suggestedPrice": "24.99", "discountPercent": "93", "discountAmount": "23.30", "basePrice": "1.69", "baseSuggestedPrice": "24.99"}}, "currency": "EUR", "offerType": "instant"}, {"offerID": "13140814", "offerUUID": "31fb7b4b-7b00-4f92-a6ba-c243f87c4fb5", "seller": {"id": "d6a005f2-0704-4bab-a308-ca78abc38f99", "name": "Powsaaa", "avatarUrl": "", "initials": "Po", "type": "default", "rating": {"up": 0, "neutral": 0, "down": 2, "positiveFeedbackRatio": 0}, "ordersCount": 2, "issueInvoices": false, "deliveryTime": "automated"}, "isSelectedOffer": false, "isPromotedOffer": false, "type": "game", "prices": {"normal": {"price": "2.52", "suggestedPrice": "24.99", "discountPercent": "90", "discountAmount": "22.47", "basePrice": "2.52", "baseSuggestedPrice": "24.99"}, "plus": {"price": "2.27", "suggestedPrice": "24.99", "discountPercent": "91", "discountAmount": "22.72", "basePrice": "2.27", "baseSuggestedPrice": "24.99"}}, "currency": "EUR", "offerType": "instant"}, {"offerID": "13152766", "offerUUID": "628e5132-10a2-4cfa-970e-a4962d1b12a7", "seller": {"id": "dd8b42bd-668c-4fa9-9113-c0fd20a456f1", "name": "Gamecover_site", "avatarUrl": "", "initials": "Ga", "type": "default", "rating": {"up": 0, "neutral": 0, "down": 1, "positiveFeedbackRatio": 0}, "ordersCount": 1, "issueInvoices": false, "deliveryTime": "automated"}, "isSelectedOffer": false, "isPromotedOffer": false, "type": "game", "prices": {"normal": {"price": "1.69", "suggestedPrice": "24.99", "discountPercent": "93", "discountAmount": "23.30", "basePrice": "1.69", "baseSuggestedPrice": "24.99"}, "plus": {"price": "1.52", "suggestedPrice": "24.99", "discountPercent": "94", "discountAmount": "23.47", "basePrice": "1.52", "baseSuggestedPrice": "24.99"}}, "currency": "EUR", "offerType": "instant"}, {"offerID": "13157633", "offerUUID": "fc96265e-206b-433b-9256-14e51a568379", "seller": {"id": "955d9c39-23d5-42cf-aa28-6e0cacf6b095", "name": "Gamers_hut", "avatarUrl": "", "initials": "Ga", "type": "default", "rating": {"up": 0, "neutral": 0, "down": 0, "positiveFeedbackRatio": 0}, "ordersCount": 0, "issueInvoices": false, "deliveryTime": "automated"}, "isSelectedOffer": false, "isPromotedOffer": false, "type": "game", "prices": {"normal": {"price": "1.67", "suggestedPrice": "24.99", "discountPercent": "93", "discountAmount": "23.32", "basePrice": "1.67", "baseSuggestedPrice": "24.99"}, "plus": {"price": "1.50", "suggestedPrice": "24.99", "discountPercent": "94", "discountAmount": "23.49", "basePrice": "1.50", "baseSuggestedPrice": "24.99"}}, "currency": "EUR", "offerType": "instant"}, {"offerID": "13151906", "offerUUID": "564956fa-43ac-4f71-b1a1-8fc334cd1ac6", "seller": {"id": "08ef2cb5-1e6f-48a5-9fb8-137807f28df6", "name": "Gamemarketau", "avatarUrl": "https://img.g2a.com/96x96/1x0x0/Group 15.png/e4d4d25c242e4de0b562dd43", "initials": "Ga", "type": "default", "rating": {"up": 0, "neutral": 0, "down": 0, "positiveFeedbackRatio": 0}, "ordersCount": 0, "issueInvoices": true, "deliveryTime": "automated"}, "isSelectedOffer": false, "isPromotedOffer": false, "type": "game", "prices": {"normal": {"price": "1.95", "suggestedPrice": "24.99", "discountPercent": "92", "discountAmount": "23.04", "basePrice": "1.95", "baseSuggestedPrice": "24.99"}, "plus": {"price": "1.76", "suggestedPrice": "24.99", "discountPercent": "93", "discountAmount": "23.23", "basePrice": "1.76", "baseSuggestedPrice": "24.99"}}, "currency": "EUR", "offerType": "instant"}, {"offerID": "13140236", "offerUUID": "b0ba5b84-6045-4f90-bc48-a748898e24b1", "seller": {"id": "ad2e05ee-3a2f-47e5-ab0d-de5e774ac185", "name": "Tclavell", "avatarUrl": "", "initials": "Tc", "type": "default", "rating": {"up": 0, "neutral": 0, "down": 0, "positiveFeedbackRatio": 0}, "ordersCount": 0, "issueInvoices": false, "deliveryTime": null}, "isSelectedOffer": false, "isPromotedOffer": false, "type": "game", "prices": {"normal": {"price": "2.37", "suggestedPrice": "24.99", "discountPercent": "91", "discountAmount": "22.62", "basePrice": "2.37", "baseSuggestedPrice": "24.99"}, "plus": {"price": "2.13", "suggestedPrice": "24.99", "discountPercent": "91", "discountAmount": "22.86", "basePrice": "2.13", "baseSuggestedPrice": "24.99"}}, "currency": "EUR", "offerType": "instant"}, {"offerID": "13140540", "offerUUID": "5d33afea-95ac-4cc4-bf29-969fece7555d", "seller": {"id": "d6f44746-158b-48c9-9d7d-dd9e82a7f200", "name": "James4170", "avatarUrl": "", "initials": "Ja", "type": "default", "rating": {"up": 0, "neutral": 0, "down": 0, "positiveFeedbackRatio": 0}, "ordersCount": 0, "issueInvoices": false, "deliveryTime": "automated"}, "isSelectedOffer": false, "isPromotedOffer": false, "type": "game", "prices": {"normal": {"price": "2.67", "suggestedPrice": "24.99", "discountPercent": "89", "discountAmount": "22.32", "basePrice": "2.67", "baseSuggestedPrice": "24.99"}, "plus": {"price": "2.40", "suggestedPrice": "24.99", "discountPercent": "90", "discountAmount": "22.59", "basePrice": "2.40", "baseSuggestedPrice": "24.99"}}, "currency": "EUR", "offerType": "instant"}], "productType": "digital", "error": null}}