{"data": {"offers": [{"offerID": "13142886", "offerUUID": "c44d3a88-4b64-457b-8872-500e9c023dc9", "seller": {"id": "4d1824cf-40c6-4815-85b4-c8341af8b813", "name": "World_of_games", "avatarUrl": "https://img.g2a.com/96x96/1x0x0/2.png/9269b260faba4c22af5a2060", "initials": "Wo", "type": "excellent", "rating": {"up": 48630, "neutral": 5322, "down": 694, "positiveFeedbackRatio": 99}, "ordersCount": 54646, "issueInvoices": false, "deliveryTime": "automated"}, "isSelectedOffer": false, "isPromotedOffer": true, "promotedOffer": {"campaignId": "42", "showId": "7233af84-01e7-47b7-89d2-4903fbb65f4e", "requestId": "|VxZg05YBnn830WcV6ozc49rVBSPvy+NlZft6.tKpKIsmz_m9NNCH.AcOH4I_", "skc": "unknown-skc"}, "type": "dropshipping", "prices": {"normal": {"price": "2.20", "suggestedPrice": "9.99", "discountPercent": "78", "discountAmount": "7.79", "basePrice": "2.20", "baseSuggestedPrice": "9.99"}, "plus": {"price": "1.98", "suggestedPrice": "9.99", "discountPercent": "80", "discountAmount": "8.01", "basePrice": "1.98", "baseSuggestedPrice": "9.99"}}, "currency": "EUR", "offerType": "instant"}, {"offerID": "13157072", "offerUUID": "84fbccb3-9a8e-4c1c-ad6d-49f34ec94e46", "seller": {"id": "3aac3984-f3cc-4e77-9a89-770ccbf23757", "name": "Pegasus331", "avatarUrl": "", "initials": "Pe", "type": "default", "rating": {"up": 1, "neutral": 0, "down": 0, "positiveFeedbackRatio": 100}, "ordersCount": 1, "issueInvoices": false, "deliveryTime": null}, "isSelectedOffer": false, "isPromotedOffer": false, "type": "game", "prices": {"normal": {"price": "2.21", "suggestedPrice": "9.99", "discountPercent": "78", "discountAmount": "7.78", "basePrice": "2.21", "baseSuggestedPrice": "9.99"}, "plus": {"price": "1.99", "suggestedPrice": "9.99", "discountPercent": "80", "discountAmount": "8.00", "basePrice": "1.99", "baseSuggestedPrice": "9.99"}}, "currency": "EUR", "offerType": "instant"}, {"offerID": "13136286", "offerUUID": "243c55aa-b034-4382-be42-12cd0a184647", "seller": {"id": "7f133cb2-75d9-4caf-89bd-7f953f2da613", "name": "Digital_power", "avatarUrl": "https://img.g2a.com/96x96/1x0x0/like neon.png/6030033746177c63840b06b2", "initials": "Di", "type": "default", "rating": {"up": 121, "neutral": 7, "down": 3, "positiveFeedbackRatio": 98}, "ordersCount": 131, "issueInvoices": false, "deliveryTime": "automated"}, "isSelectedOffer": false, "isPromotedOffer": false, "type": "game", "prices": {"normal": {"price": "2.60", "suggestedPrice": "9.99", "discountPercent": "74", "discountAmount": "7.39", "basePrice": "2.60", "baseSuggestedPrice": "9.99"}, "plus": {"price": "2.34", "suggestedPrice": "9.99", "discountPercent": "77", "discountAmount": "7.65", "basePrice": "2.34", "baseSuggestedPrice": "9.99"}}, "currency": "EUR", "offerType": "instant"}, {"offerID": "13141460", "offerUUID": "439187f6-a9f4-44dd-bc83-3b6452d96678", "seller": {"id": "2e8b1b09-98c8-438b-be66-7c8963d7a0a4", "name": "Aniviamain", "avatarUrl": "", "initials": "An", "type": "default", "rating": {"up": 0, "neutral": 0, "down": 0, "positiveFeedbackRatio": 0}, "ordersCount": 0, "issueInvoices": false, "deliveryTime": "automated"}, "isSelectedOffer": false, "isPromotedOffer": false, "type": "game", "prices": {"normal": {"price": "2.59", "suggestedPrice": "9.99", "discountPercent": "74", "discountAmount": "7.40", "basePrice": "2.59", "baseSuggestedPrice": "9.99"}, "plus": {"price": "2.33", "suggestedPrice": "9.99", "discountPercent": "77", "discountAmount": "7.66", "basePrice": "2.33", "baseSuggestedPrice": "9.99"}}, "currency": "EUR", "offerType": "instant"}, {"offerID": "13152056", "offerUUID": "1cc90db8-8764-4d59-b1e6-8c779616e995", "seller": {"id": "a6693a26-838b-4ef3-8d10-61a152726d12", "name": "Zillagames", "avatarUrl": "", "initials": "Zi", "type": "default", "rating": {"up": 0, "neutral": 0, "down": 0, "positiveFeedbackRatio": 0}, "ordersCount": 0, "issueInvoices": false, "deliveryTime": "automated"}, "isSelectedOffer": false, "isPromotedOffer": false, "type": "game", "prices": {"normal": {"price": "2.28", "suggestedPrice": "9.99", "discountPercent": "77", "discountAmount": "7.71", "basePrice": "2.28", "baseSuggestedPrice": "9.99"}, "plus": {"price": "2.05", "suggestedPrice": "9.99", "discountPercent": "79", "discountAmount": "7.94", "basePrice": "2.05", "baseSuggestedPrice": "9.99"}}, "currency": "EUR", "offerType": "instant"}], "productType": "digital", "error": null}}