{"data": {"offers": [{"offerID": "12790490", "offerUUID": "3cb6fe68-a86f-4965-b7db-88c390af9790", "seller": {"id": "dabd25fb-f026-4d09-96b0-cbbc2b36dc1a", "name": "Instant_game", "avatarUrl": "https://img.g2a.com/96x96/1x0x0/instant-gaming-logo.png/1b629b69bea641d380f9aeac", "initials": "In", "type": "excellent", "rating": {"up": 9425, "neutral": 772, "down": 10, "positiveFeedbackRatio": 100}, "ordersCount": 10207, "issueInvoices": false, "deliveryTime": "automated"}, "isSelectedOffer": false, "isPromotedOffer": false, "type": "dropshipping", "prices": {"normal": {"price": "2.21", "suggestedPrice": "12.49", "discountPercent": "82", "discountAmount": "10.28", "basePrice": "2.21", "baseSuggestedPrice": "12.49"}, "plus": {"price": "1.99", "suggestedPrice": "12.49", "discountPercent": "84", "discountAmount": "10.50", "basePrice": "1.99", "baseSuggestedPrice": "12.49"}}, "currency": "EUR", "offerType": "instant"}, {"offerID": "13136253", "offerUUID": "0c8cd565-bad4-4a80-9782-679ccb79791a", "seller": {"id": "d4d66234-acdc-43df-ad22-d39ac8168528", "name": "Trusted_keys_rep", "avatarUrl": "", "initials": "Tr", "type": "excellent", "rating": {"up": 1843, "neutral": 16, "down": 7, "positiveFeedbackRatio": 100}, "ordersCount": 1866, "issueInvoices": false, "deliveryTime": "automated"}, "isSelectedOffer": false, "isPromotedOffer": false, "type": "game", "prices": {"normal": {"price": "0.90", "suggestedPrice": "12.49", "discountPercent": "93", "discountAmount": "11.59", "basePrice": "0.90", "baseSuggestedPrice": "12.49"}, "plus": {"price": "0.81", "suggestedPrice": "12.49", "discountPercent": "94", "discountAmount": "11.68", "basePrice": "0.81", "baseSuggestedPrice": "12.49"}}, "currency": "EUR", "offerType": "instant"}, {"offerID": "13142358", "offerUUID": "e050be84-dcf1-4312-bef1-a8bd2b073888", "seller": {"id": "69ace28c-e1f8-45f3-b27c-0b66a16f75d8", "name": "Magnus_knudsen", "avatarUrl": "", "initials": "Ma", "type": "default", "rating": {"up": 46, "neutral": 3, "down": 0, "positiveFeedbackRatio": 100}, "ordersCount": 49, "issueInvoices": true, "deliveryTime": "automated"}, "isSelectedOffer": false, "isPromotedOffer": false, "type": "game", "prices": {"normal": {"price": "1.91", "suggestedPrice": "12.49", "discountPercent": "85", "discountAmount": "10.58", "basePrice": "1.91", "baseSuggestedPrice": "12.49"}, "plus": {"price": "1.72", "suggestedPrice": "12.49", "discountPercent": "86", "discountAmount": "10.77", "basePrice": "1.72", "baseSuggestedPrice": "12.49"}}, "currency": "EUR", "offerType": "instant"}, {"offerID": "13147098", "offerUUID": "f3962831-5c30-4701-959d-39a27a268e88", "seller": {"id": "5e55c95f-9cdc-4954-89a7-132145ce0b13", "name": "Sodone9to5games", "avatarUrl": "", "initials": "So", "type": "default", "rating": {"up": 17, "neutral": 0, "down": 0, "positiveFeedbackRatio": 100}, "ordersCount": 17, "issueInvoices": false, "deliveryTime": null}, "isSelectedOffer": false, "isPromotedOffer": false, "type": "game", "prices": {"normal": {"price": "0.95", "suggestedPrice": "12.49", "discountPercent": "92", "discountAmount": "11.54", "basePrice": "0.95", "baseSuggestedPrice": "12.49"}, "plus": {"price": "0.85", "suggestedPrice": "12.49", "discountPercent": "93", "discountAmount": "11.64", "basePrice": "0.85", "baseSuggestedPrice": "12.49"}}, "currency": "EUR", "offerType": "instant"}, {"offerID": "13148654", "offerUUID": "2cb94ccf-8900-4cc3-893e-db01f3f12a8d", "seller": {"id": "841a134c-cc86-432f-bf06-4406c461deec", "name": "Lediableblanc", "avatarUrl": "", "initials": "Le", "type": "default", "rating": {"up": 8, "neutral": 0, "down": 0, "positiveFeedbackRatio": 100}, "ordersCount": 8, "issueInvoices": false, "deliveryTime": "automated"}, "isSelectedOffer": false, "isPromotedOffer": false, "type": "game", "prices": {"normal": {"price": "1.30", "suggestedPrice": "12.49", "discountPercent": "90", "discountAmount": "11.19", "basePrice": "1.30", "baseSuggestedPrice": "12.49"}, "plus": {"price": "1.17", "suggestedPrice": "12.49", "discountPercent": "91", "discountAmount": "11.32", "basePrice": "1.17", "baseSuggestedPrice": "12.49"}}, "currency": "EUR", "offerType": "instant"}, {"offerID": "13143726", "offerUUID": "776e73db-f55b-438e-9a16-f18a9e8f4334", "seller": {"id": "49e9f5ea-2398-4af1-a0cb-c13e40d5f213", "name": "Yellowjacket88", "avatarUrl": "", "initials": "Ye", "type": "default", "rating": {"up": 5, "neutral": 0, "down": 0, "positiveFeedbackRatio": 100}, "ordersCount": 5, "issueInvoices": false, "deliveryTime": "automated"}, "isSelectedOffer": false, "isPromotedOffer": false, "type": "game", "prices": {"normal": {"price": "1.03", "suggestedPrice": "12.49", "discountPercent": "92", "discountAmount": "11.46", "basePrice": "1.03", "baseSuggestedPrice": "12.49"}, "plus": {"price": "0.93", "suggestedPrice": "12.49", "discountPercent": "93", "discountAmount": "11.56", "basePrice": "0.93", "baseSuggestedPrice": "12.49"}}, "currency": "EUR", "offerType": "instant"}, {"offerID": "13161387", "offerUUID": "8163c1b7-cda6-4b96-83f2-3a9562e9eb64", "seller": {"id": "1e582949-8655-4a7f-87a9-b90a1c78d161", "name": "Yksha_x", "avatarUrl": "", "initials": "Yk", "type": "default", "rating": {"up": 4, "neutral": 0, "down": 0, "positiveFeedbackRatio": 100}, "ordersCount": 4, "issueInvoices": false, "deliveryTime": "automated"}, "isSelectedOffer": false, "isPromotedOffer": false, "type": "game", "prices": {"normal": {"price": "0.91", "suggestedPrice": "12.49", "discountPercent": "93", "discountAmount": "11.58", "basePrice": "0.91", "baseSuggestedPrice": "12.49"}, "plus": {"price": "0.82", "suggestedPrice": "12.49", "discountPercent": "93", "discountAmount": "11.67", "basePrice": "0.82", "baseSuggestedPrice": "12.49"}}, "currency": "EUR", "offerType": "instant"}, {"offerID": "13152799", "offerUUID": "a34fecca-fe80-4355-92dd-8ae9efee9672", "seller": {"id": "ff3f5d20-1f84-421e-bafb-f71e877efba4", "name": "Gks_store", "avatarUrl": "", "initials": "Gk", "type": "default", "rating": {"up": 660, "neutral": 27, "down": 5, "positiveFeedbackRatio": 99}, "ordersCount": 692, "issueInvoices": false, "deliveryTime": "automated"}, "isSelectedOffer": false, "isPromotedOffer": false, "type": "game", "prices": {"normal": {"price": "1.21", "suggestedPrice": "12.49", "discountPercent": "90", "discountAmount": "11.28", "basePrice": "1.21", "baseSuggestedPrice": "12.49"}, "plus": {"price": "1.09", "suggestedPrice": "12.49", "discountPercent": "91", "discountAmount": "11.40", "basePrice": "1.09", "baseSuggestedPrice": "12.49"}}, "currency": "EUR", "offerType": "instant"}, {"offerID": "13139989", "offerUUID": "7f9c3f6a-6bb7-44a8-a63c-c098d6427c50", "seller": {"id": "249f59fa-1f19-46b2-9430-74edb0280257", "name": "Squirum", "avatarUrl": "", "initials": "Sq", "type": "default", "rating": {"up": 489, "neutral": 3, "down": 4, "positiveFeedbackRatio": 99}, "ordersCount": 496, "issueInvoices": false, "deliveryTime": "automated"}, "isSelectedOffer": false, "isPromotedOffer": false, "type": "game", "prices": {"normal": {"price": "1.10", "suggestedPrice": "12.49", "discountPercent": "91", "discountAmount": "11.39", "basePrice": "1.10", "baseSuggestedPrice": "12.49"}, "plus": {"price": "0.99", "suggestedPrice": "12.49", "discountPercent": "92", "discountAmount": "11.50", "basePrice": "0.99", "baseSuggestedPrice": "12.49"}}, "currency": "EUR", "offerType": "instant"}, {"offerID": "13143160", "offerUUID": "9079aed5-7161-4370-8698-6600634875b7", "seller": {"id": "764e5cd3-b5a5-4426-9edc-8a4575fdac31", "name": "Mygamesoft", "avatarUrl": "https://img.g2a.com/96x96/1x0x0/s-l500.jpg/baca203354c64d2ea71265de", "initials": "My", "type": "default", "rating": {"up": 105, "neutral": 1, "down": 4, "positiveFeedbackRatio": 96}, "ordersCount": 110, "issueInvoices": true, "deliveryTime": "automated"}, "isSelectedOffer": false, "isPromotedOffer": false, "type": "game", "prices": {"normal": {"price": "1.30", "suggestedPrice": "12.49", "discountPercent": "90", "discountAmount": "11.19", "basePrice": "1.30", "baseSuggestedPrice": "12.49"}, "plus": {"price": "1.17", "suggestedPrice": "12.49", "discountPercent": "91", "discountAmount": "11.32", "basePrice": "1.17", "baseSuggestedPrice": "12.49"}}, "currency": "EUR", "offerType": "instant"}, {"offerID": "12762417", "offerUUID": "2d1324d6-fbf3-4c3e-8880-243ea5ca821f", "seller": {"id": "2a125760-1684-4881-bd19-b9a1c01affe5", "name": "Bestsellergames", "avatarUrl": "https://img.g2a.com/96x96/1x0x0/Checked.svg.png/c05491ad85604816bf4a6b05", "initials": "Be", "type": "default", "rating": {"up": 409, "neutral": 5, "down": 27, "positiveFeedbackRatio": 94}, "ordersCount": 441, "issueInvoices": true, "deliveryTime": "automated"}, "isSelectedOffer": false, "isPromotedOffer": false, "type": "game", "prices": {"normal": {"price": "4.73", "suggestedPrice": "12.49", "discountPercent": "62", "discountAmount": "7.76", "basePrice": "4.73", "baseSuggestedPrice": "12.49"}, "plus": {"price": "4.26", "suggestedPrice": "12.49", "discountPercent": "66", "discountAmount": "8.23", "basePrice": "4.26", "baseSuggestedPrice": "12.49"}}, "currency": "EUR", "offerType": "instant"}, {"offerID": "13151810", "offerUUID": "bbfbd404-8dd2-4988-b40d-356eaa88b095", "seller": {"id": "75e52f5c-6c8e-4f35-b36a-9950b2f1c478", "name": "Crank0411", "avatarUrl": "", "initials": "Cr", "type": "default", "rating": {"up": 11, "neutral": 0, "down": 1, "positiveFeedbackRatio": 92}, "ordersCount": 12, "issueInvoices": false, "deliveryTime": "automated"}, "isSelectedOffer": false, "isPromotedOffer": false, "type": "game", "prices": {"normal": {"price": "12.08", "suggestedPrice": "12.49", "discountPercent": "3", "discountAmount": "0.41", "basePrice": "12.08", "baseSuggestedPrice": "12.49"}, "plus": {"price": "10.88", "suggestedPrice": "12.49", "discountPercent": "13", "discountAmount": "1.61", "basePrice": "10.88", "baseSuggestedPrice": "12.49"}}, "currency": "EUR", "offerType": "instant"}, {"offerID": "13133617", "offerUUID": "70dafa17-052e-472f-ba3f-1f3b50c25708", "seller": {"id": "84875d0d-dac0-4a4b-ae99-426d3366dda2", "name": "Gamers_gate", "avatarUrl": "https://img.g2a.com/96x96/1x0x0/ScreenShot_20220117141509.png/f0bfef6485ec494daa2075d8", "initials": "Ga", "type": "default", "rating": {"up": 60, "neutral": 8, "down": 8, "positiveFeedbackRatio": 88}, "ordersCount": 76, "issueInvoices": false, "deliveryTime": "automated"}, "isSelectedOffer": false, "isPromotedOffer": false, "type": "game", "prices": {"normal": {"price": "0.99", "suggestedPrice": "12.49", "discountPercent": "92", "discountAmount": "11.50", "basePrice": "0.99", "baseSuggestedPrice": "12.49"}, "plus": {"price": "0.89", "suggestedPrice": "12.49", "discountPercent": "93", "discountAmount": "11.60", "basePrice": "0.89", "baseSuggestedPrice": "12.49"}}, "currency": "EUR", "offerType": "instant"}, {"offerID": "13160492", "offerUUID": "f7a3c796-0ff2-4967-878f-059f03f623f2", "seller": {"id": "09fff688-f9fc-4382-a22b-0c8694bebfe4", "name": "Ezoterror", "avatarUrl": "", "initials": "Ez", "type": "default", "rating": {"up": 3, "neutral": 0, "down": 1, "positiveFeedbackRatio": 75}, "ordersCount": 4, "issueInvoices": false, "deliveryTime": "automated"}, "isSelectedOffer": false, "isPromotedOffer": false, "type": "game", "prices": {"normal": {"price": "0.92", "suggestedPrice": "12.49", "discountPercent": "93", "discountAmount": "11.57", "basePrice": "0.92", "baseSuggestedPrice": "12.49"}, "plus": {"price": "0.83", "suggestedPrice": "12.49", "discountPercent": "93", "discountAmount": "11.66", "basePrice": "0.83", "baseSuggestedPrice": "12.49"}}, "currency": "EUR", "offerType": "instant"}, {"offerID": "13161672", "offerUUID": "add29a18-ec0f-420d-b3b8-863778381cc0", "seller": {"id": "4e9731bb-faee-4d1f-a24a-92c4dc519fa2", "name": "Gameglobe", "avatarUrl": "", "initials": "Ga", "type": "default", "rating": {"up": 0, "neutral": 0, "down": 0, "positiveFeedbackRatio": 0}, "ordersCount": 0, "issueInvoices": false, "deliveryTime": null}, "isSelectedOffer": false, "isPromotedOffer": false, "type": "game", "prices": {"normal": {"price": "0.89", "suggestedPrice": "12.49", "discountPercent": "93", "discountAmount": "11.60", "basePrice": "0.89", "baseSuggestedPrice": "12.49"}, "plus": {"price": "0.80", "suggestedPrice": "12.49", "discountPercent": "94", "discountAmount": "11.69", "basePrice": "0.80", "baseSuggestedPrice": "12.49"}}, "currency": "EUR", "offerType": "instant"}, {"offerID": "13148218", "offerUUID": "f29d1a58-e858-4b92-838e-e848f70b2351", "seller": {"id": "99d87c7e-abdc-43d3-bd29-fc0b67ae13f5", "name": "Retrogamer5559", "avatarUrl": "", "initials": "Re", "type": "default", "rating": {"up": 0, "neutral": 0, "down": 0, "positiveFeedbackRatio": 0}, "ordersCount": 0, "issueInvoices": false, "deliveryTime": null}, "isSelectedOffer": false, "isPromotedOffer": false, "type": "game", "prices": {"normal": {"price": "0.99", "suggestedPrice": "12.49", "discountPercent": "92", "discountAmount": "11.50", "basePrice": "0.99", "baseSuggestedPrice": "12.49"}, "plus": {"price": "0.89", "suggestedPrice": "12.49", "discountPercent": "93", "discountAmount": "11.60", "basePrice": "0.89", "baseSuggestedPrice": "12.49"}}, "currency": "EUR", "offerType": "instant"}, {"offerID": "13140543", "offerUUID": "704a6124-c21e-499e-8b72-15207d0d1341", "seller": {"id": "d6f44746-158b-48c9-9d7d-dd9e82a7f200", "name": "James4170", "avatarUrl": "", "initials": "Ja", "type": "default", "rating": {"up": 0, "neutral": 0, "down": 0, "positiveFeedbackRatio": 0}, "ordersCount": 0, "issueInvoices": false, "deliveryTime": "automated"}, "isSelectedOffer": false, "isPromotedOffer": false, "type": "game", "prices": {"normal": {"price": "1.11", "suggestedPrice": "12.49", "discountPercent": "91", "discountAmount": "11.38", "basePrice": "1.11", "baseSuggestedPrice": "12.49"}, "plus": {"price": "1.00", "suggestedPrice": "12.49", "discountPercent": "92", "discountAmount": "11.49", "basePrice": "1.00", "baseSuggestedPrice": "12.49"}}, "currency": "EUR", "offerType": "instant"}, {"offerID": "13151910", "offerUUID": "a2b3f426-0b77-4059-9a07-0116e98dc1d9", "seller": {"id": "08ef2cb5-1e6f-48a5-9fb8-137807f28df6", "name": "Gamemarketau", "avatarUrl": "https://img.g2a.com/96x96/1x0x0/Group 15.png/e4d4d25c242e4de0b562dd43", "initials": "Ga", "type": "default", "rating": {"up": 0, "neutral": 0, "down": 0, "positiveFeedbackRatio": 0}, "ordersCount": 0, "issueInvoices": true, "deliveryTime": "automated"}, "isSelectedOffer": false, "isPromotedOffer": false, "type": "game", "prices": {"normal": {"price": "1.95", "suggestedPrice": "12.49", "discountPercent": "84", "discountAmount": "10.54", "basePrice": "1.95", "baseSuggestedPrice": "12.49"}, "plus": {"price": "1.76", "suggestedPrice": "12.49", "discountPercent": "86", "discountAmount": "10.73", "basePrice": "1.76", "baseSuggestedPrice": "12.49"}}, "currency": "EUR", "offerType": "instant"}, {"offerID": "13160371", "offerUUID": "478f70c3-d30c-4a71-a39b-712889729972", "seller": {"id": "8b05998a-c7a2-4b50-8921-89583d36b8b5", "name": "Sellgameforliving", "avatarUrl": "", "initials": "Se", "type": "default", "rating": {"up": 0, "neutral": 0, "down": 0, "positiveFeedbackRatio": 0}, "ordersCount": 0, "issueInvoices": false, "deliveryTime": "automated"}, "isSelectedOffer": false, "isPromotedOffer": false, "type": "game", "prices": {"normal": {"price": "7.53", "suggestedPrice": "12.49", "discountPercent": "40", "discountAmount": "4.96", "basePrice": "7.53", "baseSuggestedPrice": "12.49"}, "plus": {"price": "6.78", "suggestedPrice": "12.49", "discountPercent": "46", "discountAmount": "5.71", "basePrice": "6.78", "baseSuggestedPrice": "12.49"}}, "currency": "EUR", "offerType": "instant"}], "productType": "digital", "error": null}}