{"data": {"offers": [{"offerID": "12953131", "offerUUID": "acc3d311-ed74-416a-8b9a-492cec90d70d", "seller": {"id": "df6d1682-f4b1-447e-bafc-9608a3850d82", "name": "Games4world", "avatarUrl": "https://img.g2a.com/96x96/1x0x0/uarantee-badge-fast-delivery-logo-11563011011jf18lxafmj.png/8c2abdd9c0c14d10b05ddec2", "initials": "Ga", "type": "excellent", "rating": {"up": 3190, "neutral": 639, "down": 4, "positiveFeedbackRatio": 100}, "ordersCount": 3833, "issueInvoices": false, "deliveryTime": "automated"}, "isSelectedOffer": false, "isPromotedOffer": true, "promotedOffer": {"campaignId": "50", "showId": "4f7329f8-f806-481a-8f2b-12408afc73bf", "requestId": "|iUEfyNcOCtySt182q9Dv3dx8QtjXVerORutx.9DrMsFnp_HE6yzT.EJymla_", "skc": "unknown-skc"}, "type": "dropshipping", "prices": {"normal": {"price": "33.45", "discountPercent": "0", "discountAmount": "0.00", "basePrice": "33.45"}, "plus": {"price": "33.45", "discountPercent": "0", "discountAmount": "0.00", "basePrice": "33.45"}}, "currency": "EUR", "offerType": "instant"}], "productType": "digital", "error": null}}