{"data": {"offers": [{"offerID": "12909674", "offerUUID": "1f66748d-904b-4a02-b095-968bcb950ae3", "seller": {"id": "9c5b72dd-941b-46ed-91b2-65ef37169c97", "name": "Gamersuniverse", "avatarUrl": "https://img.g2a.com/96x96/1x0x0/GameUniverse.png/082c50251210454fbb2a26d0", "initials": "Ga", "type": "excellent", "rating": {"up": 75629, "neutral": 5541, "down": 248, "positiveFeedbackRatio": 100}, "ordersCount": 81418, "issueInvoices": false, "deliveryTime": "automated"}, "isSelectedOffer": false, "isPromotedOffer": true, "promotedOffer": {"campaignId": "52", "showId": "b5496d94-12b1-4f35-8bbe-b1c1e57306bf", "requestId": "|6Tcq9Wi59HlyS3uERiMItqYvxF+70uOMsJcS.OCV18Jq2_MOKAWL.SRZLMe_", "skc": "unknown-skc"}, "type": "dropshipping", "prices": {"normal": {"price": "2.28", "suggestedPrice": "17.99", "discountPercent": "87", "discountAmount": "15.71", "basePrice": "2.28", "baseSuggestedPrice": "17.99"}, "plus": {"price": "2.05", "suggestedPrice": "17.99", "discountPercent": "89", "discountAmount": "15.94", "basePrice": "2.05", "baseSuggestedPrice": "17.99"}}, "currency": "EUR", "offerType": "instant"}, {"offerID": "12917455", "offerUUID": "0c335cbd-b0e8-4281-8f1d-bed4015fc5f5", "seller": {"id": "dabd25fb-f026-4d09-96b0-cbbc2b36dc1a", "name": "Instant_game", "avatarUrl": "https://img.g2a.com/96x96/1x0x0/instant-gaming-logo.png/1b629b69bea641d380f9aeac", "initials": "In", "type": "excellent", "rating": {"up": 9409, "neutral": 772, "down": 8, "positiveFeedbackRatio": 100}, "ordersCount": 10189, "issueInvoices": false, "deliveryTime": "automated"}, "isSelectedOffer": false, "isPromotedOffer": false, "type": "dropshipping", "prices": {"normal": {"price": "1.99", "suggestedPrice": "17.99", "discountPercent": "89", "discountAmount": "16.00", "basePrice": "1.99", "baseSuggestedPrice": "17.99"}, "plus": {"price": "1.79", "suggestedPrice": "17.99", "discountPercent": "90", "discountAmount": "16.20", "basePrice": "1.79", "baseSuggestedPrice": "17.99"}}, "currency": "EUR", "offerType": "instant"}, {"offerID": "13048646", "offerUUID": "c00affe9-0765-48db-a496-b6af8a13174d", "seller": {"id": "fd3aa5e6-f89f-4ca5-85e1-6b5061856901", "name": "Codezilla", "avatarUrl": "https://img.g2a.com/96x96/1x0x0/rsz_115939684.png/7f0af52256f74eee8144e6e2", "initials": "Co", "type": "excellent", "rating": {"up": 6758, "neutral": 478, "down": 16, "positiveFeedbackRatio": 100}, "ordersCount": 7252, "issueInvoices": false, "deliveryTime": "automated"}, "isSelectedOffer": false, "isPromotedOffer": false, "type": "dropshipping", "prices": {"normal": {"price": "6.45", "suggestedPrice": "17.99", "discountPercent": "64", "discountAmount": "11.54", "basePrice": "6.45", "baseSuggestedPrice": "17.99"}, "plus": {"price": "5.80", "suggestedPrice": "17.99", "discountPercent": "68", "discountAmount": "12.19", "basePrice": "5.80", "baseSuggestedPrice": "17.99"}}, "currency": "EUR", "offerType": "instant"}, {"offerID": "12909671", "offerUUID": "e2ad5552-0bfb-4ff7-99bd-192da40ea010", "seller": {"id": "f74c2d89-9055-4bb6-ad00-c000dbb4a856", "name": "Superbkeys", "avatarUrl": "https://img.g2a.com/96x96/1x0x0/S4.png/4a8b4d3cb4d84c16ba274210", "initials": "Su", "type": "excellent", "rating": {"up": 6234, "neutral": 673, "down": 10, "positiveFeedbackRatio": 100}, "ordersCount": 6917, "issueInvoices": false, "deliveryTime": "automated"}, "isSelectedOffer": false, "isPromotedOffer": false, "type": "dropshipping", "prices": {"normal": {"price": "2.42", "suggestedPrice": "17.99", "discountPercent": "87", "discountAmount": "15.57", "basePrice": "2.42", "baseSuggestedPrice": "17.99"}, "plus": {"price": "2.18", "suggestedPrice": "17.99", "discountPercent": "88", "discountAmount": "15.81", "basePrice": "2.18", "baseSuggestedPrice": "17.99"}}, "currency": "EUR", "offerType": "instant"}, {"offerID": "13048231", "offerUUID": "adad3fa2-806f-438a-b524-7abbd609d037", "seller": {"id": "4ef9ea30-eb97-43f7-86bf-83401ff79d7b", "name": "Gr8keys", "avatarUrl": "", "initials": "Gr", "type": "excellent", "rating": {"up": 4075, "neutral": 194, "down": 13, "positiveFeedbackRatio": 100}, "ordersCount": 4282, "issueInvoices": false, "deliveryTime": "automated"}, "isSelectedOffer": false, "isPromotedOffer": false, "type": "game", "prices": {"normal": {"price": "12.97", "suggestedPrice": "17.99", "discountPercent": "28", "discountAmount": "5.02", "basePrice": "12.97", "baseSuggestedPrice": "17.99"}, "plus": {"price": "11.68", "suggestedPrice": "17.99", "discountPercent": "35", "discountAmount": "6.31", "basePrice": "11.68", "baseSuggestedPrice": "17.99"}}, "currency": "EUR", "offerType": "instant"}, {"offerID": "13136218", "offerUUID": "b13d6908-7398-4cda-85bb-9f594a800c8b", "seller": {"id": "d4d66234-acdc-43df-ad22-d39ac8168528", "name": "Trusted_keys_rep", "avatarUrl": "", "initials": "Tr", "type": "excellent", "rating": {"up": 1841, "neutral": 16, "down": 4, "positiveFeedbackRatio": 100}, "ordersCount": 1861, "issueInvoices": false, "deliveryTime": "automated"}, "isSelectedOffer": false, "isPromotedOffer": false, "type": "game", "prices": {"normal": {"price": "0.87", "suggestedPrice": "17.99", "discountPercent": "95", "discountAmount": "17.12", "basePrice": "0.87", "baseSuggestedPrice": "17.99"}, "plus": {"price": "0.79", "suggestedPrice": "17.99", "discountPercent": "96", "discountAmount": "17.20", "basePrice": "0.79", "baseSuggestedPrice": "17.99"}}, "currency": "EUR", "offerType": "instant"}, {"offerID": "13135467", "offerUUID": "d1037485-aabb-4c40-b286-0a19b6629293", "seller": {"id": "5979783d-08d2-4148-a8f8-92d7c8b6ebb6", "name": "G_rush", "avatarUrl": "", "initials": "G_", "type": "excellent", "rating": {"up": 1719, "neutral": 131, "down": 3, "positiveFeedbackRatio": 100}, "ordersCount": 1853, "issueInvoices": false, "deliveryTime": "automated"}, "isSelectedOffer": false, "isPromotedOffer": false, "type": "game", "prices": {"normal": {"price": "2.37", "suggestedPrice": "17.99", "discountPercent": "87", "discountAmount": "15.62", "basePrice": "2.37", "baseSuggestedPrice": "17.99"}, "plus": {"price": "2.13", "suggestedPrice": "17.99", "discountPercent": "88", "discountAmount": "15.86", "basePrice": "2.13", "baseSuggestedPrice": "17.99"}}, "currency": "EUR", "offerType": "instant"}, {"offerID": "12909672", "offerUUID": "e268bc47-4743-4264-a97a-ba8fd34c7850", "seller": {"id": "6075c220-a47c-4c12-a20a-3d3ceab378db", "name": "Gamesdivision", "avatarUrl": "https://img.g2a.com/96x96/1x0x0/G3.png/5f1bf9fe6e3b4f36bc66e372", "initials": "Ga", "type": "excellent", "rating": {"up": 1520, "neutral": 183, "down": 5, "positiveFeedbackRatio": 100}, "ordersCount": 1708, "issueInvoices": false, "deliveryTime": "automated"}, "isSelectedOffer": false, "isPromotedOffer": false, "type": "dropshipping", "prices": {"normal": {"price": "2.43", "suggestedPrice": "17.99", "discountPercent": "86", "discountAmount": "15.56", "basePrice": "2.43", "baseSuggestedPrice": "17.99"}, "plus": {"price": "2.19", "suggestedPrice": "17.99", "discountPercent": "88", "discountAmount": "15.80", "basePrice": "2.19", "baseSuggestedPrice": "17.99"}}, "currency": "EUR", "offerType": "instant"}, {"offerID": "12909673", "offerUUID": "b9691ed3-1b08-4c1a-9436-d606e7711c30", "seller": {"id": "fbe071e1-b0cd-458a-ae46-fe1acfcfca74", "name": "Lancce", "avatarUrl": "https://img.g2a.com/96x96/1x0x0/a.png/1da518f98f4141bb9bd45820", "initials": "La", "type": "default", "rating": {"up": 150, "neutral": 24, "down": 0, "positiveFeedbackRatio": 100}, "ordersCount": 174, "issueInvoices": false, "deliveryTime": null}, "isSelectedOffer": false, "isPromotedOffer": false, "type": "dropshipping", "prices": {"normal": {"price": "2.41", "suggestedPrice": "17.99", "discountPercent": "87", "discountAmount": "15.58", "basePrice": "2.41", "baseSuggestedPrice": "17.99"}, "plus": {"price": "2.17", "suggestedPrice": "17.99", "discountPercent": "88", "discountAmount": "15.82", "basePrice": "2.17", "baseSuggestedPrice": "17.99"}}, "currency": "EUR", "offerType": "instant"}, {"offerID": "13141819", "offerUUID": "9b7c795f-ae6f-41c6-8fdc-7b941ece8036", "seller": {"id": "2fe0d9f0-7024-4778-97b5-2209deb8f98e", "name": "Coo_keys", "avatarUrl": "https://img.g2a.com/96x96/1x0x0/91aeba52618c4068bc4060953da04c7b.png/4517f43664db4f40bcea148d", "initials": "Co", "type": "default", "rating": {"up": 54, "neutral": 1, "down": 0, "positiveFeedbackRatio": 100}, "ordersCount": 55, "issueInvoices": false, "deliveryTime": "automated"}, "isSelectedOffer": false, "isPromotedOffer": false, "type": "game", "prices": {"normal": {"price": "1.99", "suggestedPrice": "17.99", "discountPercent": "89", "discountAmount": "16.00", "basePrice": "1.99", "baseSuggestedPrice": "17.99"}, "plus": {"price": "1.79", "suggestedPrice": "17.99", "discountPercent": "90", "discountAmount": "16.20", "basePrice": "1.79", "baseSuggestedPrice": "17.99"}}, "currency": "EUR", "offerType": "instant"}, {"offerID": "13142356", "offerUUID": "300c2efe-28a0-4f57-925c-f2e19523aa18", "seller": {"id": "69ace28c-e1f8-45f3-b27c-0b66a16f75d8", "name": "Magnus_knudsen", "avatarUrl": "", "initials": "Ma", "type": "default", "rating": {"up": 46, "neutral": 3, "down": 0, "positiveFeedbackRatio": 100}, "ordersCount": 49, "issueInvoices": true, "deliveryTime": "automated"}, "isSelectedOffer": false, "isPromotedOffer": false, "type": "game", "prices": {"normal": {"price": "1.96", "suggestedPrice": "17.99", "discountPercent": "89", "discountAmount": "16.03", "basePrice": "1.96", "baseSuggestedPrice": "17.99"}, "plus": {"price": "1.77", "suggestedPrice": "17.99", "discountPercent": "90", "discountAmount": "16.22", "basePrice": "1.77", "baseSuggestedPrice": "17.99"}}, "currency": "EUR", "offerType": "instant"}, {"offerID": "13140664", "offerUUID": "e4586cf6-7d65-42a8-ad1d-cb8cd256bd5e", "seller": {"id": "9f6d45c2-7447-4b17-ac07-7562e4e9b5d4", "name": "Ohannibal", "avatarUrl": "", "initials": "Oh", "type": "default", "rating": {"up": 12, "neutral": 0, "down": 0, "positiveFeedbackRatio": 100}, "ordersCount": 12, "issueInvoices": false, "deliveryTime": "automated"}, "isSelectedOffer": false, "isPromotedOffer": false, "type": "game", "prices": {"normal": {"price": "2.07", "suggestedPrice": "17.99", "discountPercent": "88", "discountAmount": "15.92", "basePrice": "2.07", "baseSuggestedPrice": "17.99"}, "plus": {"price": "1.86", "suggestedPrice": "17.99", "discountPercent": "90", "discountAmount": "16.13", "basePrice": "1.86", "baseSuggestedPrice": "17.99"}}, "currency": "EUR", "offerType": "instant"}, {"offerID": "13136272", "offerUUID": "94498e3d-7143-4e58-a93c-f36b6535428a", "seller": {"id": "397726cc-638c-4eeb-8a5c-1e3301267b68", "name": "Blueskeys", "avatarUrl": "", "initials": "Bl", "type": "default", "rating": {"up": 10, "neutral": 0, "down": 0, "positiveFeedbackRatio": 100}, "ordersCount": 10, "issueInvoices": false, "deliveryTime": "automated"}, "isSelectedOffer": false, "isPromotedOffer": false, "type": "game", "prices": {"normal": {"price": "2.22", "suggestedPrice": "17.99", "discountPercent": "88", "discountAmount": "15.77", "basePrice": "2.22", "baseSuggestedPrice": "17.99"}, "plus": {"price": "2.00", "suggestedPrice": "17.99", "discountPercent": "89", "discountAmount": "15.99", "basePrice": "2.00", "baseSuggestedPrice": "17.99"}}, "currency": "EUR", "offerType": "instant"}, {"offerID": "13148653", "offerUUID": "cf2d7606-e75b-42cd-b427-da7760091792", "seller": {"id": "841a134c-cc86-432f-bf06-4406c461deec", "name": "Lediableblanc", "avatarUrl": "", "initials": "Le", "type": "default", "rating": {"up": 8, "neutral": 0, "down": 0, "positiveFeedbackRatio": 100}, "ordersCount": 8, "issueInvoices": false, "deliveryTime": "automated"}, "isSelectedOffer": false, "isPromotedOffer": false, "type": "game", "prices": {"normal": {"price": "1.30", "suggestedPrice": "17.99", "discountPercent": "93", "discountAmount": "16.69", "basePrice": "1.30", "baseSuggestedPrice": "17.99"}, "plus": {"price": "1.17", "suggestedPrice": "17.99", "discountPercent": "93", "discountAmount": "16.82", "basePrice": "1.17", "baseSuggestedPrice": "17.99"}}, "currency": "EUR", "offerType": "instant"}, {"offerID": "13135433", "offerUUID": "11201a24-702c-4e15-836a-ab18dba29efc", "seller": {"id": "0e53163c-a834-4467-a910-3d064a641cea", "name": "Infinitykey", "avatarUrl": "", "initials": "In", "type": "default", "rating": {"up": 5, "neutral": 0, "down": 0, "positiveFeedbackRatio": 100}, "ordersCount": 5, "issueInvoices": false, "deliveryTime": "automated"}, "isSelectedOffer": false, "isPromotedOffer": false, "type": "game", "prices": {"normal": {"price": "2.39", "suggestedPrice": "17.99", "discountPercent": "87", "discountAmount": "15.60", "basePrice": "2.39", "baseSuggestedPrice": "17.99"}, "plus": {"price": "2.15", "suggestedPrice": "17.99", "discountPercent": "88", "discountAmount": "15.84", "basePrice": "2.15", "baseSuggestedPrice": "17.99"}}, "currency": "EUR", "offerType": "instant"}, {"offerID": "13142174", "offerUUID": "67f8c345-46e5-4fde-aee1-ef5a64834265", "seller": {"id": "7db36a2f-54d6-4079-a9ba-4b58dbac4c2a", "name": "Byrnekeys", "avatarUrl": "", "initials": "By", "type": "default", "rating": {"up": 4, "neutral": 0, "down": 0, "positiveFeedbackRatio": 100}, "ordersCount": 4, "issueInvoices": false, "deliveryTime": "automated"}, "isSelectedOffer": false, "isPromotedOffer": false, "type": "game", "prices": {"normal": {"price": "1.43", "suggestedPrice": "17.99", "discountPercent": "92", "discountAmount": "16.56", "basePrice": "1.43", "baseSuggestedPrice": "17.99"}, "plus": {"price": "1.29", "suggestedPrice": "17.99", "discountPercent": "93", "discountAmount": "16.70", "basePrice": "1.29", "baseSuggestedPrice": "17.99"}}, "currency": "EUR", "offerType": "instant"}, {"offerID": "13060694", "offerUUID": "14d1c649-1774-4f5a-84eb-8fa4a156173b", "seller": {"id": "63d6ccaf-1cf4-4a23-96bd-20a638b278da", "name": "Royalco", "avatarUrl": "https://img.g2a.com/96x96/1x0x0/RC 100x100.png/602bf8637e696c7e98186dc2", "initials": "Ro", "type": "default", "rating": {"up": 816, "neutral": 196, "down": 8, "positiveFeedbackRatio": 99}, "ordersCount": 1020, "issueInvoices": false, "deliveryTime": "automated"}, "isSelectedOffer": false, "isPromotedOffer": false, "type": "dropshipping", "prices": {"normal": {"price": "13.05", "suggestedPrice": "17.99", "discountPercent": "27", "discountAmount": "4.94", "basePrice": "13.05", "baseSuggestedPrice": "17.99"}, "plus": {"price": "11.74", "suggestedPrice": "17.99", "discountPercent": "35", "discountAmount": "6.25", "basePrice": "11.74", "baseSuggestedPrice": "17.99"}}, "currency": "EUR", "offerType": "instant"}, {"offerID": "13152781", "offerUUID": "92bdc60a-8440-4def-bcf2-4ca57e8a2364", "seller": {"id": "ff3f5d20-1f84-421e-bafb-f71e877efba4", "name": "Gks_store", "avatarUrl": "", "initials": "Gk", "type": "default", "rating": {"up": 660, "neutral": 27, "down": 5, "positiveFeedbackRatio": 99}, "ordersCount": 692, "issueInvoices": false, "deliveryTime": "automated"}, "isSelectedOffer": false, "isPromotedOffer": false, "type": "game", "prices": {"normal": {"price": "1.93", "suggestedPrice": "17.99", "discountPercent": "89", "discountAmount": "16.06", "basePrice": "1.93", "baseSuggestedPrice": "17.99"}, "plus": {"price": "1.73", "suggestedPrice": "17.99", "discountPercent": "90", "discountAmount": "16.26", "basePrice": "1.73", "baseSuggestedPrice": "17.99"}}, "currency": "EUR", "offerType": "instant"}, {"offerID": "13150399", "offerUUID": "d4f8ed95-ad20-402b-8570-78ecb09732c0", "seller": {"id": "bbe8807e-2299-4fd2-9fe4-817d6997c5c1", "name": "Vengamers", "avatarUrl": "https://img.g2a.com/96x96/1x0x0/prueba gamivo 3.jpg/6a03a60d4e0c4197a0c88e7f", "initials": "Ve", "type": "default", "rating": {"up": 517, "neutral": 27, "down": 6, "positiveFeedbackRatio": 99}, "ordersCount": 550, "issueInvoices": false, "deliveryTime": "automated"}, "isSelectedOffer": false, "isPromotedOffer": false, "type": "game", "prices": {"normal": {"price": "0.94", "suggestedPrice": "17.99", "discountPercent": "95", "discountAmount": "17.05", "basePrice": "0.94", "baseSuggestedPrice": "17.99"}, "plus": {"price": "0.84", "suggestedPrice": "17.99", "discountPercent": "95", "discountAmount": "17.15", "basePrice": "0.84", "baseSuggestedPrice": "17.99"}}, "currency": "EUR", "offerType": "instant"}, {"offerID": "13139983", "offerUUID": "e2fdd987-390f-45b9-9d2a-20fdea3ea4c3", "seller": {"id": "249f59fa-1f19-46b2-9430-74edb0280257", "name": "Squirum", "avatarUrl": "", "initials": "Sq", "type": "default", "rating": {"up": 485, "neutral": 3, "down": 4, "positiveFeedbackRatio": 99}, "ordersCount": 492, "issueInvoices": false, "deliveryTime": "automated"}, "isSelectedOffer": false, "isPromotedOffer": false, "type": "game", "prices": {"normal": {"price": "2.03", "suggestedPrice": "17.99", "discountPercent": "89", "discountAmount": "15.96", "basePrice": "2.03", "baseSuggestedPrice": "17.99"}, "plus": {"price": "1.83", "suggestedPrice": "17.99", "discountPercent": "90", "discountAmount": "16.16", "basePrice": "1.83", "baseSuggestedPrice": "17.99"}}, "currency": "EUR", "offerType": "instant"}, {"offerID": "13143159", "offerUUID": "b8b66e3f-65f4-470a-95d4-e3d6fb6ad5da", "seller": {"id": "764e5cd3-b5a5-4426-9edc-8a4575fdac31", "name": "Mygamesoft", "avatarUrl": "https://img.g2a.com/96x96/1x0x0/s-l500.jpg/baca203354c64d2ea71265de", "initials": "My", "type": "default", "rating": {"up": 105, "neutral": 1, "down": 4, "positiveFeedbackRatio": 96}, "ordersCount": 110, "issueInvoices": true, "deliveryTime": "automated"}, "isSelectedOffer": false, "isPromotedOffer": false, "type": "game", "prices": {"normal": {"price": "1.95", "suggestedPrice": "17.99", "discountPercent": "89", "discountAmount": "16.04", "basePrice": "1.95", "baseSuggestedPrice": "17.99"}, "plus": {"price": "1.76", "suggestedPrice": "17.99", "discountPercent": "90", "discountAmount": "16.23", "basePrice": "1.76", "baseSuggestedPrice": "17.99"}}, "currency": "EUR", "offerType": "instant"}, {"offerID": "13140422", "offerUUID": "dd6a344e-bd25-43b4-b073-f7be148e63c7", "seller": {"id": "bb600712-aaf4-4e8b-ad02-149f4efbbed6", "name": "Fanatical_game", "avatarUrl": "", "initials": "Fa", "type": "default", "rating": {"up": 188, "neutral": 10, "down": 9, "positiveFeedbackRatio": 95}, "ordersCount": 207, "issueInvoices": false, "deliveryTime": null}, "isSelectedOffer": false, "isPromotedOffer": false, "type": "game", "prices": {"normal": {"price": "0.92", "suggestedPrice": "17.99", "discountPercent": "95", "discountAmount": "17.07", "basePrice": "0.92", "baseSuggestedPrice": "17.99"}, "plus": {"price": "0.83", "suggestedPrice": "17.99", "discountPercent": "95", "discountAmount": "17.16", "basePrice": "0.83", "baseSuggestedPrice": "17.99"}}, "currency": "EUR", "offerType": "instant"}, {"offerID": "12948594", "offerUUID": "92613549-37be-4ce8-8ed4-f673d826dc93", "seller": {"id": "47bc4fad-fe86-43c1-b27a-e1678314172d", "name": "Players", "avatarUrl": "", "initials": "Pl", "type": "default", "rating": {"up": 752, "neutral": 31, "down": 60, "positiveFeedbackRatio": 93}, "ordersCount": 843, "issueInvoices": false, "deliveryTime": "automated"}, "isSelectedOffer": false, "isPromotedOffer": false, "type": "game", "prices": {"normal": {"price": "6.47", "suggestedPrice": "17.99", "discountPercent": "64", "discountAmount": "11.52", "basePrice": "6.47", "baseSuggestedPrice": "17.99"}, "plus": {"price": "5.83", "suggestedPrice": "17.99", "discountPercent": "68", "discountAmount": "12.16", "basePrice": "5.83", "baseSuggestedPrice": "17.99"}}, "currency": "EUR", "offerType": "instant"}, {"offerID": "13151808", "offerUUID": "97067d52-3cca-48b8-8fed-14df420266b8", "seller": {"id": "75e52f5c-6c8e-4f35-b36a-9950b2f1c478", "name": "Crank0411", "avatarUrl": "", "initials": "Cr", "type": "default", "rating": {"up": 11, "neutral": 0, "down": 1, "positiveFeedbackRatio": 92}, "ordersCount": 12, "issueInvoices": false, "deliveryTime": "automated"}, "isSelectedOffer": false, "isPromotedOffer": false, "type": "game", "prices": {"normal": {"price": "12.08", "suggestedPrice": "17.99", "discountPercent": "33", "discountAmount": "5.91", "basePrice": "12.08", "baseSuggestedPrice": "17.99"}, "plus": {"price": "10.88", "suggestedPrice": "17.99", "discountPercent": "40", "discountAmount": "7.11", "basePrice": "10.88", "baseSuggestedPrice": "17.99"}}, "currency": "EUR", "offerType": "instant"}, {"offerID": "13133615", "offerUUID": "ba617f3d-c512-4d40-b5f9-25e1a2fa87a6", "seller": {"id": "84875d0d-dac0-4a4b-ae99-426d3366dda2", "name": "Gamers_gate", "avatarUrl": "https://img.g2a.com/96x96/1x0x0/ScreenShot_20220117141509.png/f0bfef6485ec494daa2075d8", "initials": "Ga", "type": "default", "rating": {"up": 60, "neutral": 8, "down": 8, "positiveFeedbackRatio": 88}, "ordersCount": 76, "issueInvoices": false, "deliveryTime": "automated"}, "isSelectedOffer": false, "isPromotedOffer": false, "type": "game", "prices": {"normal": {"price": "0.97", "suggestedPrice": "17.99", "discountPercent": "95", "discountAmount": "17.02", "basePrice": "0.97", "baseSuggestedPrice": "17.99"}, "plus": {"price": "0.88", "suggestedPrice": "17.99", "discountPercent": "95", "discountAmount": "17.11", "basePrice": "0.88", "baseSuggestedPrice": "17.99"}}, "currency": "EUR", "offerType": "instant"}, {"offerID": "13140818", "offerUUID": "8a0d0777-d0b4-476d-bc4e-6343089edf97", "seller": {"id": "d6a005f2-0704-4bab-a308-ca78abc38f99", "name": "Powsaaa", "avatarUrl": "", "initials": "Po", "type": "default", "rating": {"up": 0, "neutral": 0, "down": 2, "positiveFeedbackRatio": 0}, "ordersCount": 2, "issueInvoices": false, "deliveryTime": "automated"}, "isSelectedOffer": false, "isPromotedOffer": false, "type": "game", "prices": {"normal": {"price": "2.00", "suggestedPrice": "17.99", "discountPercent": "89", "discountAmount": "15.99", "basePrice": "2.00", "baseSuggestedPrice": "17.99"}, "plus": {"price": "1.80", "suggestedPrice": "17.99", "discountPercent": "90", "discountAmount": "16.19", "basePrice": "1.80", "baseSuggestedPrice": "17.99"}}, "currency": "EUR", "offerType": "instant"}, {"offerID": "13152772", "offerUUID": "d4c8de63-ae8f-4786-8c15-f917a169328f", "seller": {"id": "dd8b42bd-668c-4fa9-9113-c0fd20a456f1", "name": "Gamecover_site", "avatarUrl": "", "initials": "Ga", "type": "default", "rating": {"up": 0, "neutral": 0, "down": 1, "positiveFeedbackRatio": 0}, "ordersCount": 1, "issueInvoices": false, "deliveryTime": "automated"}, "isSelectedOffer": false, "isPromotedOffer": false, "type": "game", "prices": {"normal": {"price": "0.91", "suggestedPrice": "17.99", "discountPercent": "95", "discountAmount": "17.08", "basePrice": "0.91", "baseSuggestedPrice": "17.99"}, "plus": {"price": "0.82", "suggestedPrice": "17.99", "discountPercent": "95", "discountAmount": "17.17", "basePrice": "0.82", "baseSuggestedPrice": "17.99"}}, "currency": "EUR", "offerType": "instant"}, {"offerID": "13151909", "offerUUID": "0e4614ba-c7e7-468e-ad94-bfd6491d1320", "seller": {"id": "08ef2cb5-1e6f-48a5-9fb8-137807f28df6", "name": "Gamemarketau", "avatarUrl": "https://img.g2a.com/96x96/1x0x0/Group 15.png/e4d4d25c242e4de0b562dd43", "initials": "Ga", "type": "default", "rating": {"up": 0, "neutral": 0, "down": 0, "positiveFeedbackRatio": 0}, "ordersCount": 0, "issueInvoices": true, "deliveryTime": "automated"}, "isSelectedOffer": false, "isPromotedOffer": false, "type": "game", "prices": {"normal": {"price": "1.95", "suggestedPrice": "17.99", "discountPercent": "89", "discountAmount": "16.04", "basePrice": "1.95", "baseSuggestedPrice": "17.99"}, "plus": {"price": "1.76", "suggestedPrice": "17.99", "discountPercent": "90", "discountAmount": "16.23", "basePrice": "1.76", "baseSuggestedPrice": "17.99"}}, "currency": "EUR", "offerType": "instant"}], "productType": "digital", "error": null}}