{"data": {"offers": [{"offerID": "13152034", "offerUUID": "5dbeaea8-9753-46e4-802f-77dd3ed72a55", "seller": {"id": "54a8fd1c-2e4b-4f8c-a261-800644c479e7", "name": "Keysellgalaxy", "avatarUrl": "https://img.g2a.com/96x96/1x0x0/1x.jpg/6041141546177c365c4c55a2", "initials": "Ke", "type": "excellent", "rating": {"up": 17301, "neutral": 33, "down": 368, "positiveFeedbackRatio": 98}, "ordersCount": 17702, "issueInvoices": false, "deliveryTime": "automated"}, "isSelectedOffer": false, "isPromotedOffer": true, "promotedOffer": {"campaignId": "43", "showId": "b032220e-cb84-4078-8133-340dc46b2cf6", "requestId": "|0VzkS2EAIL8mAtK01r2hiOrjmqqhw4XAnot8.LohGO0nl_MDRTps.Em56Pi_", "skc": "unknown-skc"}, "type": "dropshipping", "prices": {"normal": {"price": "48.99", "suggestedPrice": "59.99", "discountPercent": "18", "discountAmount": "11.00", "basePrice": "48.99", "baseSuggestedPrice": "59.99"}, "plus": {"price": "48.99", "suggestedPrice": "59.99", "discountPercent": "18", "discountAmount": "11.00", "basePrice": "48.99", "baseSuggestedPrice": "59.99"}}, "currency": "EUR", "offerType": "instant"}, {"offerID": "13161568", "offerUUID": "6cb57c2f-fcc9-466d-b4d1-cbca3d025e20", "seller": {"id": "9c5b72dd-941b-46ed-91b2-65ef37169c97", "name": "Gamersuniverse", "avatarUrl": "https://img.g2a.com/96x96/1x0x0/GameUniverse.png/082c50251210454fbb2a26d0", "initials": "Ga", "type": "excellent", "rating": {"up": 75629, "neutral": 5542, "down": 247, "positiveFeedbackRatio": 100}, "ordersCount": 81418, "issueInvoices": false, "deliveryTime": "automated"}, "isSelectedOffer": false, "isPromotedOffer": false, "type": "dropshipping", "prices": {"normal": {"price": "61.59", "discountPercent": "0", "discountAmount": "0.00", "basePrice": "61.59"}, "plus": {"price": "61.59", "discountPercent": "0", "discountAmount": "0.00", "basePrice": "61.59"}}, "currency": "EUR", "offerType": "instant"}, {"offerID": "13161569", "offerUUID": "883de116-40b0-4d9a-a179-66181a1ebf8f", "seller": {"id": "f74c2d89-9055-4bb6-ad00-c000dbb4a856", "name": "Superbkeys", "avatarUrl": "https://img.g2a.com/96x96/1x0x0/S4.png/4a8b4d3cb4d84c16ba274210", "initials": "Su", "type": "excellent", "rating": {"up": 6234, "neutral": 673, "down": 10, "positiveFeedbackRatio": 100}, "ordersCount": 6917, "issueInvoices": false, "deliveryTime": "automated"}, "isSelectedOffer": false, "isPromotedOffer": false, "type": "dropshipping", "prices": {"normal": {"price": "63.80", "discountPercent": "0", "discountAmount": "0.00", "basePrice": "63.80"}, "plus": {"price": "63.80", "discountPercent": "0", "discountAmount": "0.00", "basePrice": "63.80"}}, "currency": "EUR", "offerType": "instant"}, {"offerID": "13161565", "offerUUID": "2a6e9232-bb8e-4a22-8399-a4cedf93018e", "seller": {"id": "6075c220-a47c-4c12-a20a-3d3ceab378db", "name": "Gamesdivision", "avatarUrl": "https://img.g2a.com/96x96/1x0x0/G3.png/5f1bf9fe6e3b4f36bc66e372", "initials": "Ga", "type": "excellent", "rating": {"up": 1520, "neutral": 183, "down": 5, "positiveFeedbackRatio": 100}, "ordersCount": 1708, "issueInvoices": false, "deliveryTime": "automated"}, "isSelectedOffer": false, "isPromotedOffer": false, "type": "dropshipping", "prices": {"normal": {"price": "64.10", "discountPercent": "0", "discountAmount": "0.00", "basePrice": "64.10"}, "plus": {"price": "64.10", "discountPercent": "0", "discountAmount": "0.00", "basePrice": "64.10"}}, "currency": "EUR", "offerType": "instant"}, {"offerID": "13158781", "offerUUID": "6b8f90eb-d015-4668-9972-494ae3b764cc", "seller": {"id": "9ca1d7ad-bf81-445e-b277-3587b7a1a595", "name": "Cdsales", "avatarUrl": "", "initials": "Cd", "type": "excellent", "rating": {"up": 1218, "neutral": 317, "down": 4, "positiveFeedbackRatio": 100}, "ordersCount": 1539, "issueInvoices": false, "deliveryTime": "automated"}, "isSelectedOffer": false, "isPromotedOffer": false, "type": "game", "prices": {"normal": {"price": "52.00", "suggestedPrice": "59.99", "discountPercent": "13", "discountAmount": "7.99", "basePrice": "52.00", "baseSuggestedPrice": "59.99"}, "plus": {"price": "52.00", "suggestedPrice": "59.99", "discountPercent": "13", "discountAmount": "7.99", "basePrice": "52.00", "baseSuggestedPrice": "59.99"}}, "currency": "EUR", "offerType": "instant"}, {"offerID": "13161566", "offerUUID": "5eb5c122-1958-413c-a5e1-48e32b3c3a50", "seller": {"id": "fbe071e1-b0cd-458a-ae46-fe1acfcfca74", "name": "Lancce", "avatarUrl": "https://img.g2a.com/96x96/1x0x0/a.png/1da518f98f4141bb9bd45820", "initials": "La", "type": "default", "rating": {"up": 150, "neutral": 24, "down": 0, "positiveFeedbackRatio": 100}, "ordersCount": 174, "issueInvoices": false, "deliveryTime": null}, "isSelectedOffer": false, "isPromotedOffer": false, "type": "dropshipping", "prices": {"normal": {"price": "63.49", "discountPercent": "0", "discountAmount": "0.00", "basePrice": "63.49"}, "plus": {"price": "63.49", "discountPercent": "0", "discountAmount": "0.00", "basePrice": "63.49"}}, "currency": "EUR", "offerType": "instant"}], "productType": "digital", "error": null}}