{"data": {"offers": [{"offerID": "13144202", "offerUUID": "acedb989-0245-4308-8043-11eb084da4f3", "seller": {"id": "cff6c343-4634-4f28-ba3f-6aa78b28b7ee", "name": "Szorike", "avatarUrl": "", "initials": "Sz", "type": "default", "rating": {"up": 0, "neutral": 0, "down": 0, "positiveFeedbackRatio": 0}, "ordersCount": 0, "issueInvoices": false, "deliveryTime": "automated"}, "isSelectedOffer": false, "isPromotedOffer": false, "type": "game", "prices": {"normal": {"price": "21.49", "discountPercent": "0", "discountAmount": "0.00", "basePrice": "21.49"}, "plus": {"price": "19.35", "suggestedPrice": "19.98", "discountPercent": "3", "discountAmount": "0.63", "basePrice": "19.35", "baseSuggestedPrice": "19.98"}}, "currency": "EUR", "offerType": "instant"}], "productType": "digital", "error": null}}