{"data": {"offers": [{"offerID": "13161155", "offerUUID": "579480e3-245c-49d4-87b6-15f2a43a73e0", "seller": {"id": "3aac3984-f3cc-4e77-9a89-770ccbf23757", "name": "Pegasus331", "avatarUrl": "", "initials": "Pe", "type": "default", "rating": {"up": 1, "neutral": 0, "down": 0, "positiveFeedbackRatio": 100}, "ordersCount": 1, "issueInvoices": false, "deliveryTime": null}, "isSelectedOffer": false, "isPromotedOffer": false, "type": "game", "prices": {"normal": {"price": "5.02", "suggestedPrice": "13.99", "discountPercent": "64", "discountAmount": "8.97", "basePrice": "5.02", "baseSuggestedPrice": "13.99"}, "plus": {"price": "4.52", "suggestedPrice": "13.99", "discountPercent": "68", "discountAmount": "9.47", "basePrice": "4.52", "baseSuggestedPrice": "13.99"}}, "currency": "EUR", "offerType": "instant"}, {"offerID": "13136211", "offerUUID": "17735d79-3142-43a3-9e3f-48398b26090c", "seller": {"id": "7f133cb2-75d9-4caf-89bd-7f953f2da613", "name": "Digital_power", "avatarUrl": "https://img.g2a.com/96x96/1x0x0/like neon.png/6030033746177c63840b06b2", "initials": "Di", "type": "default", "rating": {"up": 122, "neutral": 7, "down": 3, "positiveFeedbackRatio": 98}, "ordersCount": 132, "issueInvoices": false, "deliveryTime": "automated"}, "isSelectedOffer": false, "isPromotedOffer": false, "type": "game", "prices": {"normal": {"price": "5.50", "suggestedPrice": "13.99", "discountPercent": "61", "discountAmount": "8.49", "basePrice": "5.50", "baseSuggestedPrice": "13.99"}, "plus": {"price": "4.95", "suggestedPrice": "13.99", "discountPercent": "65", "discountAmount": "9.04", "basePrice": "4.95", "baseSuggestedPrice": "13.99"}}, "currency": "EUR", "offerType": "instant"}, {"offerID": "13133931", "offerUUID": "ffd3c3ae-b656-4af1-8f48-c235f8b9fa8e", "seller": {"id": "3492b364-df97-4463-ac37-e4ce8931aadb", "name": "Owne3d", "avatarUrl": "", "initials": "Ow", "type": "default", "rating": {"up": 3, "neutral": 0, "down": 1, "positiveFeedbackRatio": 75}, "ordersCount": 4, "issueInvoices": true, "deliveryTime": "automated"}, "isSelectedOffer": false, "isPromotedOffer": false, "type": "game", "prices": {"normal": {"price": "6.76", "suggestedPrice": "13.99", "discountPercent": "52", "discountAmount": "7.23", "basePrice": "6.76", "baseSuggestedPrice": "13.99"}, "plus": {"price": "6.08", "suggestedPrice": "13.99", "discountPercent": "57", "discountAmount": "7.91", "basePrice": "6.08", "baseSuggestedPrice": "13.99"}}, "currency": "EUR", "offerType": "instant"}, {"offerID": "13144199", "offerUUID": "5f570e60-5201-4593-818a-2a735745dfe3", "seller": {"id": "cff6c343-4634-4f28-ba3f-6aa78b28b7ee", "name": "Szorike", "avatarUrl": "", "initials": "Sz", "type": "default", "rating": {"up": 0, "neutral": 0, "down": 0, "positiveFeedbackRatio": 0}, "ordersCount": 0, "issueInvoices": false, "deliveryTime": "automated"}, "isSelectedOffer": false, "isPromotedOffer": false, "type": "game", "prices": {"normal": {"price": "5.45", "suggestedPrice": "13.99", "discountPercent": "61", "discountAmount": "8.54", "basePrice": "5.45", "baseSuggestedPrice": "13.99"}, "plus": {"price": "4.90", "suggestedPrice": "13.99", "discountPercent": "65", "discountAmount": "9.09", "basePrice": "4.90", "baseSuggestedPrice": "13.99"}}, "currency": "EUR", "offerType": "instant"}, {"offerID": "13150831", "offerUUID": "84904c0b-f416-4e46-a07a-41fad20e559e", "seller": {"id": "782d68bf-b3c1-462d-bc94-5f0fcc732a20", "name": "Kevin1212", "avatarUrl": "", "initials": "Ke", "type": "default", "rating": {"up": 0, "neutral": 0, "down": 0, "positiveFeedbackRatio": 0}, "ordersCount": 0, "issueInvoices": false, "deliveryTime": null}, "isSelectedOffer": false, "isPromotedOffer": false, "type": "game", "prices": {"normal": {"price": "5.43", "suggestedPrice": "13.99", "discountPercent": "61", "discountAmount": "8.56", "basePrice": "5.43", "baseSuggestedPrice": "13.99"}, "plus": {"price": "4.89", "suggestedPrice": "13.99", "discountPercent": "65", "discountAmount": "9.10", "basePrice": "4.89", "baseSuggestedPrice": "13.99"}}, "currency": "EUR", "offerType": "instant"}, {"offerID": "13152052", "offerUUID": "384aba24-31a1-4c2c-a445-4a1d4ce6280a", "seller": {"id": "a6693a26-838b-4ef3-8d10-61a152726d12", "name": "Zillagames", "avatarUrl": "", "initials": "Zi", "type": "default", "rating": {"up": 0, "neutral": 0, "down": 0, "positiveFeedbackRatio": 0}, "ordersCount": 0, "issueInvoices": false, "deliveryTime": "automated"}, "isSelectedOffer": false, "isPromotedOffer": false, "type": "game", "prices": {"normal": {"price": "5.42", "suggestedPrice": "13.99", "discountPercent": "61", "discountAmount": "8.57", "basePrice": "5.42", "baseSuggestedPrice": "13.99"}, "plus": {"price": "4.88", "suggestedPrice": "13.99", "discountPercent": "65", "discountAmount": "9.11", "basePrice": "4.88", "baseSuggestedPrice": "13.99"}}, "currency": "EUR", "offerType": "instant"}], "productType": "digital", "error": null}}