{"data": {"offers": [{"offerID": "13157787", "offerUUID": "eddcaa6d-0e07-4178-95f7-59380efd0a09", "seller": {"id": "3aac3984-f3cc-4e77-9a89-770ccbf23757", "name": "Pegasus331", "avatarUrl": "", "initials": "Pe", "type": "default", "rating": {"up": 1, "neutral": 0, "down": 0, "positiveFeedbackRatio": 100}, "ordersCount": 1, "issueInvoices": false, "deliveryTime": null}, "isSelectedOffer": false, "isPromotedOffer": false, "type": "game", "prices": {"normal": {"price": "3.88", "suggestedPrice": "19.99", "discountPercent": "81", "discountAmount": "16.11", "basePrice": "3.88", "baseSuggestedPrice": "19.99"}, "plus": {"price": "3.49", "suggestedPrice": "19.99", "discountPercent": "83", "discountAmount": "16.50", "basePrice": "3.49", "baseSuggestedPrice": "19.99"}}, "currency": "EUR", "offerType": "instant"}, {"offerID": "13158931", "offerUUID": "e8b3a472-f299-4b8b-8c23-23cbcc5fb890", "seller": {"id": "50dca3b5-bddd-4c0c-a2e8-4b8cfdc90f7b", "name": "Unator", "avatarUrl": "", "initials": "Un", "type": "default", "rating": {"up": 1, "neutral": 0, "down": 0, "positiveFeedbackRatio": 100}, "ordersCount": 1, "issueInvoices": false, "deliveryTime": "automated"}, "isSelectedOffer": false, "isPromotedOffer": false, "type": "game", "prices": {"normal": {"price": "3.86", "suggestedPrice": "19.99", "discountPercent": "81", "discountAmount": "16.13", "basePrice": "3.86", "baseSuggestedPrice": "19.99"}, "plus": {"price": "3.48", "suggestedPrice": "19.99", "discountPercent": "83", "discountAmount": "16.51", "basePrice": "3.48", "baseSuggestedPrice": "19.99"}}, "currency": "EUR", "offerType": "instant"}], "productType": "digital", "error": null}}