{"data": {"offers": [{"offerID": "13157066", "offerUUID": "b502d574-8311-49c9-a95a-0efeafb2fd1b", "seller": {"id": "3aac3984-f3cc-4e77-9a89-770ccbf23757", "name": "Pegasus331", "avatarUrl": "", "initials": "Pe", "type": "default", "rating": {"up": 1, "neutral": 0, "down": 0, "positiveFeedbackRatio": 100}, "ordersCount": 1, "issueInvoices": false, "deliveryTime": null}, "isSelectedOffer": false, "isPromotedOffer": false, "type": "game", "prices": {"normal": {"price": "5.27", "suggestedPrice": "12.49", "discountPercent": "58", "discountAmount": "7.22", "basePrice": "5.27", "baseSuggestedPrice": "12.49"}, "plus": {"price": "4.74", "suggestedPrice": "12.49", "discountPercent": "62", "discountAmount": "7.75", "basePrice": "4.74", "baseSuggestedPrice": "12.49"}}, "currency": "EUR", "offerType": "instant"}, {"offerID": "13136260", "offerUUID": "01488ce0-dfa1-4a30-92a2-6225f4706c52", "seller": {"id": "7f133cb2-75d9-4caf-89bd-7f953f2da613", "name": "Digital_power", "avatarUrl": "https://img.g2a.com/96x96/1x0x0/like neon.png/6030033746177c63840b06b2", "initials": "Di", "type": "default", "rating": {"up": 122, "neutral": 7, "down": 3, "positiveFeedbackRatio": 98}, "ordersCount": 132, "issueInvoices": false, "deliveryTime": "automated"}, "isSelectedOffer": false, "isPromotedOffer": false, "type": "game", "prices": {"normal": {"price": "5.50", "suggestedPrice": "12.49", "discountPercent": "56", "discountAmount": "6.99", "basePrice": "5.50", "baseSuggestedPrice": "12.49"}, "plus": {"price": "4.95", "suggestedPrice": "12.49", "discountPercent": "60", "discountAmount": "7.54", "basePrice": "4.95", "baseSuggestedPrice": "12.49"}}, "currency": "EUR", "offerType": "instant"}, {"offerID": "13133934", "offerUUID": "fdc894dc-9d9f-437c-ba43-8a07de66ecb0", "seller": {"id": "3492b364-df97-4463-ac37-e4ce8931aadb", "name": "Owne3d", "avatarUrl": "", "initials": "Ow", "type": "default", "rating": {"up": 3, "neutral": 0, "down": 1, "positiveFeedbackRatio": 75}, "ordersCount": 4, "issueInvoices": true, "deliveryTime": "automated"}, "isSelectedOffer": false, "isPromotedOffer": false, "type": "game", "prices": {"normal": {"price": "6.57", "suggestedPrice": "12.49", "discountPercent": "47", "discountAmount": "5.92", "basePrice": "6.57", "baseSuggestedPrice": "12.49"}, "plus": {"price": "5.91", "suggestedPrice": "12.49", "discountPercent": "53", "discountAmount": "6.58", "basePrice": "5.91", "baseSuggestedPrice": "12.49"}}, "currency": "EUR", "offerType": "instant"}, {"offerID": "13144201", "offerUUID": "ec744fe4-6757-48d6-ac8c-387c9e7ceb56", "seller": {"id": "cff6c343-4634-4f28-ba3f-6aa78b28b7ee", "name": "Szorike", "avatarUrl": "", "initials": "Sz", "type": "default", "rating": {"up": 0, "neutral": 0, "down": 0, "positiveFeedbackRatio": 0}, "ordersCount": 0, "issueInvoices": false, "deliveryTime": "automated"}, "isSelectedOffer": false, "isPromotedOffer": false, "type": "game", "prices": {"normal": {"price": "5.45", "suggestedPrice": "12.49", "discountPercent": "56", "discountAmount": "7.04", "basePrice": "5.45", "baseSuggestedPrice": "12.49"}, "plus": {"price": "4.90", "suggestedPrice": "12.49", "discountPercent": "61", "discountAmount": "7.59", "basePrice": "4.90", "baseSuggestedPrice": "12.49"}}, "currency": "EUR", "offerType": "instant"}, {"offerID": "13152054", "offerUUID": "ec713abf-b59a-4dc7-b57b-07c8fb988b40", "seller": {"id": "a6693a26-838b-4ef3-8d10-61a152726d12", "name": "Zillagames", "avatarUrl": "", "initials": "Zi", "type": "default", "rating": {"up": 0, "neutral": 0, "down": 0, "positiveFeedbackRatio": 0}, "ordersCount": 0, "issueInvoices": false, "deliveryTime": "automated"}, "isSelectedOffer": false, "isPromotedOffer": false, "type": "game", "prices": {"normal": {"price": "5.42", "suggestedPrice": "12.49", "discountPercent": "57", "discountAmount": "7.07", "basePrice": "5.42", "baseSuggestedPrice": "12.49"}, "plus": {"price": "4.88", "suggestedPrice": "12.49", "discountPercent": "61", "discountAmount": "7.61", "basePrice": "4.88", "baseSuggestedPrice": "12.49"}}, "currency": "EUR", "offerType": "instant"}], "productType": "digital", "error": null}}