{"data": {"offers": [{"offerID": "13051366", "offerUUID": "b6369558-746f-47d0-9870-4348d288c57f", "seller": {"id": "df6d1682-f4b1-447e-bafc-9608a3850d82", "name": "Games4world", "avatarUrl": "https://img.g2a.com/96x96/1x0x0/uarantee-badge-fast-delivery-logo-11563011011jf18lxafmj.png/8c2abdd9c0c14d10b05ddec2", "initials": "Ga", "type": "excellent", "rating": {"up": 3190, "neutral": 639, "down": 4, "positiveFeedbackRatio": 100}, "ordersCount": 3833, "issueInvoices": false, "deliveryTime": "automated"}, "isSelectedOffer": false, "isPromotedOffer": true, "promotedOffer": {"campaignId": "50", "showId": "fbd0727c-c413-446b-8083-9559f6c0d999", "requestId": "|mzBkek3tid+voYmxnCrT+pzjVRmF72M/rphF.8wpxPsDA_oB1g7P.wFAX0J_", "skc": "unknown-skc"}, "type": "dropshipping", "prices": {"normal": {"price": "18.33", "discountPercent": "0", "discountAmount": "0.00", "basePrice": "18.33"}, "plus": {"price": "16.49", "suggestedPrice": "18.33", "discountPercent": "10", "discountAmount": "1.84", "basePrice": "16.49", "baseSuggestedPrice": "18.33"}}, "currency": "EUR", "offerType": "instant"}], "productType": "digital", "error": null}}