{"data": {"offers": [{"offerID": "12380669", "offerUUID": "08af232e-20fd-4622-a61a-31fb8e266ad8", "seller": {"id": "98c43478-2732-499c-a466-520a30a56828", "name": "Rottviler", "avatarUrl": "https://img.g2a.com/96x96/1x0x0/logo.png/b39e84cfa5844877a3ceb4bc", "initials": "Ro", "type": "default", "rating": {"up": 994, "neutral": 79, "down": 9, "positiveFeedbackRatio": 99}, "ordersCount": 1082, "issueInvoices": false, "deliveryTime": "automated"}, "isSelectedOffer": false, "isPromotedOffer": true, "promotedOffer": {"campaignId": "187", "showId": "5b1b4fca-6ddd-4163-97ee-cee721b3d76c", "requestId": "|ufQomg0n7e6xhsZiWNJ5ex0jbEAT40Ei/4pr.4gzRvpPP_DE4TH4.f881bW_", "skc": "unknown-skc"}, "type": "game", "prices": {"normal": {"price": "22.32", "discountPercent": "0", "discountAmount": "0.00", "basePrice": "22.32"}, "plus": {"price": "20.08", "suggestedPrice": "22.32", "discountPercent": "10", "discountAmount": "2.24", "basePrice": "20.08", "baseSuggestedPrice": "22.32"}}, "currency": "EUR", "offerType": "instant"}, {"offerID": "12502101", "offerUUID": "45ef900e-3564-440e-9d3d-cf8817b47b2e", "seller": {"id": "9c5b72dd-941b-46ed-91b2-65ef37169c97", "name": "Gamersuniverse", "avatarUrl": "https://img.g2a.com/96x96/1x0x0/GameUniverse.png/082c50251210454fbb2a26d0", "initials": "Ga", "type": "excellent", "rating": {"up": 75629, "neutral": 5542, "down": 247, "positiveFeedbackRatio": 100}, "ordersCount": 81418, "issueInvoices": false, "deliveryTime": "automated"}, "isSelectedOffer": false, "isPromotedOffer": false, "type": "dropshipping", "prices": {"normal": {"price": "23.24", "discountPercent": "0", "discountAmount": "0.00", "basePrice": "23.24"}, "plus": {"price": "20.92", "suggestedPrice": "23.24", "discountPercent": "10", "discountAmount": "2.32", "basePrice": "20.92", "baseSuggestedPrice": "23.24"}}, "currency": "EUR", "offerType": "instant"}, {"offerID": "12756844", "offerUUID": "ecb9dcc4-ad42-4a34-b084-7dfe1639df98", "seller": {"id": "dabd25fb-f026-4d09-96b0-cbbc2b36dc1a", "name": "Instant_game", "avatarUrl": "https://img.g2a.com/96x96/1x0x0/instant-gaming-logo.png/1b629b69bea641d380f9aeac", "initials": "In", "type": "excellent", "rating": {"up": 9409, "neutral": 772, "down": 8, "positiveFeedbackRatio": 100}, "ordersCount": 10189, "issueInvoices": false, "deliveryTime": "automated"}, "isSelectedOffer": false, "isPromotedOffer": false, "type": "dropshipping", "prices": {"normal": {"price": "26.09", "discountPercent": "0", "discountAmount": "0.00", "basePrice": "26.09"}, "plus": {"price": "23.75", "suggestedPrice": "26.09", "discountPercent": "9", "discountAmount": "2.34", "basePrice": "23.75", "baseSuggestedPrice": "26.09"}}, "currency": "EUR", "offerType": "instant"}, {"offerID": "11710322", "offerUUID": "4fc66ce3-94a6-4751-bce2-f7ab6b174edb", "seller": {"id": "f74c2d89-9055-4bb6-ad00-c000dbb4a856", "name": "Superbkeys", "avatarUrl": "https://img.g2a.com/96x96/1x0x0/S4.png/4a8b4d3cb4d84c16ba274210", "initials": "Su", "type": "excellent", "rating": {"up": 6234, "neutral": 673, "down": 10, "positiveFeedbackRatio": 100}, "ordersCount": 6917, "issueInvoices": false, "deliveryTime": "automated"}, "isSelectedOffer": false, "isPromotedOffer": false, "type": "dropshipping", "prices": {"normal": {"price": "24.11", "discountPercent": "0", "discountAmount": "0.00", "basePrice": "24.11"}, "plus": {"price": "21.70", "suggestedPrice": "24.11", "discountPercent": "10", "discountAmount": "2.41", "basePrice": "21.70", "baseSuggestedPrice": "24.11"}}, "currency": "EUR", "offerType": "instant"}, {"offerID": "13036809", "offerUUID": "6eb1f344-5242-4467-a2c0-c6bf2e4e1654", "seller": {"id": "df6d1682-f4b1-447e-bafc-9608a3850d82", "name": "Games4world", "avatarUrl": "https://img.g2a.com/96x96/1x0x0/uarantee-badge-fast-delivery-logo-11563011011jf18lxafmj.png/8c2abdd9c0c14d10b05ddec2", "initials": "Ga", "type": "excellent", "rating": {"up": 3190, "neutral": 639, "down": 4, "positiveFeedbackRatio": 100}, "ordersCount": 3833, "issueInvoices": false, "deliveryTime": "automated"}, "isSelectedOffer": false, "isPromotedOffer": false, "type": "dropshipping", "prices": {"normal": {"price": "26.10", "discountPercent": "0", "discountAmount": "0.00", "basePrice": "26.10"}, "plus": {"price": "23.76", "suggestedPrice": "26.10", "discountPercent": "9", "discountAmount": "2.34", "basePrice": "23.76", "baseSuggestedPrice": "26.10"}}, "currency": "EUR", "offerType": "instant"}, {"offerID": "12258880", "offerUUID": "56b0a626-2273-4b30-93d0-83efaa59aeb5", "seller": {"id": "6075c220-a47c-4c12-a20a-3d3ceab378db", "name": "Gamesdivision", "avatarUrl": "https://img.g2a.com/96x96/1x0x0/G3.png/5f1bf9fe6e3b4f36bc66e372", "initials": "Ga", "type": "excellent", "rating": {"up": 1520, "neutral": 183, "down": 5, "positiveFeedbackRatio": 100}, "ordersCount": 1708, "issueInvoices": false, "deliveryTime": "automated"}, "isSelectedOffer": false, "isPromotedOffer": false, "type": "dropshipping", "prices": {"normal": {"price": "24.22", "discountPercent": "0", "discountAmount": "0.00", "basePrice": "24.22"}, "plus": {"price": "21.80", "suggestedPrice": "24.22", "discountPercent": "10", "discountAmount": "2.42", "basePrice": "21.80", "baseSuggestedPrice": "24.22"}}, "currency": "EUR", "offerType": "instant"}, {"offerID": "12558113", "offerUUID": "97e2e257-278b-4519-84ef-0981429d5623", "seller": {"id": "fbe071e1-b0cd-458a-ae46-fe1acfcfca74", "name": "Lancce", "avatarUrl": "https://img.g2a.com/96x96/1x0x0/a.png/1da518f98f4141bb9bd45820", "initials": "La", "type": "default", "rating": {"up": 150, "neutral": 24, "down": 0, "positiveFeedbackRatio": 100}, "ordersCount": 174, "issueInvoices": false, "deliveryTime": null}, "isSelectedOffer": false, "isPromotedOffer": false, "type": "dropshipping", "prices": {"normal": {"price": "23.99", "discountPercent": "0", "discountAmount": "0.00", "basePrice": "23.99"}, "plus": {"price": "21.59", "suggestedPrice": "23.99", "discountPercent": "10", "discountAmount": "2.40", "basePrice": "21.59", "baseSuggestedPrice": "23.99"}}, "currency": "EUR", "offerType": "instant"}, {"offerID": "13097917", "offerUUID": "d1fce809-a67b-4cd2-a326-5337e3a262f1", "seller": {"id": "e0c674d0-a7ec-41e4-bce0-7f8e5dc50cb4", "name": "Gameshop_for_you", "avatarUrl": "", "initials": "Ga", "type": "default", "rating": {"up": 329, "neutral": 18, "down": 31, "positiveFeedbackRatio": 91}, "ordersCount": 378, "issueInvoices": false, "deliveryTime": "automated"}, "isSelectedOffer": false, "isPromotedOffer": false, "type": "game", "prices": {"normal": {"price": "20.40", "discountPercent": "0", "discountAmount": "0.00", "basePrice": "20.40"}, "plus": {"price": "18.36", "suggestedPrice": "20.40", "discountPercent": "10", "discountAmount": "2.04", "basePrice": "18.36", "baseSuggestedPrice": "20.40"}}, "currency": "EUR", "offerType": "instant"}, {"offerID": "12765154", "offerUUID": "3a2e43bd-cfb5-49e8-bf90-501364fc68eb", "seller": {"id": "d2796833-fe69-4d02-80d8-7b53512bf14d", "name": "Softwaremedia", "avatarUrl": "https://img.g2a.com/96x96/1x0x0/steam-3372587_1280.png/4d10f05423d34ad98ebbd15d", "initials": "So", "type": "default", "rating": {"up": 8428, "neutral": 1906, "down": 1028, "positiveFeedbackRatio": 89}, "ordersCount": 11362, "issueInvoices": false, "deliveryTime": "automated"}, "isSelectedOffer": false, "isPromotedOffer": false, "type": "game", "prices": {"normal": {"price": "19.28", "discountPercent": "0", "discountAmount": "0.00", "basePrice": "19.28"}, "plus": {"price": "17.35", "suggestedPrice": "19.28", "discountPercent": "10", "discountAmount": "1.93", "basePrice": "17.35", "baseSuggestedPrice": "19.28"}}, "currency": "EUR", "offerType": "instant"}, {"offerID": "13148867", "offerUUID": "14c571f5-5bfb-4420-87e3-36f3088ede6a", "seller": {"id": "a33768fe-1ced-4c84-b34a-e4faf63e69a6", "name": "Natural_gaming", "avatarUrl": "", "initials": "Na", "type": "default", "rating": {"up": 0, "neutral": 0, "down": 0, "positiveFeedbackRatio": 0}, "ordersCount": 0, "issueInvoices": false, "deliveryTime": "automated"}, "isSelectedOffer": false, "isPromotedOffer": false, "type": "game", "prices": {"normal": {"price": "20.58", "discountPercent": "0", "discountAmount": "0.00", "basePrice": "20.58"}, "plus": {"price": "18.52", "suggestedPrice": "20.58", "discountPercent": "10", "discountAmount": "2.06", "basePrice": "18.52", "baseSuggestedPrice": "20.58"}}, "currency": "EUR", "offerType": "instant"}], "productType": "digital", "error": null}}