{"data": {"offers": [{"offerID": "13160427", "offerUUID": "b0517a7f-d6f1-479d-a9b0-51a58852081d", "seller": {"id": "0e4f2b59-2812-4e91-8f4b-42679e672297", "name": "Totalst", "avatarUrl": "", "initials": "To", "type": "default", "rating": {"up": 8, "neutral": 0, "down": 0, "positiveFeedbackRatio": 100}, "ordersCount": 8, "issueInvoices": false, "deliveryTime": "automated"}, "isSelectedOffer": false, "isPromotedOffer": false, "type": "game", "prices": {"normal": {"price": "12.23", "suggestedPrice": "24.99", "discountPercent": "51", "discountAmount": "12.76", "basePrice": "12.23", "baseSuggestedPrice": "24.99"}, "plus": {"price": "11.01", "suggestedPrice": "24.99", "discountPercent": "56", "discountAmount": "13.98", "basePrice": "11.01", "baseSuggestedPrice": "24.99"}}, "currency": "EUR", "offerType": "instant"}, {"offerID": "13157063", "offerUUID": "5b252bee-b8a0-4616-8d3b-5b83be18f684", "seller": {"id": "3aac3984-f3cc-4e77-9a89-770ccbf23757", "name": "Pegasus331", "avatarUrl": "", "initials": "Pe", "type": "default", "rating": {"up": 1, "neutral": 0, "down": 0, "positiveFeedbackRatio": 100}, "ordersCount": 1, "issueInvoices": false, "deliveryTime": null}, "isSelectedOffer": false, "isPromotedOffer": false, "type": "game", "prices": {"normal": {"price": "12.24", "suggestedPrice": "24.99", "discountPercent": "51", "discountAmount": "12.75", "basePrice": "12.24", "baseSuggestedPrice": "24.99"}, "plus": {"price": "11.02", "suggestedPrice": "24.99", "discountPercent": "56", "discountAmount": "13.97", "basePrice": "11.02", "baseSuggestedPrice": "24.99"}}, "currency": "EUR", "offerType": "instant"}, {"offerID": "13136197", "offerUUID": "ca41199e-7d32-42e9-bd4a-d9b38caccaf6", "seller": {"id": "7f133cb2-75d9-4caf-89bd-7f953f2da613", "name": "Digital_power", "avatarUrl": "https://img.g2a.com/96x96/1x0x0/like neon.png/6030033746177c63840b06b2", "initials": "Di", "type": "default", "rating": {"up": 121, "neutral": 7, "down": 3, "positiveFeedbackRatio": 98}, "ordersCount": 131, "issueInvoices": false, "deliveryTime": "automated"}, "isSelectedOffer": false, "isPromotedOffer": false, "type": "game", "prices": {"normal": {"price": "12.90", "suggestedPrice": "24.99", "discountPercent": "48", "discountAmount": "12.09", "basePrice": "12.90", "baseSuggestedPrice": "24.99"}, "plus": {"price": "11.61", "suggestedPrice": "24.99", "discountPercent": "54", "discountAmount": "13.38", "basePrice": "11.61", "baseSuggestedPrice": "24.99"}}, "currency": "EUR", "offerType": "instant"}, {"offerID": "13149868", "offerUUID": "64014cc3-1a88-4ae3-82ae-850851fc0727", "seller": {"id": "c2a726ad-b70e-4b13-b556-e964bffe1efc", "name": "Apath0", "avatarUrl": "", "initials": "Ap", "type": "default", "rating": {"up": 3, "neutral": 1, "down": 1, "positiveFeedbackRatio": 75}, "ordersCount": 5, "issueInvoices": false, "deliveryTime": "automated"}, "isSelectedOffer": false, "isPromotedOffer": false, "type": "game", "prices": {"normal": {"price": "12.61", "suggestedPrice": "24.99", "discountPercent": "50", "discountAmount": "12.38", "basePrice": "12.61", "baseSuggestedPrice": "24.99"}, "plus": {"price": "11.35", "suggestedPrice": "24.99", "discountPercent": "55", "discountAmount": "13.64", "basePrice": "11.35", "baseSuggestedPrice": "24.99"}}, "currency": "EUR", "offerType": "instant"}, {"offerID": "13133930", "offerUUID": "018c6354-9494-4041-9ea3-01d838b3e24a", "seller": {"id": "3492b364-df97-4463-ac37-e4ce8931aadb", "name": "Owne3d", "avatarUrl": "", "initials": "Ow", "type": "default", "rating": {"up": 3, "neutral": 0, "down": 1, "positiveFeedbackRatio": 75}, "ordersCount": 4, "issueInvoices": true, "deliveryTime": "automated"}, "isSelectedOffer": false, "isPromotedOffer": false, "type": "game", "prices": {"normal": {"price": "14.83", "suggestedPrice": "24.99", "discountPercent": "41", "discountAmount": "10.16", "basePrice": "14.83", "baseSuggestedPrice": "24.99"}, "plus": {"price": "13.35", "suggestedPrice": "24.99", "discountPercent": "47", "discountAmount": "11.64", "basePrice": "13.35", "baseSuggestedPrice": "24.99"}}, "currency": "EUR", "offerType": "instant"}, {"offerID": "13144197", "offerUUID": "d4967475-967f-41cc-b105-442f6536a3bd", "seller": {"id": "cff6c343-4634-4f28-ba3f-6aa78b28b7ee", "name": "Szorike", "avatarUrl": "", "initials": "Sz", "type": "default", "rating": {"up": 0, "neutral": 0, "down": 0, "positiveFeedbackRatio": 0}, "ordersCount": 0, "issueInvoices": false, "deliveryTime": "automated"}, "isSelectedOffer": false, "isPromotedOffer": false, "type": "game", "prices": {"normal": {"price": "12.63", "suggestedPrice": "24.99", "discountPercent": "49", "discountAmount": "12.36", "basePrice": "12.63", "baseSuggestedPrice": "24.99"}, "plus": {"price": "11.36", "suggestedPrice": "24.99", "discountPercent": "55", "discountAmount": "13.63", "basePrice": "11.36", "baseSuggestedPrice": "24.99"}}, "currency": "EUR", "offerType": "instant"}, {"offerID": "13150829", "offerUUID": "8e6a1ac5-20c6-49ee-b357-f5235afd8593", "seller": {"id": "782d68bf-b3c1-462d-bc94-5f0fcc732a20", "name": "Kevin1212", "avatarUrl": "", "initials": "Ke", "type": "default", "rating": {"up": 0, "neutral": 0, "down": 0, "positiveFeedbackRatio": 0}, "ordersCount": 0, "issueInvoices": false, "deliveryTime": null}, "isSelectedOffer": false, "isPromotedOffer": false, "type": "game", "prices": {"normal": {"price": "12.60", "suggestedPrice": "24.99", "discountPercent": "50", "discountAmount": "12.39", "basePrice": "12.60", "baseSuggestedPrice": "24.99"}, "plus": {"price": "11.34", "suggestedPrice": "24.99", "discountPercent": "55", "discountAmount": "13.65", "basePrice": "11.34", "baseSuggestedPrice": "24.99"}}, "currency": "EUR", "offerType": "instant"}, {"offerID": "13152049", "offerUUID": "2361c8a7-8393-476d-8cce-997dbdc37489", "seller": {"id": "a6693a26-838b-4ef3-8d10-61a152726d12", "name": "Zillagames", "avatarUrl": "", "initials": "Zi", "type": "default", "rating": {"up": 0, "neutral": 0, "down": 0, "positiveFeedbackRatio": 0}, "ordersCount": 0, "issueInvoices": false, "deliveryTime": "automated"}, "isSelectedOffer": false, "isPromotedOffer": false, "type": "game", "prices": {"normal": {"price": "12.59", "suggestedPrice": "24.99", "discountPercent": "50", "discountAmount": "12.40", "basePrice": "12.59", "baseSuggestedPrice": "24.99"}, "plus": {"price": "11.33", "suggestedPrice": "24.99", "discountPercent": "55", "discountAmount": "13.66", "basePrice": "11.33", "baseSuggestedPrice": "24.99"}}, "currency": "EUR", "offerType": "instant"}], "productType": "digital", "error": null}}