{"data": {"offers": [{"offerID": "12392549", "offerUUID": "a13d10bb-c779-4d7f-8fcd-db417ad3bcf4", "seller": {"id": "9db279e9-37bc-4bea-9282-d2a7ad64454d", "name": "Instant_delivery_global", "avatarUrl": "https://img.g2a.com/96x96/1x0x0/723d0af616b1fe7d5c7e56a3532be3cd.png/uVj83WkmVBFo2SziRYEn8a", "initials": "In", "type": "excellent", "rating": {"up": 9276, "neutral": 1002, "down": 244, "positiveFeedbackRatio": 97}, "ordersCount": 10522, "issueInvoices": false, "deliveryTime": "automated"}, "isSelectedOffer": false, "isPromotedOffer": true, "promotedOffer": {"campaignId": "70", "showId": "b30cd69d-33d0-482b-aa14-51e8042ccf8c", "requestId": "|EGJZCNJacSiW558x7boSE/G2sjxGENhdpVBD.AVXD6gda_mwXvpz.VVtEe1_", "skc": "unknown-skc"}, "type": "game", "prices": {"normal": {"price": "25.19", "suggestedPrice": "59.99", "discountPercent": "58", "discountAmount": "34.80", "basePrice": "25.19", "baseSuggestedPrice": "59.99"}, "plus": {"price": "22.69", "suggestedPrice": "59.99", "discountPercent": "62", "discountAmount": "37.30", "basePrice": "22.69", "baseSuggestedPrice": "59.99"}}, "currency": "EUR", "offerType": "instant"}, {"offerID": "12599130", "offerUUID": "a1711fc2-1235-41f5-98a9-35c49a5c2f04", "seller": {"id": "9c5b72dd-941b-46ed-91b2-65ef37169c97", "name": "Gamersuniverse", "avatarUrl": "https://img.g2a.com/96x96/1x0x0/GameUniverse.png/082c50251210454fbb2a26d0", "initials": "Ga", "type": "excellent", "rating": {"up": 75664, "neutral": 5547, "down": 245, "positiveFeedbackRatio": 100}, "ordersCount": 81456, "issueInvoices": false, "deliveryTime": "automated"}, "isSelectedOffer": false, "isPromotedOffer": false, "type": "dropshipping", "prices": {"normal": {"price": "15.14", "suggestedPrice": "59.99", "discountPercent": "75", "discountAmount": "44.85", "basePrice": "15.14", "baseSuggestedPrice": "59.99"}, "plus": {"price": "13.63", "suggestedPrice": "59.99", "discountPercent": "77", "discountAmount": "46.36", "basePrice": "13.63", "baseSuggestedPrice": "59.99"}}, "currency": "EUR", "offerType": "instant"}, {"offerID": "13073975", "offerUUID": "72bd5985-bc91-4c99-a0e9-ddf58a168ae7", "seller": {"id": "93a37575-e3bb-4b21-b36a-64fa3e888966", "name": "Games_factory", "avatarUrl": "https://img.g2a.com/96x96/1x0x0/logo2.jpg/c45e4f861a0c4078b285dff4", "initials": "Ga", "type": "excellent", "rating": {"up": 34690, "neutral": 2726, "down": 102, "positiveFeedbackRatio": 100}, "ordersCount": 37518, "issueInvoices": false, "deliveryTime": "automated"}, "isSelectedOffer": false, "isPromotedOffer": false, "type": "dropshipping", "prices": {"normal": {"price": "15.09", "suggestedPrice": "59.99", "discountPercent": "75", "discountAmount": "44.90", "basePrice": "15.09", "baseSuggestedPrice": "59.99"}, "plus": {"price": "13.58", "suggestedPrice": "59.99", "discountPercent": "77", "discountAmount": "46.41", "basePrice": "13.58", "baseSuggestedPrice": "59.99"}}, "currency": "EUR", "offerType": "instant"}, {"offerID": "13152335", "offerUUID": "e34af6a3-c82d-43fb-9f7a-0fdc39d7a723", "seller": {"id": "87a62671-876d-4963-947d-db0773420c53", "name": "Golden_games", "avatarUrl": "", "initials": "Go", "type": "excellent", "rating": {"up": 7178, "neutral": 77, "down": 2, "positiveFeedbackRatio": 100}, "ordersCount": 7257, "issueInvoices": false, "deliveryTime": "automated"}, "isSelectedOffer": false, "isPromotedOffer": false, "type": "game", "prices": {"normal": {"price": "14.08", "suggestedPrice": "59.99", "discountPercent": "77", "discountAmount": "45.91", "basePrice": "14.08", "baseSuggestedPrice": "59.99"}, "plus": {"price": "12.67", "suggestedPrice": "59.99", "discountPercent": "79", "discountAmount": "47.32", "basePrice": "12.67", "baseSuggestedPrice": "59.99"}}, "currency": "EUR", "offerType": "instant"}, {"offerID": "12599133", "offerUUID": "3cebf857-e742-4ded-82df-cdf60d32682e", "seller": {"id": "f74c2d89-9055-4bb6-ad00-c000dbb4a856", "name": "Superbkeys", "avatarUrl": "https://img.g2a.com/96x96/1x0x0/S4.png/4a8b4d3cb4d84c16ba274210", "initials": "Su", "type": "excellent", "rating": {"up": 6223, "neutral": 672, "down": 12, "positiveFeedbackRatio": 100}, "ordersCount": 6907, "issueInvoices": false, "deliveryTime": "automated"}, "isSelectedOffer": false, "isPromotedOffer": false, "type": "dropshipping", "prices": {"normal": {"price": "15.57", "suggestedPrice": "59.99", "discountPercent": "74", "discountAmount": "44.42", "basePrice": "15.57", "baseSuggestedPrice": "59.99"}, "plus": {"price": "14.01", "suggestedPrice": "59.99", "discountPercent": "77", "discountAmount": "45.98", "basePrice": "14.01", "baseSuggestedPrice": "59.99"}}, "currency": "EUR", "offerType": "instant"}, {"offerID": "12389439", "offerUUID": "f41c77d4-3b00-4a4f-83af-4c14f0eb6f9c", "seller": {"id": "a173843b-d3d2-46c4-9042-7ce85e84b1ce", "name": "Specialized", "avatarUrl": "https://img.g2a.com/96x96/1x0x0/\u0421\u043d\u0438\u043c\u043e\u043a \u044d\u043a\u0440\u0430\u043d\u0430 2021-07-06 \u0432 15.09.01.png/3e59416c840749abb98c3cc0", "initials": "Sp", "type": "excellent", "rating": {"up": 4870, "neutral": 416, "down": 13, "positiveFeedbackRatio": 100}, "ordersCount": 5299, "issueInvoices": false, "deliveryTime": "automated"}, "isSelectedOffer": false, "isPromotedOffer": false, "type": "game", "prices": {"normal": {"price": "19.99", "suggestedPrice": "59.99", "discountPercent": "67", "discountAmount": "40.00", "basePrice": "19.99", "baseSuggestedPrice": "59.99"}, "plus": {"price": "17.99", "suggestedPrice": "59.99", "discountPercent": "70", "discountAmount": "42.00", "basePrice": "17.99", "baseSuggestedPrice": "59.99"}}, "currency": "EUR", "offerType": "instant"}, {"offerID": "13158579", "offerUUID": "c9158708-13e8-48e3-b416-3c3e212c04e0", "seller": {"id": "8166753e-8645-4d4a-b0f9-4f8a92178c6e", "name": "Prestige_worldwide", "avatarUrl": "https://img.g2a.com/96x96/1x0x0/51bfzi5yUZL._AC_.jpg/602fd90146177c290c4f8e42", "initials": "Pr", "type": "excellent", "rating": {"up": 2559, "neutral": 103, "down": 1, "positiveFeedbackRatio": 100}, "ordersCount": 2663, "issueInvoices": false, "deliveryTime": "automated"}, "isSelectedOffer": false, "isPromotedOffer": false, "type": "game", "prices": {"normal": {"price": "14.08", "suggestedPrice": "59.99", "discountPercent": "77", "discountAmount": "45.91", "basePrice": "14.08", "baseSuggestedPrice": "59.99"}, "plus": {"price": "12.67", "suggestedPrice": "59.99", "discountPercent": "79", "discountAmount": "47.32", "basePrice": "12.67", "baseSuggestedPrice": "59.99"}}, "currency": "EUR", "offerType": "instant"}, {"offerID": "12413322", "offerUUID": "3ee5f8ba-f645-463b-9471-38aca3c3712c", "seller": {"id": "40082490-9956-43a9-8646-996373fc736c", "name": "Savedgames", "avatarUrl": "", "initials": "Sa", "type": "excellent", "rating": {"up": 1957, "neutral": 175, "down": 3, "positiveFeedbackRatio": 100}, "ordersCount": 2135, "issueInvoices": true, "deliveryTime": "automated"}, "isSelectedOffer": false, "isPromotedOffer": false, "type": "game", "prices": {"normal": {"price": "16.65", "suggestedPrice": "59.99", "discountPercent": "72", "discountAmount": "43.34", "basePrice": "16.65", "baseSuggestedPrice": "59.99"}, "plus": {"price": "14.99", "suggestedPrice": "59.99", "discountPercent": "75", "discountAmount": "45.00", "basePrice": "14.99", "baseSuggestedPrice": "59.99"}}, "currency": "EUR", "offerType": "instant"}, {"offerID": "13136229", "offerUUID": "d948d5cf-6fed-4e9b-8ffd-cf5bed2f62d4", "seller": {"id": "d4d66234-acdc-43df-ad22-d39ac8168528", "name": "Trusted_keys_rep", "avatarUrl": "", "initials": "Tr", "type": "excellent", "rating": {"up": 1845, "neutral": 16, "down": 6, "positiveFeedbackRatio": 100}, "ordersCount": 1867, "issueInvoices": false, "deliveryTime": "automated"}, "isSelectedOffer": false, "isPromotedOffer": false, "type": "game", "prices": {"normal": {"price": "14.04", "suggestedPrice": "59.99", "discountPercent": "77", "discountAmount": "45.95", "basePrice": "14.04", "baseSuggestedPrice": "59.99"}, "plus": {"price": "12.64", "suggestedPrice": "59.99", "discountPercent": "79", "discountAmount": "47.35", "basePrice": "12.64", "baseSuggestedPrice": "59.99"}}, "currency": "EUR", "offerType": "instant"}, {"offerID": "12599131", "offerUUID": "47c75480-1d7d-467c-b805-ec19944479af", "seller": {"id": "6075c220-a47c-4c12-a20a-3d3ceab378db", "name": "Gamesdivision", "avatarUrl": "https://img.g2a.com/96x96/1x0x0/G3.png/5f1bf9fe6e3b4f36bc66e372", "initials": "Ga", "type": "excellent", "rating": {"up": 1519, "neutral": 183, "down": 5, "positiveFeedbackRatio": 100}, "ordersCount": 1707, "issueInvoices": false, "deliveryTime": "automated"}, "isSelectedOffer": false, "isPromotedOffer": false, "type": "dropshipping", "prices": {"normal": {"price": "15.65", "suggestedPrice": "59.99", "discountPercent": "74", "discountAmount": "44.34", "basePrice": "15.65", "baseSuggestedPrice": "59.99"}, "plus": {"price": "14.09", "suggestedPrice": "59.99", "discountPercent": "77", "discountAmount": "45.90", "basePrice": "14.09", "baseSuggestedPrice": "59.99"}}, "currency": "EUR", "offerType": "instant"}, {"offerID": "12918004", "offerUUID": "8cca09ab-c84c-41c0-84d0-b31e6a88ec73", "seller": {"id": "6e8329d4-bda3-4623-9a31-3e04305ee0ee", "name": "Luckypickercom", "avatarUrl": "https://img.g2a.com/96x96/1x0x0/favicon-lucky.png/48JdLQWJh5EPxH9cA9kJKd", "initials": "Lu", "type": "excellent", "rating": {"up": 1513, "neutral": 63, "down": 2, "positiveFeedbackRatio": 100}, "ordersCount": 1578, "issueInvoices": false, "deliveryTime": "automated"}, "isSelectedOffer": false, "isPromotedOffer": false, "type": "dropshipping", "prices": {"normal": {"price": "16.44", "suggestedPrice": "59.99", "discountPercent": "73", "discountAmount": "43.55", "basePrice": "16.44", "baseSuggestedPrice": "59.99"}, "plus": {"price": "14.80", "suggestedPrice": "59.99", "discountPercent": "75", "discountAmount": "45.19", "basePrice": "14.80", "baseSuggestedPrice": "59.99"}}, "currency": "EUR", "offerType": "instant"}, {"offerID": "13082021", "offerUUID": "33f0044d-cb8f-497a-a4fe-eb9a3cdea047", "seller": {"id": "f8f29384-f15b-4343-89b2-b0ddcf93eaf2", "name": "Sg_store", "avatarUrl": "https://img.g2a.com/96x96/1x0x0/20210911_194349_0000.png/96c810be09d5491697075886", "initials": "Sg", "type": "excellent", "rating": {"up": 1216, "neutral": 41, "down": 0, "positiveFeedbackRatio": 100}, "ordersCount": 1257, "issueInvoices": false, "deliveryTime": "automated"}, "isSelectedOffer": false, "isPromotedOffer": false, "type": "game", "prices": {"normal": {"price": "19.41", "suggestedPrice": "59.99", "discountPercent": "68", "discountAmount": "40.58", "basePrice": "19.41", "baseSuggestedPrice": "59.99"}, "plus": {"price": "17.47", "suggestedPrice": "59.99", "discountPercent": "71", "discountAmount": "42.52", "basePrice": "17.47", "baseSuggestedPrice": "59.99"}}, "currency": "EUR", "offerType": "instant"}, {"offerID": "13135094", "offerUUID": "998011bc-38f5-466f-9ea4-d82cdc2a125e", "seller": {"id": "f362a102-ffe0-4c83-9ef4-ac4365f57ede", "name": "Megacode", "avatarUrl": "https://img.g2a.com/96x96/1x0x0/Megacode2.png/a9973acabac949e394cb0286", "initials": "Me", "type": "default", "rating": {"up": 428, "neutral": 8, "down": 0, "positiveFeedbackRatio": 100}, "ordersCount": 436, "issueInvoices": false, "deliveryTime": "automated"}, "isSelectedOffer": false, "isPromotedOffer": false, "type": "game", "prices": {"normal": {"price": "14.08", "suggestedPrice": "59.99", "discountPercent": "77", "discountAmount": "45.91", "basePrice": "14.08", "baseSuggestedPrice": "59.99"}, "plus": {"price": "12.67", "suggestedPrice": "59.99", "discountPercent": "79", "discountAmount": "47.32", "basePrice": "12.67", "baseSuggestedPrice": "59.99"}}, "currency": "EUR", "offerType": "instant"}, {"offerID": "12385359", "offerUUID": "3eb65d35-ee9f-4065-bdd7-e77a7fe130a7", "seller": {"id": "fb01a26f-2e4e-4dc5-bf47-2be55300b953", "name": "Games2own", "avatarUrl": "", "initials": "Ga", "type": "default", "rating": {"up": 369, "neutral": 39, "down": 0, "positiveFeedbackRatio": 100}, "ordersCount": 408, "issueInvoices": false, "deliveryTime": "automated"}, "isSelectedOffer": false, "isPromotedOffer": false, "type": "game", "prices": {"normal": {"price": "16.00", "suggestedPrice": "59.99", "discountPercent": "73", "discountAmount": "43.99", "basePrice": "16.00", "baseSuggestedPrice": "59.99"}, "plus": {"price": "14.40", "suggestedPrice": "59.99", "discountPercent": "76", "discountAmount": "45.59", "basePrice": "14.40", "baseSuggestedPrice": "59.99"}}, "currency": "EUR", "offerType": "instant"}, {"offerID": "13140152", "offerUUID": "409667fb-8b88-4f03-8c5b-20722116539e", "seller": {"id": "6c5ab025-1211-430c-a49e-38436456161a", "name": "Arcgames", "avatarUrl": "https://img.g2a.com/96x96/1x0x0/android-chrome-192x192.png/602be5947e696c3eec39cd92", "initials": "Ar", "type": "default", "rating": {"up": 365, "neutral": 15, "down": 0, "positiveFeedbackRatio": 100}, "ordersCount": 380, "issueInvoices": false, "deliveryTime": "automated"}, "isSelectedOffer": false, "isPromotedOffer": false, "type": "game", "prices": {"normal": {"price": "15.10", "suggestedPrice": "59.99", "discountPercent": "75", "discountAmount": "44.89", "basePrice": "15.10", "baseSuggestedPrice": "59.99"}, "plus": {"price": "13.59", "suggestedPrice": "59.99", "discountPercent": "77", "discountAmount": "46.40", "basePrice": "13.59", "baseSuggestedPrice": "59.99"}}, "currency": "EUR", "offerType": "instant"}, {"offerID": "12599132", "offerUUID": "944a6e47-34ac-4523-9016-4b7d689982dd", "seller": {"id": "fbe071e1-b0cd-458a-ae46-fe1acfcfca74", "name": "Lancce", "avatarUrl": "https://img.g2a.com/96x96/1x0x0/a.png/1da518f98f4141bb9bd45820", "initials": "La", "type": "default", "rating": {"up": 151, "neutral": 24, "down": 0, "positiveFeedbackRatio": 100}, "ordersCount": 175, "issueInvoices": false, "deliveryTime": null}, "isSelectedOffer": false, "isPromotedOffer": false, "type": "dropshipping", "prices": {"normal": {"price": "15.50", "suggestedPrice": "59.99", "discountPercent": "74", "discountAmount": "44.49", "basePrice": "15.50", "baseSuggestedPrice": "59.99"}, "plus": {"price": "13.95", "suggestedPrice": "59.99", "discountPercent": "77", "discountAmount": "46.04", "basePrice": "13.95", "baseSuggestedPrice": "59.99"}}, "currency": "EUR", "offerType": "instant"}, {"offerID": "13133952", "offerUUID": "80d887e3-aa3b-4549-b6de-28e79a5be4ec", "seller": {"id": "eb49f06d-d3e5-4e28-ad56-ac4e3e29b8ef", "name": "Joe1121", "avatarUrl": "", "initials": "Jo", "type": "default", "rating": {"up": 4, "neutral": 0, "down": 0, "positiveFeedbackRatio": 100}, "ordersCount": 4, "issueInvoices": false, "deliveryTime": null}, "isSelectedOffer": false, "isPromotedOffer": false, "type": "game", "prices": {"normal": {"price": "15.11", "suggestedPrice": "59.99", "discountPercent": "75", "discountAmount": "44.88", "basePrice": "15.11", "baseSuggestedPrice": "59.99"}, "plus": {"price": "13.60", "suggestedPrice": "59.99", "discountPercent": "77", "discountAmount": "46.39", "basePrice": "13.60", "baseSuggestedPrice": "59.99"}}, "currency": "EUR", "offerType": "instant"}, {"offerID": "13141833", "offerUUID": "34064863-647d-4945-aa58-50b76c23ba9a", "seller": {"id": "bfdec014-819f-4627-b3f0-ff9f2757c43e", "name": "Fbigummy", "avatarUrl": "", "initials": "Fb", "type": "default", "rating": {"up": 1, "neutral": 0, "down": 0, "positiveFeedbackRatio": 100}, "ordersCount": 1, "issueInvoices": false, "deliveryTime": null}, "isSelectedOffer": false, "isPromotedOffer": false, "type": "game", "prices": {"normal": {"price": "18.26", "suggestedPrice": "59.99", "discountPercent": "70", "discountAmount": "41.73", "basePrice": "18.26", "baseSuggestedPrice": "59.99"}, "plus": {"price": "16.43", "suggestedPrice": "59.99", "discountPercent": "73", "discountAmount": "43.56", "basePrice": "16.43", "baseSuggestedPrice": "59.99"}}, "currency": "EUR", "offerType": "instant"}, {"offerID": "12455305", "offerUUID": "bce25a4e-af5c-4076-b062-bf1072d186e8", "seller": {"id": "e578112e-2989-42e0-89e3-94275a1b11c4", "name": "Sacrifice_shop", "avatarUrl": "", "initials": "Sa", "type": "excellent", "rating": {"up": 3843, "neutral": 344, "down": 24, "positiveFeedbackRatio": 99}, "ordersCount": 4211, "issueInvoices": false, "deliveryTime": "automated"}, "isSelectedOffer": true, "isPromotedOffer": false, "type": "game", "prices": {"normal": {"price": "21.29", "suggestedPrice": "59.99", "discountPercent": "65", "discountAmount": "38.70", "basePrice": "21.29", "baseSuggestedPrice": "59.99"}, "plus": {"price": "19.16", "suggestedPrice": "59.99", "discountPercent": "68", "discountAmount": "40.83", "basePrice": "19.16", "baseSuggestedPrice": "59.99"}}, "currency": "EUR", "offerType": "instant"}, {"offerID": "12762628", "offerUUID": "d7bbc3e8-fe72-46e7-bf98-ccd442a15903", "seller": {"id": "63d6ccaf-1cf4-4a23-96bd-20a638b278da", "name": "Royalco", "avatarUrl": "https://img.g2a.com/96x96/1x0x0/RC 100x100.png/602bf8637e696c7e98186dc2", "initials": "Ro", "type": "default", "rating": {"up": 818, "neutral": 195, "down": 8, "positiveFeedbackRatio": 99}, "ordersCount": 1021, "issueInvoices": false, "deliveryTime": "automated"}, "isSelectedOffer": false, "isPromotedOffer": false, "type": "dropshipping", "prices": {"normal": {"price": "16.82", "suggestedPrice": "59.99", "discountPercent": "72", "discountAmount": "43.17", "basePrice": "16.82", "baseSuggestedPrice": "59.99"}, "plus": {"price": "15.14", "suggestedPrice": "59.99", "discountPercent": "75", "discountAmount": "44.85", "basePrice": "15.14", "baseSuggestedPrice": "59.99"}}, "currency": "EUR", "offerType": "instant"}, {"offerID": "13128024", "offerUUID": "043f4be6-6a11-4718-a5c8-fd3cca61ceba", "seller": {"id": "2c3ad7a3-b5bd-430b-bcb1-6b99ba479d86", "name": "Egames_empire", "avatarUrl": "", "initials": "Eg", "type": "default", "rating": {"up": 734, "neutral": 46, "down": 10, "positiveFeedbackRatio": 99}, "ordersCount": 790, "issueInvoices": false, "deliveryTime": "automated"}, "isSelectedOffer": false, "isPromotedOffer": false, "type": "game", "prices": {"normal": {"price": "15.11", "suggestedPrice": "59.99", "discountPercent": "75", "discountAmount": "44.88", "basePrice": "15.11", "baseSuggestedPrice": "59.99"}, "plus": {"price": "13.60", "suggestedPrice": "59.99", "discountPercent": "77", "discountAmount": "46.39", "basePrice": "13.60", "baseSuggestedPrice": "59.99"}}, "currency": "EUR", "offerType": "instant"}, {"offerID": "13071495", "offerUUID": "dcd1d641-3294-4c13-bd2f-a4836d183222", "seller": {"id": "82dc8dc7-2661-413d-a0d7-85ead83ac94a", "name": "B2b_digital_codes", "avatarUrl": "https://img.g2a.com/96x96/1x0x0/love-speech-bubble-neon-sign-vector-23390994.jpg/602ce20d46177c2625218092", "initials": "B2", "type": "default", "rating": {"up": 263, "neutral": 22, "down": 2, "positiveFeedbackRatio": 99}, "ordersCount": 287, "issueInvoices": false, "deliveryTime": "automated"}, "isSelectedOffer": false, "isPromotedOffer": false, "type": "game", "prices": {"normal": {"price": "23.81", "suggestedPrice": "59.99", "discountPercent": "60", "discountAmount": "36.18", "basePrice": "23.81", "baseSuggestedPrice": "59.99"}, "plus": {"price": "21.43", "suggestedPrice": "59.99", "discountPercent": "64", "discountAmount": "38.56", "basePrice": "21.43", "baseSuggestedPrice": "59.99"}}, "currency": "EUR", "offerType": "instant"}, {"offerID": "12940005", "offerUUID": "e5379124-27db-4735-a6c1-89db1ec9309f", "seller": {"id": "face215a-9da3-414f-84e4-6c630f12c768", "name": "Aaa_games_for_you", "avatarUrl": "https://img.g2a.com/96x96/1x0x0/logo-d4-648f2299fd6cdd15.png/6061daa846177c40072955f2", "initials": "Aa", "type": "default", "rating": {"up": 658, "neutral": 65, "down": 14, "positiveFeedbackRatio": 98}, "ordersCount": 737, "issueInvoices": true, "deliveryTime": "automated"}, "isSelectedOffer": false, "isPromotedOffer": false, "type": "game", "prices": {"normal": {"price": "24.02", "suggestedPrice": "59.99", "discountPercent": "60", "discountAmount": "35.97", "basePrice": "24.02", "baseSuggestedPrice": "59.99"}, "plus": {"price": "21.62", "suggestedPrice": "59.99", "discountPercent": "64", "discountAmount": "38.37", "basePrice": "21.62", "baseSuggestedPrice": "59.99"}}, "currency": "EUR", "offerType": "instant"}, {"offerID": "12391465", "offerUUID": "859d1425-6baa-4a1c-8a14-f1d6071aa1b5", "seller": {"id": "5af9616e-8b58-4ba3-b88e-65dfb2f78ae6", "name": "Scdkey", "avatarUrl": "", "initials": "Sc", "type": "default", "rating": {"up": 938, "neutral": 4, "down": 46, "positiveFeedbackRatio": 95}, "ordersCount": 988, "issueInvoices": false, "deliveryTime": "automated"}, "isSelectedOffer": false, "isPromotedOffer": false, "type": "game", "prices": {"normal": {"price": "38.03", "suggestedPrice": "59.99", "discountPercent": "37", "discountAmount": "21.96", "basePrice": "38.03", "baseSuggestedPrice": "59.99"}, "plus": {"price": "34.99", "suggestedPrice": "59.99", "discountPercent": "42", "discountAmount": "25.00", "basePrice": "34.99", "baseSuggestedPrice": "59.99"}}, "currency": "EUR", "offerType": "instant"}, {"offerID": "13161889", "offerUUID": "c336e618-b473-4ffc-8863-4f649fbb6a57", "seller": {"id": "c8efeb3f-9466-455a-a5cc-a22ff8521929", "name": "Ncbr233", "avatarUrl": "", "initials": "Nc", "type": "default", "rating": {"up": 0, "neutral": 0, "down": 0, "positiveFeedbackRatio": 0}, "ordersCount": 0, "issueInvoices": false, "deliveryTime": null}, "isSelectedOffer": false, "isPromotedOffer": false, "type": "game", "prices": {"normal": {"price": "13.63", "suggestedPrice": "59.99", "discountPercent": "77", "discountAmount": "46.36", "basePrice": "13.63", "baseSuggestedPrice": "59.99"}, "plus": {"price": "12.27", "suggestedPrice": "59.99", "discountPercent": "80", "discountAmount": "47.72", "basePrice": "12.27", "baseSuggestedPrice": "59.99"}}, "currency": "EUR", "offerType": "instant"}, {"offerID": "13149865", "offerUUID": "70c04a16-4620-405d-ba55-fb7aa12650f9", "seller": {"id": "d76af489-6f9d-4964-8ada-c4da205e2d27", "name": "Lord_drozd", "avatarUrl": "", "initials": "Lo", "type": "default", "rating": {"up": 0, "neutral": 0, "down": 0, "positiveFeedbackRatio": 0}, "ordersCount": 0, "issueInvoices": false, "deliveryTime": null}, "isSelectedOffer": false, "isPromotedOffer": false, "type": "game", "prices": {"normal": {"price": "14.08", "suggestedPrice": "59.99", "discountPercent": "77", "discountAmount": "45.91", "basePrice": "14.08", "baseSuggestedPrice": "59.99"}, "plus": {"price": "12.67", "suggestedPrice": "59.99", "discountPercent": "79", "discountAmount": "47.32", "basePrice": "12.67", "baseSuggestedPrice": "59.99"}}, "currency": "EUR", "offerType": "instant"}, {"offerID": "13140538", "offerUUID": "9373ceac-630d-426b-b134-54fd90a9442b", "seller": {"id": "d6f44746-158b-48c9-9d7d-dd9e82a7f200", "name": "James4170", "avatarUrl": "", "initials": "Ja", "type": "default", "rating": {"up": 0, "neutral": 0, "down": 0, "positiveFeedbackRatio": 0}, "ordersCount": 0, "issueInvoices": false, "deliveryTime": "automated"}, "isSelectedOffer": false, "isPromotedOffer": false, "type": "game", "prices": {"normal": {"price": "14.20", "suggestedPrice": "59.99", "discountPercent": "76", "discountAmount": "45.79", "basePrice": "14.20", "baseSuggestedPrice": "59.99"}, "plus": {"price": "12.78", "suggestedPrice": "59.99", "discountPercent": "79", "discountAmount": "47.21", "basePrice": "12.78", "baseSuggestedPrice": "59.99"}}, "currency": "EUR", "offerType": "instant"}, {"offerID": "13147047", "offerUUID": "812699da-cb9a-49dc-b650-6dc1a36e817c", "seller": {"id": "ad2e05ee-3a2f-47e5-ab0d-de5e774ac185", "name": "Tclavell", "avatarUrl": "", "initials": "Tc", "type": "default", "rating": {"up": 0, "neutral": 0, "down": 0, "positiveFeedbackRatio": 0}, "ordersCount": 0, "issueInvoices": false, "deliveryTime": null}, "isSelectedOffer": false, "isPromotedOffer": false, "type": "game", "prices": {"normal": {"price": "17.17", "suggestedPrice": "59.99", "discountPercent": "71", "discountAmount": "42.82", "basePrice": "17.17", "baseSuggestedPrice": "59.99"}, "plus": {"price": "15.45", "suggestedPrice": "59.99", "discountPercent": "74", "discountAmount": "44.54", "basePrice": "15.45", "baseSuggestedPrice": "59.99"}}, "currency": "EUR", "offerType": "instant"}], "productType": "digital", "error": null}}