{"data": {"offers": [{"offerID": "13161568", "offerUUID": "6cb57c2f-fcc9-466d-b4d1-cbca3d025e20", "seller": {"id": "9c5b72dd-941b-46ed-91b2-65ef37169c97", "name": "Gamersuniverse", "avatarUrl": "https://img.g2a.com/96x96/1x0x0/GameUniverse.png/082c50251210454fbb2a26d0", "initials": "Ga", "type": "excellent", "rating": {"up": 75666, "neutral": 5547, "down": 245, "positiveFeedbackRatio": 100}, "ordersCount": 81458, "issueInvoices": false, "deliveryTime": "automated"}, "isSelectedOffer": false, "isPromotedOffer": false, "type": "dropshipping", "prices": {"normal": {"price": "62.72", "discountPercent": "0", "discountAmount": "0.00", "basePrice": "62.72"}, "plus": {"price": "62.72", "discountPercent": "0", "discountAmount": "0.00", "basePrice": "62.72"}}, "currency": "EUR", "offerType": "instant"}, {"offerID": "13161569", "offerUUID": "883de116-40b0-4d9a-a179-66181a1ebf8f", "seller": {"id": "f74c2d89-9055-4bb6-ad00-c000dbb4a856", "name": "Superbkeys", "avatarUrl": "https://img.g2a.com/96x96/1x0x0/S4.png/4a8b4d3cb4d84c16ba274210", "initials": "Su", "type": "excellent", "rating": {"up": 6223, "neutral": 672, "down": 12, "positiveFeedbackRatio": 100}, "ordersCount": 6907, "issueInvoices": false, "deliveryTime": "automated"}, "isSelectedOffer": false, "isPromotedOffer": false, "type": "dropshipping", "prices": {"normal": {"price": "64.97", "discountPercent": "0", "discountAmount": "0.00", "basePrice": "64.97"}, "plus": {"price": "64.97", "discountPercent": "0", "discountAmount": "0.00", "basePrice": "64.97"}}, "currency": "EUR", "offerType": "instant"}, {"offerID": "13150362", "offerUUID": "c3978ccd-b7c5-484d-80a2-ba0b3afe6f39", "seller": {"id": "14e23c3f-98ab-4083-973a-66bf5730d9fb", "name": "Mmogoldshop", "avatarUrl": "https://img.g2a.com/96x96/1x0x0/M.jpg/600af0497e696c440c346732", "initials": "Mm", "type": "excellent", "rating": {"up": 5115, "neutral": 376, "down": 8, "positiveFeedbackRatio": 100}, "ordersCount": 5499, "issueInvoices": false, "deliveryTime": "automated"}, "isSelectedOffer": false, "isPromotedOffer": false, "type": "dropshipping", "prices": {"normal": {"price": "55.00", "suggestedPrice": "59.99", "discountPercent": "8", "discountAmount": "4.99", "basePrice": "55.00", "baseSuggestedPrice": "59.99"}, "plus": {"price": "55.00", "suggestedPrice": "59.99", "discountPercent": "8", "discountAmount": "4.99", "basePrice": "55.00", "baseSuggestedPrice": "59.99"}}, "currency": "EUR", "offerType": "instant"}, {"offerID": "13161565", "offerUUID": "2a6e9232-bb8e-4a22-8399-a4cedf93018e", "seller": {"id": "6075c220-a47c-4c12-a20a-3d3ceab378db", "name": "Gamesdivision", "avatarUrl": "https://img.g2a.com/96x96/1x0x0/G3.png/5f1bf9fe6e3b4f36bc66e372", "initials": "Ga", "type": "excellent", "rating": {"up": 1519, "neutral": 183, "down": 5, "positiveFeedbackRatio": 100}, "ordersCount": 1707, "issueInvoices": false, "deliveryTime": "automated"}, "isSelectedOffer": false, "isPromotedOffer": false, "type": "dropshipping", "prices": {"normal": {"price": "65.28", "discountPercent": "0", "discountAmount": "0.00", "basePrice": "65.28"}, "plus": {"price": "65.28", "discountPercent": "0", "discountAmount": "0.00", "basePrice": "65.28"}}, "currency": "EUR", "offerType": "instant"}, {"offerID": "13161566", "offerUUID": "5eb5c122-1958-413c-a5e1-48e32b3c3a50", "seller": {"id": "fbe071e1-b0cd-458a-ae46-fe1acfcfca74", "name": "Lancce", "avatarUrl": "https://img.g2a.com/96x96/1x0x0/a.png/1da518f98f4141bb9bd45820", "initials": "La", "type": "default", "rating": {"up": 151, "neutral": 24, "down": 0, "positiveFeedbackRatio": 100}, "ordersCount": 175, "issueInvoices": false, "deliveryTime": null}, "isSelectedOffer": false, "isPromotedOffer": false, "type": "dropshipping", "prices": {"normal": {"price": "64.65", "discountPercent": "0", "discountAmount": "0.00", "basePrice": "64.65"}, "plus": {"price": "64.65", "discountPercent": "0", "discountAmount": "0.00", "basePrice": "64.65"}}, "currency": "EUR", "offerType": "instant"}], "productType": "digital", "error": null}}