{"data": {"offers": [{"offerID": "13125483", "offerUUID": "d3a18f22-4ef0-4e43-b8df-2ca84906eb26", "seller": {"id": "93a37575-e3bb-4b21-b36a-64fa3e888966", "name": "Games_factory", "avatarUrl": "https://img.g2a.com/96x96/1x0x0/logo2.jpg/c45e4f861a0c4078b285dff4", "initials": "Ga", "type": "excellent", "rating": {"up": 34690, "neutral": 2726, "down": 102, "positiveFeedbackRatio": 100}, "ordersCount": 37518, "issueInvoices": false, "deliveryTime": "automated"}, "isSelectedOffer": false, "isPromotedOffer": false, "type": "dropshipping", "prices": {"normal": {"price": "14.34", "discountPercent": "0", "discountAmount": "0.00", "basePrice": "14.34"}, "plus": {"price": "12.91", "suggestedPrice": "13.99", "discountPercent": "8", "discountAmount": "1.08", "basePrice": "12.91", "baseSuggestedPrice": "13.99"}}, "currency": "EUR", "offerType": "instant"}, {"offerID": "12959374", "offerUUID": "ada49f6c-521a-4560-bad5-eb66bead90aa", "seller": {"id": "dabd25fb-f026-4d09-96b0-cbbc2b36dc1a", "name": "Instant_game", "avatarUrl": "https://img.g2a.com/96x96/1x0x0/instant-gaming-logo.png/1b629b69bea641d380f9aeac", "initials": "In", "type": "excellent", "rating": {"up": 9422, "neutral": 772, "down": 10, "positiveFeedbackRatio": 100}, "ordersCount": 10204, "issueInvoices": false, "deliveryTime": "automated"}, "isSelectedOffer": false, "isPromotedOffer": false, "type": "dropshipping", "prices": {"normal": {"price": "3.08", "suggestedPrice": "13.99", "discountPercent": "78", "discountAmount": "10.91", "basePrice": "3.08", "baseSuggestedPrice": "13.99"}, "plus": {"price": "2.78", "suggestedPrice": "13.99", "discountPercent": "80", "discountAmount": "11.21", "basePrice": "2.78", "baseSuggestedPrice": "13.99"}}, "currency": "EUR", "offerType": "instant"}, {"offerID": "13140161", "offerUUID": "e4e4b99d-bb7a-474a-9121-eecc331d58ac", "seller": {"id": "7ee85a85-32e5-4741-aeff-bede00e135a0", "name": "Fun_keys", "avatarUrl": "https://img.g2a.com/96x96/1x0x0/33.jpg/60313c5b46177c4151397092", "initials": "Fu", "type": "excellent", "rating": {"up": 7812, "neutral": 53, "down": 1, "positiveFeedbackRatio": 100}, "ordersCount": 7866, "issueInvoices": false, "deliveryTime": "automated"}, "isSelectedOffer": false, "isPromotedOffer": false, "type": "game", "prices": {"normal": {"price": "2.55", "suggestedPrice": "13.99", "discountPercent": "82", "discountAmount": "11.44", "basePrice": "2.55", "baseSuggestedPrice": "13.99"}, "plus": {"price": "2.29", "suggestedPrice": "13.99", "discountPercent": "84", "discountAmount": "11.70", "basePrice": "2.29", "baseSuggestedPrice": "13.99"}}, "currency": "EUR", "offerType": "instant"}, {"offerID": "12916669", "offerUUID": "4a213fcb-29b5-4d69-800e-12623259ac7a", "seller": {"id": "ac21aa10-8dc7-40da-a759-a7a67f454a73", "name": "Goty_digital", "avatarUrl": "https://img.g2a.com/96x96/1x0x0/GOTY LOGO 2.png/602567c87e696c310b232a02", "initials": "Go", "type": "excellent", "rating": {"up": 3331, "neutral": 77, "down": 3, "positiveFeedbackRatio": 100}, "ordersCount": 3411, "issueInvoices": false, "deliveryTime": "automated"}, "isSelectedOffer": false, "isPromotedOffer": false, "type": "game", "prices": {"normal": {"price": "10.92", "suggestedPrice": "13.99", "discountPercent": "22", "discountAmount": "3.07", "basePrice": "10.92", "baseSuggestedPrice": "13.99"}, "plus": {"price": "9.83", "suggestedPrice": "13.99", "discountPercent": "30", "discountAmount": "4.16", "basePrice": "9.83", "baseSuggestedPrice": "13.99"}}, "currency": "EUR", "offerType": "instant"}, {"offerID": "12935214", "offerUUID": "baedbf75-f973-4517-ae80-c5e301010ff9", "seller": {"id": "8166753e-8645-4d4a-b0f9-4f8a92178c6e", "name": "Prestige_worldwide", "avatarUrl": "https://img.g2a.com/96x96/1x0x0/51bfzi5yUZL._AC_.jpg/602fd90146177c290c4f8e42", "initials": "Pr", "type": "excellent", "rating": {"up": 2559, "neutral": 103, "down": 1, "positiveFeedbackRatio": 100}, "ordersCount": 2663, "issueInvoices": false, "deliveryTime": "automated"}, "isSelectedOffer": false, "isPromotedOffer": false, "type": "game", "prices": {"normal": {"price": "2.60", "suggestedPrice": "13.99", "discountPercent": "81", "discountAmount": "11.39", "basePrice": "2.60", "baseSuggestedPrice": "13.99"}, "plus": {"price": "2.34", "suggestedPrice": "13.99", "discountPercent": "83", "discountAmount": "11.65", "basePrice": "2.34", "baseSuggestedPrice": "13.99"}}, "currency": "EUR", "offerType": "instant"}, {"offerID": "13136249", "offerUUID": "0375528b-3793-400c-b33d-22805c9c2d6e", "seller": {"id": "d4d66234-acdc-43df-ad22-d39ac8168528", "name": "Trusted_keys_rep", "avatarUrl": "", "initials": "Tr", "type": "excellent", "rating": {"up": 1845, "neutral": 16, "down": 6, "positiveFeedbackRatio": 100}, "ordersCount": 1867, "issueInvoices": false, "deliveryTime": "automated"}, "isSelectedOffer": false, "isPromotedOffer": false, "type": "game", "prices": {"normal": {"price": "2.42", "suggestedPrice": "13.99", "discountPercent": "83", "discountAmount": "11.57", "basePrice": "2.42", "baseSuggestedPrice": "13.99"}, "plus": {"price": "2.18", "suggestedPrice": "13.99", "discountPercent": "84", "discountAmount": "11.81", "basePrice": "2.18", "baseSuggestedPrice": "13.99"}}, "currency": "EUR", "offerType": "instant"}, {"offerID": "13142352", "offerUUID": "587c861d-6e86-4846-ae9d-c1eb80b7b982", "seller": {"id": "69ace28c-e1f8-45f3-b27c-0b66a16f75d8", "name": "Magnus_knudsen", "avatarUrl": "", "initials": "Ma", "type": "default", "rating": {"up": 46, "neutral": 3, "down": 0, "positiveFeedbackRatio": 100}, "ordersCount": 49, "issueInvoices": true, "deliveryTime": "automated"}, "isSelectedOffer": false, "isPromotedOffer": false, "type": "game", "prices": {"normal": {"price": "2.42", "suggestedPrice": "13.99", "discountPercent": "83", "discountAmount": "11.57", "basePrice": "2.42", "baseSuggestedPrice": "13.99"}, "plus": {"price": "2.18", "suggestedPrice": "13.99", "discountPercent": "84", "discountAmount": "11.81", "basePrice": "2.18", "baseSuggestedPrice": "13.99"}}, "currency": "EUR", "offerType": "instant"}, {"offerID": "13161300", "offerUUID": "bd857b7f-ab1b-4df8-9fb1-c3de2ffe2cf4", "seller": {"id": "fb17d2be-baf3-470d-929a-30c25ee0917e", "name": "Lura_games", "avatarUrl": "https://img.g2a.com/96x96/1x0x0/b295373c1a230ffcee87b9f8880fe5dc.png/a9234ed5ff814af991c3c352", "initials": "Lu", "type": "default", "rating": {"up": 39, "neutral": 0, "down": 0, "positiveFeedbackRatio": 100}, "ordersCount": 39, "issueInvoices": false, "deliveryTime": "automated"}, "isSelectedOffer": false, "isPromotedOffer": false, "type": "game", "prices": {"normal": {"price": "1.57", "suggestedPrice": "13.99", "discountPercent": "89", "discountAmount": "12.42", "basePrice": "1.57", "baseSuggestedPrice": "13.99"}, "plus": {"price": "1.42", "suggestedPrice": "13.99", "discountPercent": "90", "discountAmount": "12.57", "basePrice": "1.42", "baseSuggestedPrice": "13.99"}}, "currency": "EUR", "offerType": "instant"}, {"offerID": "13151978", "offerUUID": "95a7a4fc-860b-4db5-bf27-f7298d279e6c", "seller": {"id": "50f652d4-cc4d-4394-9879-ec09fbac3a28", "name": "Pengboy08", "avatarUrl": "https://img.g2a.com/96x96/1x0x0/1896.jpeg/02a91be4790943b19a9947c0", "initials": "Pe", "type": "default", "rating": {"up": 30, "neutral": 0, "down": 0, "positiveFeedbackRatio": 100}, "ordersCount": 30, "issueInvoices": true, "deliveryTime": "automated"}, "isSelectedOffer": false, "isPromotedOffer": false, "type": "game", "prices": {"normal": {"price": "1.64", "suggestedPrice": "13.99", "discountPercent": "88", "discountAmount": "12.35", "basePrice": "1.64", "baseSuggestedPrice": "13.99"}, "plus": {"price": "1.48", "suggestedPrice": "13.99", "discountPercent": "89", "discountAmount": "12.51", "basePrice": "1.48", "baseSuggestedPrice": "13.99"}}, "currency": "EUR", "offerType": "instant"}, {"offerID": "13147096", "offerUUID": "e3ed5af0-dbe9-4c9b-a45c-0b6048a8d874", "seller": {"id": "5e55c95f-9cdc-4954-89a7-132145ce0b13", "name": "Sodone9to5games", "avatarUrl": "", "initials": "So", "type": "default", "rating": {"up": 17, "neutral": 0, "down": 0, "positiveFeedbackRatio": 100}, "ordersCount": 17, "issueInvoices": false, "deliveryTime": null}, "isSelectedOffer": false, "isPromotedOffer": false, "type": "game", "prices": {"normal": {"price": "1.67", "suggestedPrice": "13.99", "discountPercent": "88", "discountAmount": "12.32", "basePrice": "1.67", "baseSuggestedPrice": "13.99"}, "plus": {"price": "1.50", "suggestedPrice": "13.99", "discountPercent": "89", "discountAmount": "12.49", "basePrice": "1.50", "baseSuggestedPrice": "13.99"}}, "currency": "EUR", "offerType": "instant"}, {"offerID": "13139580", "offerUUID": "7b9ff06e-e5fc-4173-85b9-446369bee981", "seller": {"id": "9b39603e-1df6-4b3c-a9ae-c3c5486131ed", "name": "777keys777", "avatarUrl": "", "initials": "77", "type": "default", "rating": {"up": 16, "neutral": 0, "down": 0, "positiveFeedbackRatio": 100}, "ordersCount": 16, "issueInvoices": false, "deliveryTime": "automated"}, "isSelectedOffer": false, "isPromotedOffer": false, "type": "game", "prices": {"normal": {"price": "3.28", "suggestedPrice": "13.99", "discountPercent": "77", "discountAmount": "10.71", "basePrice": "3.28", "baseSuggestedPrice": "13.99"}, "plus": {"price": "2.95", "suggestedPrice": "13.99", "discountPercent": "79", "discountAmount": "11.04", "basePrice": "2.95", "baseSuggestedPrice": "13.99"}}, "currency": "EUR", "offerType": "instant"}, {"offerID": "13140662", "offerUUID": "97260695-bf6c-425f-9bdf-2d5aa83f5e31", "seller": {"id": "9f6d45c2-7447-4b17-ac07-7562e4e9b5d4", "name": "Ohannibal", "avatarUrl": "", "initials": "Oh", "type": "default", "rating": {"up": 12, "neutral": 0, "down": 0, "positiveFeedbackRatio": 100}, "ordersCount": 12, "issueInvoices": false, "deliveryTime": "automated"}, "isSelectedOffer": false, "isPromotedOffer": false, "type": "game", "prices": {"normal": {"price": "2.58", "suggestedPrice": "13.99", "discountPercent": "82", "discountAmount": "11.41", "basePrice": "2.58", "baseSuggestedPrice": "13.99"}, "plus": {"price": "2.32", "suggestedPrice": "13.99", "discountPercent": "83", "discountAmount": "11.67", "basePrice": "2.32", "baseSuggestedPrice": "13.99"}}, "currency": "EUR", "offerType": "instant"}, {"offerID": "13147162", "offerUUID": "f9ce15a1-f279-4cbf-8d1e-51456f577a73", "seller": {"id": "e5dedfec-3e50-4b41-b83c-4997aa99efa3", "name": "Wolfyd33", "avatarUrl": "", "initials": "Wo", "type": "default", "rating": {"up": 1, "neutral": 0, "down": 0, "positiveFeedbackRatio": 100}, "ordersCount": 1, "issueInvoices": false, "deliveryTime": "automated"}, "isSelectedOffer": false, "isPromotedOffer": false, "type": "game", "prices": {"normal": {"price": "1.65", "suggestedPrice": "13.99", "discountPercent": "88", "discountAmount": "12.34", "basePrice": "1.65", "baseSuggestedPrice": "13.99"}, "plus": {"price": "1.49", "suggestedPrice": "13.99", "discountPercent": "89", "discountAmount": "12.50", "basePrice": "1.49", "baseSuggestedPrice": "13.99"}}, "currency": "EUR", "offerType": "instant"}, {"offerID": "13147070", "offerUUID": "7fe8740f-7542-4d1d-99c1-dccb82ec3ec4", "seller": {"id": "0ee366ff-79d5-489c-a4d2-6302c29f6bdd", "name": "Martinilx", "avatarUrl": "", "initials": "Ma", "type": "default", "rating": {"up": 1, "neutral": 0, "down": 0, "positiveFeedbackRatio": 100}, "ordersCount": 1, "issueInvoices": false, "deliveryTime": null}, "isSelectedOffer": false, "isPromotedOffer": false, "type": "game", "prices": {"normal": {"price": "1.69", "suggestedPrice": "13.99", "discountPercent": "88", "discountAmount": "12.30", "basePrice": "1.69", "baseSuggestedPrice": "13.99"}, "plus": {"price": "1.52", "suggestedPrice": "13.99", "discountPercent": "89", "discountAmount": "12.47", "basePrice": "1.52", "baseSuggestedPrice": "13.99"}}, "currency": "EUR", "offerType": "instant"}, {"offerID": "13152810", "offerUUID": "aa0ad95e-5eac-4105-808e-0cc28a1066f5", "seller": {"id": "71c45018-cd95-4588-bc8c-1bd0f2899a8a", "name": "Brownietheknight", "avatarUrl": "", "initials": "Br", "type": "default", "rating": {"up": 1, "neutral": 0, "down": 0, "positiveFeedbackRatio": 100}, "ordersCount": 1, "issueInvoices": false, "deliveryTime": "automated"}, "isSelectedOffer": false, "isPromotedOffer": false, "type": "game", "prices": {"normal": {"price": "5.02", "suggestedPrice": "13.99", "discountPercent": "64", "discountAmount": "8.97", "basePrice": "5.02", "baseSuggestedPrice": "13.99"}, "plus": {"price": "4.52", "suggestedPrice": "13.99", "discountPercent": "68", "discountAmount": "9.47", "basePrice": "4.52", "baseSuggestedPrice": "13.99"}}, "currency": "EUR", "offerType": "instant"}, {"offerID": "13141834", "offerUUID": "8100299d-7423-47a3-8982-e9a86ec66e41", "seller": {"id": "bfdec014-819f-4627-b3f0-ff9f2757c43e", "name": "Fbigummy", "avatarUrl": "", "initials": "Fb", "type": "default", "rating": {"up": 1, "neutral": 0, "down": 0, "positiveFeedbackRatio": 100}, "ordersCount": 1, "issueInvoices": false, "deliveryTime": null}, "isSelectedOffer": false, "isPromotedOffer": false, "type": "game", "prices": {"normal": {"price": "6.27", "suggestedPrice": "13.99", "discountPercent": "55", "discountAmount": "7.72", "basePrice": "6.27", "baseSuggestedPrice": "13.99"}, "plus": {"price": "5.65", "suggestedPrice": "13.99", "discountPercent": "60", "discountAmount": "8.34", "basePrice": "5.65", "baseSuggestedPrice": "13.99"}}, "currency": "EUR", "offerType": "instant"}, {"offerID": "13097182", "offerUUID": "f5f5c371-7262-441b-8d18-99a29ab10db9", "seller": {"id": "a6ded5c5-3795-43c3-818b-8a5d76ebe0c9", "name": "Marttello", "avatarUrl": "https://img.g2a.com/96x96/1x0x0/images (61).jpeg/997b72eb24c54438b9e72412", "initials": "Ma", "type": "default", "rating": {"up": 831, "neutral": 85, "down": 6, "positiveFeedbackRatio": 99}, "ordersCount": 922, "issueInvoices": false, "deliveryTime": "automated"}, "isSelectedOffer": false, "isPromotedOffer": false, "type": "game", "prices": {"normal": {"price": "2.46", "suggestedPrice": "13.99", "discountPercent": "82", "discountAmount": "11.53", "basePrice": "2.46", "baseSuggestedPrice": "13.99"}, "plus": {"price": "2.21", "suggestedPrice": "13.99", "discountPercent": "84", "discountAmount": "11.78", "basePrice": "2.21", "baseSuggestedPrice": "13.99"}}, "currency": "EUR", "offerType": "instant"}, {"offerID": "13152795", "offerUUID": "21069c03-60fc-4b91-b436-3c540c60d10d", "seller": {"id": "ff3f5d20-1f84-421e-bafb-f71e877efba4", "name": "Gks_store", "avatarUrl": "", "initials": "Gk", "type": "default", "rating": {"up": 660, "neutral": 27, "down": 5, "positiveFeedbackRatio": 99}, "ordersCount": 692, "issueInvoices": false, "deliveryTime": "automated"}, "isSelectedOffer": false, "isPromotedOffer": false, "type": "game", "prices": {"normal": {"price": "1.61", "suggestedPrice": "13.99", "discountPercent": "88", "discountAmount": "12.38", "basePrice": "1.61", "baseSuggestedPrice": "13.99"}, "plus": {"price": "1.45", "suggestedPrice": "13.99", "discountPercent": "90", "discountAmount": "12.54", "basePrice": "1.45", "baseSuggestedPrice": "13.99"}}, "currency": "EUR", "offerType": "instant"}, {"offerID": "13139988", "offerUUID": "ebc662e4-d240-4a07-b153-f3243bff1541", "seller": {"id": "249f59fa-1f19-46b2-9430-74edb0280257", "name": "Squirum", "avatarUrl": "", "initials": "Sq", "type": "default", "rating": {"up": 488, "neutral": 3, "down": 4, "positiveFeedbackRatio": 99}, "ordersCount": 495, "issueInvoices": false, "deliveryTime": "automated"}, "isSelectedOffer": false, "isPromotedOffer": false, "type": "game", "prices": {"normal": {"price": "1.60", "suggestedPrice": "13.99", "discountPercent": "89", "discountAmount": "12.39", "basePrice": "1.60", "baseSuggestedPrice": "13.99"}, "plus": {"price": "1.44", "suggestedPrice": "13.99", "discountPercent": "90", "discountAmount": "12.55", "basePrice": "1.44", "baseSuggestedPrice": "13.99"}}, "currency": "EUR", "offerType": "instant"}, {"offerID": "13143158", "offerUUID": "1a8f7838-a7e7-42d6-b991-876a3de5a2f0", "seller": {"id": "764e5cd3-b5a5-4426-9edc-8a4575fdac31", "name": "Mygamesoft", "avatarUrl": "https://img.g2a.com/96x96/1x0x0/s-l500.jpg/baca203354c64d2ea71265de", "initials": "My", "type": "default", "rating": {"up": 105, "neutral": 1, "down": 4, "positiveFeedbackRatio": 96}, "ordersCount": 110, "issueInvoices": true, "deliveryTime": "automated"}, "isSelectedOffer": false, "isPromotedOffer": false, "type": "game", "prices": {"normal": {"price": "2.33", "suggestedPrice": "13.99", "discountPercent": "83", "discountAmount": "11.66", "basePrice": "2.33", "baseSuggestedPrice": "13.99"}, "plus": {"price": "2.10", "suggestedPrice": "13.99", "discountPercent": "85", "discountAmount": "11.89", "basePrice": "2.10", "baseSuggestedPrice": "13.99"}}, "currency": "EUR", "offerType": "instant"}, {"offerID": "13133613", "offerUUID": "41146627-3154-4e59-ab6d-782eec94780c", "seller": {"id": "84875d0d-dac0-4a4b-ae99-426d3366dda2", "name": "Gamers_gate", "avatarUrl": "https://img.g2a.com/96x96/1x0x0/ScreenShot_20220117141509.png/f0bfef6485ec494daa2075d8", "initials": "Ga", "type": "default", "rating": {"up": 60, "neutral": 8, "down": 8, "positiveFeedbackRatio": 88}, "ordersCount": 76, "issueInvoices": false, "deliveryTime": "automated"}, "isSelectedOffer": false, "isPromotedOffer": false, "type": "game", "prices": {"normal": {"price": "1.77", "suggestedPrice": "13.99", "discountPercent": "87", "discountAmount": "12.22", "basePrice": "1.77", "baseSuggestedPrice": "13.99"}, "plus": {"price": "1.59", "suggestedPrice": "13.99", "discountPercent": "89", "discountAmount": "12.40", "basePrice": "1.59", "baseSuggestedPrice": "13.99"}}, "currency": "EUR", "offerType": "instant"}, {"offerID": "13138685", "offerUUID": "cef9a7c4-ea4a-4c11-b420-056d4598afa1", "seller": {"id": "8a1749c0-3aa4-4cb6-9cd4-a2fac4232766", "name": "Yulrmowq", "avatarUrl": "", "initials": "Yu", "type": "default", "rating": {"up": 5, "neutral": 0, "down": 1, "positiveFeedbackRatio": 83}, "ordersCount": 6, "issueInvoices": false, "deliveryTime": "automated"}, "isSelectedOffer": false, "isPromotedOffer": false, "type": "game", "prices": {"normal": {"price": "3.34", "suggestedPrice": "13.99", "discountPercent": "76", "discountAmount": "10.65", "basePrice": "3.34", "baseSuggestedPrice": "13.99"}, "plus": {"price": "3.01", "suggestedPrice": "13.99", "discountPercent": "78", "discountAmount": "10.98", "basePrice": "3.01", "baseSuggestedPrice": "13.99"}}, "currency": "EUR", "offerType": "instant"}, {"offerID": "13138261", "offerUUID": "d24443eb-9996-4bef-9981-89743ab96d1a", "seller": {"id": "4198626a-4e20-47e7-b534-fdc91ba6390f", "name": "Pytchoun", "avatarUrl": "https://img.g2a.com/96x96/1x0x0/avatar_7.png/0a9a0ae4cd7542ed803c9f52", "initials": "Py", "type": "default", "rating": {"up": 14, "neutral": 0, "down": 4, "positiveFeedbackRatio": 78}, "ordersCount": 18, "issueInvoices": false, "deliveryTime": "automated"}, "isSelectedOffer": false, "isPromotedOffer": false, "type": "game", "prices": {"normal": {"price": "2.37", "suggestedPrice": "13.99", "discountPercent": "83", "discountAmount": "11.62", "basePrice": "2.37", "baseSuggestedPrice": "13.99"}, "plus": {"price": "2.13", "suggestedPrice": "13.99", "discountPercent": "85", "discountAmount": "11.86", "basePrice": "2.13", "baseSuggestedPrice": "13.99"}}, "currency": "EUR", "offerType": "instant"}, {"offerID": "13140817", "offerUUID": "6f2d09d0-9deb-4333-8290-b3877f43c874", "seller": {"id": "d6a005f2-0704-4bab-a308-ca78abc38f99", "name": "Powsaaa", "avatarUrl": "", "initials": "Po", "type": "default", "rating": {"up": 0, "neutral": 0, "down": 2, "positiveFeedbackRatio": 0}, "ordersCount": 2, "issueInvoices": false, "deliveryTime": "automated"}, "isSelectedOffer": false, "isPromotedOffer": false, "type": "game", "prices": {"normal": {"price": "2.47", "suggestedPrice": "13.99", "discountPercent": "82", "discountAmount": "11.52", "basePrice": "2.47", "baseSuggestedPrice": "13.99"}, "plus": {"price": "2.22", "suggestedPrice": "13.99", "discountPercent": "84", "discountAmount": "11.77", "basePrice": "2.22", "baseSuggestedPrice": "13.99"}}, "currency": "EUR", "offerType": "instant"}, {"offerID": "13152768", "offerUUID": "5247b0ff-327a-4314-b866-cb1db5f9aa1d", "seller": {"id": "dd8b42bd-668c-4fa9-9113-c0fd20a456f1", "name": "Gamecover_site", "avatarUrl": "", "initials": "Ga", "type": "default", "rating": {"up": 0, "neutral": 0, "down": 1, "positiveFeedbackRatio": 0}, "ordersCount": 1, "issueInvoices": false, "deliveryTime": "automated"}, "isSelectedOffer": false, "isPromotedOffer": false, "type": "game", "prices": {"normal": {"price": "1.63", "suggestedPrice": "13.99", "discountPercent": "88", "discountAmount": "12.36", "basePrice": "1.63", "baseSuggestedPrice": "13.99"}, "plus": {"price": "1.46", "suggestedPrice": "13.99", "discountPercent": "90", "discountAmount": "12.53", "basePrice": "1.46", "baseSuggestedPrice": "13.99"}}, "currency": "EUR", "offerType": "instant"}, {"offerID": "13151908", "offerUUID": "b127c007-5f63-43eb-81b8-a094b0d6134a", "seller": {"id": "08ef2cb5-1e6f-48a5-9fb8-137807f28df6", "name": "Gamemarketau", "avatarUrl": "https://img.g2a.com/96x96/1x0x0/Group 15.png/e4d4d25c242e4de0b562dd43", "initials": "Ga", "type": "default", "rating": {"up": 0, "neutral": 0, "down": 0, "positiveFeedbackRatio": 0}, "ordersCount": 0, "issueInvoices": true, "deliveryTime": "automated"}, "isSelectedOffer": false, "isPromotedOffer": false, "type": "game", "prices": {"normal": {"price": "1.95", "suggestedPrice": "13.99", "discountPercent": "86", "discountAmount": "12.04", "basePrice": "1.95", "baseSuggestedPrice": "13.99"}, "plus": {"price": "1.76", "suggestedPrice": "13.99", "discountPercent": "87", "discountAmount": "12.23", "basePrice": "1.76", "baseSuggestedPrice": "13.99"}}, "currency": "EUR", "offerType": "instant"}, {"offerID": "13141552", "offerUUID": "2aa3d14d-d2dc-4696-846e-11e275071a08", "seller": {"id": "a7b2f0f2-5251-4364-a4a3-e5e3df09a03a", "name": "Denieln7", "avatarUrl": "", "initials": "De", "type": "default", "rating": {"up": 0, "neutral": 0, "down": 0, "positiveFeedbackRatio": 0}, "ordersCount": 0, "issueInvoices": false, "deliveryTime": "automated"}, "isSelectedOffer": false, "isPromotedOffer": false, "type": "game", "prices": {"normal": {"price": "2.54", "suggestedPrice": "13.99", "discountPercent": "82", "discountAmount": "11.45", "basePrice": "2.54", "baseSuggestedPrice": "13.99"}, "plus": {"price": "2.28", "suggestedPrice": "13.99", "discountPercent": "84", "discountAmount": "11.71", "basePrice": "2.28", "baseSuggestedPrice": "13.99"}}, "currency": "EUR", "offerType": "instant"}], "productType": "digital", "error": null}}