{"data": {"offers": [{"offerID": "13115094", "offerUUID": "d9a228e2-2a18-4a35-a69f-544745840c9a", "seller": {"id": "6e8329d4-bda3-4623-9a31-3e04305ee0ee", "name": "Luckypickercom", "avatarUrl": "https://img.g2a.com/96x96/1x0x0/favicon-lucky.png/48JdLQWJh5EPxH9cA9kJKd", "initials": "Lu", "type": "excellent", "rating": {"up": 1513, "neutral": 63, "down": 2, "positiveFeedbackRatio": 100}, "ordersCount": 1578, "issueInvoices": false, "deliveryTime": "automated"}, "isSelectedOffer": false, "isPromotedOffer": true, "promotedOffer": {"campaignId": "56", "showId": "15a8b159-4a7c-44c9-a696-fe9ae3057dc8", "requestId": "|tEKpNjvN3wAwDbamifsuJktC0xKs4qSBF3HL.DSvN7ua+_EW0D9W.ufrSW4_", "skc": "unknown-skc"}, "type": "dropshipping", "prices": {"normal": {"price": "38.73", "suggestedPrice": "59.99", "discountPercent": "35", "discountAmount": "21.26", "basePrice": "38.73", "baseSuggestedPrice": "59.99"}, "plus": {"price": "35.64", "suggestedPrice": "59.99", "discountPercent": "41", "discountAmount": "24.35", "basePrice": "35.64", "baseSuggestedPrice": "59.99"}}, "currency": "EUR", "offerType": "instant"}, {"offerID": "13083029", "offerUUID": "a1df48a3-c806-4201-acdc-7b91db1761e9", "seller": {"id": "9c5b72dd-941b-46ed-91b2-65ef37169c97", "name": "Gamersuniverse", "avatarUrl": "https://img.g2a.com/96x96/1x0x0/GameUniverse.png/082c50251210454fbb2a26d0", "initials": "Ga", "type": "excellent", "rating": {"up": 75666, "neutral": 5547, "down": 245, "positiveFeedbackRatio": 100}, "ordersCount": 81458, "issueInvoices": false, "deliveryTime": "automated"}, "isSelectedOffer": false, "isPromotedOffer": false, "type": "dropshipping", "prices": {"normal": {"price": "35.29", "suggestedPrice": "59.99", "discountPercent": "41", "discountAmount": "24.70", "basePrice": "35.29", "baseSuggestedPrice": "59.99"}, "plus": {"price": "32.47", "suggestedPrice": "59.99", "discountPercent": "46", "discountAmount": "27.52", "basePrice": "32.47", "baseSuggestedPrice": "59.99"}}, "currency": "EUR", "offerType": "instant"}, {"offerID": "13134429", "offerUUID": "4c219e9a-e315-436d-9837-dfc343884e83", "seller": {"id": "93a37575-e3bb-4b21-b36a-64fa3e888966", "name": "Games_factory", "avatarUrl": "https://img.g2a.com/96x96/1x0x0/logo2.jpg/c45e4f861a0c4078b285dff4", "initials": "Ga", "type": "excellent", "rating": {"up": 34690, "neutral": 2726, "down": 102, "positiveFeedbackRatio": 100}, "ordersCount": 37518, "issueInvoices": false, "deliveryTime": "automated"}, "isSelectedOffer": false, "isPromotedOffer": false, "type": "dropshipping", "prices": {"normal": {"price": "31.68", "suggestedPrice": "59.99", "discountPercent": "47", "discountAmount": "28.31", "basePrice": "31.68", "baseSuggestedPrice": "59.99"}, "plus": {"price": "29.15", "suggestedPrice": "59.99", "discountPercent": "51", "discountAmount": "30.84", "basePrice": "29.15", "baseSuggestedPrice": "59.99"}}, "currency": "EUR", "offerType": "instant"}, {"offerID": "13135530", "offerUUID": "49840a84-10fe-481c-861e-d99811daca3e", "seller": {"id": "2ce24982-8b8a-4b2b-b4d1-c862a3eb1c41", "name": "Bellakey", "avatarUrl": "", "initials": "Be", "type": "excellent", "rating": {"up": 35040, "neutral": 1154, "down": 47, "positiveFeedbackRatio": 100}, "ordersCount": 36241, "issueInvoices": false, "deliveryTime": "automated"}, "isSelectedOffer": false, "isPromotedOffer": false, "type": "dropshipping", "prices": {"normal": {"price": "30.77", "suggestedPrice": "59.99", "discountPercent": "49", "discountAmount": "29.22", "basePrice": "30.77", "baseSuggestedPrice": "59.99"}, "plus": {"price": "28.31", "suggestedPrice": "59.99", "discountPercent": "53", "discountAmount": "31.68", "basePrice": "28.31", "baseSuggestedPrice": "59.99"}}, "currency": "EUR", "offerType": "instant"}, {"offerID": "13031477", "offerUUID": "30120a18-d662-4d27-b15a-660d9cb5a3ef", "seller": {"id": "dabd25fb-f026-4d09-96b0-cbbc2b36dc1a", "name": "Instant_game", "avatarUrl": "https://img.g2a.com/96x96/1x0x0/instant-gaming-logo.png/1b629b69bea641d380f9aeac", "initials": "In", "type": "excellent", "rating": {"up": 9422, "neutral": 772, "down": 10, "positiveFeedbackRatio": 100}, "ordersCount": 10204, "issueInvoices": false, "deliveryTime": "automated"}, "isSelectedOffer": false, "isPromotedOffer": false, "type": "dropshipping", "prices": {"normal": {"price": "37.97", "suggestedPrice": "59.99", "discountPercent": "37", "discountAmount": "22.02", "basePrice": "37.97", "baseSuggestedPrice": "59.99"}, "plus": {"price": "34.94", "suggestedPrice": "59.99", "discountPercent": "42", "discountAmount": "25.05", "basePrice": "34.94", "baseSuggestedPrice": "59.99"}}, "currency": "EUR", "offerType": "instant"}, {"offerID": "12969008", "offerUUID": "eb3f8b84-5b01-4406-80cf-583c81dbc0bc", "seller": {"id": "fd3aa5e6-f89f-4ca5-85e1-6b5061856901", "name": "Codezilla", "avatarUrl": "https://img.g2a.com/96x96/1x0x0/rsz_115939684.png/7f0af52256f74eee8144e6e2", "initials": "Co", "type": "excellent", "rating": {"up": 6762, "neutral": 477, "down": 17, "positiveFeedbackRatio": 100}, "ordersCount": 7256, "issueInvoices": false, "deliveryTime": "automated"}, "isSelectedOffer": false, "isPromotedOffer": false, "type": "dropshipping", "prices": {"normal": {"price": "37.95", "suggestedPrice": "59.99", "discountPercent": "37", "discountAmount": "22.04", "basePrice": "37.95", "baseSuggestedPrice": "59.99"}, "plus": {"price": "34.92", "suggestedPrice": "59.99", "discountPercent": "42", "discountAmount": "25.07", "basePrice": "34.92", "baseSuggestedPrice": "59.99"}}, "currency": "EUR", "offerType": "instant"}, {"offerID": "13083030", "offerUUID": "1e023438-5547-4b03-991c-c8509798e747", "seller": {"id": "f74c2d89-9055-4bb6-ad00-c000dbb4a856", "name": "Superbkeys", "avatarUrl": "https://img.g2a.com/96x96/1x0x0/S4.png/4a8b4d3cb4d84c16ba274210", "initials": "Su", "type": "excellent", "rating": {"up": 6223, "neutral": 672, "down": 12, "positiveFeedbackRatio": 100}, "ordersCount": 6907, "issueInvoices": false, "deliveryTime": "automated"}, "isSelectedOffer": false, "isPromotedOffer": false, "type": "dropshipping", "prices": {"normal": {"price": "36.58", "suggestedPrice": "59.99", "discountPercent": "39", "discountAmount": "23.41", "basePrice": "36.58", "baseSuggestedPrice": "59.99"}, "plus": {"price": "33.66", "suggestedPrice": "59.99", "discountPercent": "44", "discountAmount": "26.33", "basePrice": "33.66", "baseSuggestedPrice": "59.99"}}, "currency": "EUR", "offerType": "instant"}, {"offerID": "13083027", "offerUUID": "9863f0b2-7ba0-4be6-aa94-5f418d2b767b", "seller": {"id": "6075c220-a47c-4c12-a20a-3d3ceab378db", "name": "Gamesdivision", "avatarUrl": "https://img.g2a.com/96x96/1x0x0/G3.png/5f1bf9fe6e3b4f36bc66e372", "initials": "Ga", "type": "excellent", "rating": {"up": 1519, "neutral": 183, "down": 5, "positiveFeedbackRatio": 100}, "ordersCount": 1707, "issueInvoices": false, "deliveryTime": "automated"}, "isSelectedOffer": false, "isPromotedOffer": false, "type": "dropshipping", "prices": {"normal": {"price": "36.76", "suggestedPrice": "59.99", "discountPercent": "39", "discountAmount": "23.23", "basePrice": "36.76", "baseSuggestedPrice": "59.99"}, "plus": {"price": "33.82", "suggestedPrice": "59.99", "discountPercent": "44", "discountAmount": "26.17", "basePrice": "33.82", "baseSuggestedPrice": "59.99"}}, "currency": "EUR", "offerType": "instant"}, {"offerID": "13083028", "offerUUID": "3ede2f64-9822-47df-876b-52734642f70e", "seller": {"id": "fbe071e1-b0cd-458a-ae46-fe1acfcfca74", "name": "Lancce", "avatarUrl": "https://img.g2a.com/96x96/1x0x0/a.png/1da518f98f4141bb9bd45820", "initials": "La", "type": "default", "rating": {"up": 151, "neutral": 24, "down": 0, "positiveFeedbackRatio": 100}, "ordersCount": 175, "issueInvoices": false, "deliveryTime": null}, "isSelectedOffer": false, "isPromotedOffer": false, "type": "dropshipping", "prices": {"normal": {"price": "36.40", "suggestedPrice": "59.99", "discountPercent": "39", "discountAmount": "23.59", "basePrice": "36.40", "baseSuggestedPrice": "59.99"}, "plus": {"price": "33.49", "suggestedPrice": "59.99", "discountPercent": "44", "discountAmount": "26.50", "basePrice": "33.49", "baseSuggestedPrice": "59.99"}}, "currency": "EUR", "offerType": "instant"}, {"offerID": "13132276", "offerUUID": "4ea679c5-14d1-4d24-ab6b-7b897962a945", "seller": {"id": "bae89e1f-2d90-45c2-8038-b360e3caaadb", "name": "Yeahbabyitsgiftforu", "avatarUrl": "", "initials": "Ye", "type": "default", "rating": {"up": 45, "neutral": 2, "down": 1, "positiveFeedbackRatio": 98}, "ordersCount": 48, "issueInvoices": false, "deliveryTime": null}, "isSelectedOffer": false, "isPromotedOffer": false, "type": "game", "prices": {"normal": {"price": "32.58", "suggestedPrice": "59.99", "discountPercent": "46", "discountAmount": "27.41", "basePrice": "32.58", "baseSuggestedPrice": "59.99"}, "plus": {"price": "29.98", "suggestedPrice": "59.99", "discountPercent": "50", "discountAmount": "30.01", "basePrice": "29.98", "baseSuggestedPrice": "59.99"}}, "currency": "EUR", "offerType": "instant"}, {"offerID": "13064048", "offerUUID": "69c7d0b4-d262-456c-866e-85fbdb937ea7", "seller": {"id": "2c3b3689-559b-4dc0-8a39-58b34761c810", "name": "Fasteasygame", "avatarUrl": "", "initials": "Fa", "type": "excellent", "rating": {"up": 1385, "neutral": 111, "down": 44, "positiveFeedbackRatio": 97}, "ordersCount": 1540, "issueInvoices": false, "deliveryTime": "automated"}, "isSelectedOffer": false, "isPromotedOffer": false, "type": "game", "prices": {"normal": {"price": "33.47", "suggestedPrice": "59.99", "discountPercent": "44", "discountAmount": "26.52", "basePrice": "33.47", "baseSuggestedPrice": "59.99"}, "plus": {"price": "30.80", "suggestedPrice": "59.99", "discountPercent": "49", "discountAmount": "29.19", "basePrice": "30.80", "baseSuggestedPrice": "59.99"}}, "currency": "EUR", "offerType": "instant"}, {"offerID": "13106830", "offerUUID": "4ec91078-244b-46c8-89a3-c2c2442d5bd9", "seller": {"id": "26c3a44d-9f8f-4fa9-b3c7-3f855b74284c", "name": "Retaildepot", "avatarUrl": "", "initials": "Re", "type": "excellent", "rating": {"up": 1812, "neutral": 54, "down": 95, "positiveFeedbackRatio": 95}, "ordersCount": 1961, "issueInvoices": false, "deliveryTime": "automated"}, "isSelectedOffer": false, "isPromotedOffer": false, "type": "game", "prices": {"normal": {"price": "33.53", "suggestedPrice": "59.99", "discountPercent": "44", "discountAmount": "26.46", "basePrice": "33.53", "baseSuggestedPrice": "59.99"}, "plus": {"price": "30.85", "suggestedPrice": "59.99", "discountPercent": "49", "discountAmount": "29.14", "basePrice": "30.85", "baseSuggestedPrice": "59.99"}}, "currency": "EUR", "offerType": "instant"}, {"offerID": "13076412", "offerUUID": "8ba92c3d-0a1f-4857-89c0-27b475cfd510", "seller": {"id": "3c9ec7fa-e788-4bb8-8713-c097433d93a2", "name": "Lordofstorms", "avatarUrl": "https://img.g2a.com/96x96/1x0x0/LOLO-GA.jpg/57d2fdb15e8644bbba582703", "initials": "Lo", "type": "excellent", "rating": {"up": 1360, "neutral": 13, "down": 106, "positiveFeedbackRatio": 93}, "ordersCount": 1479, "issueInvoices": false, "deliveryTime": null}, "isSelectedOffer": false, "isPromotedOffer": false, "type": "dropshipping", "prices": {"normal": {"price": "47.05", "suggestedPrice": "59.99", "discountPercent": "22", "discountAmount": "12.94", "basePrice": "47.05", "baseSuggestedPrice": "59.99"}, "plus": {"price": "43.29", "suggestedPrice": "59.99", "discountPercent": "28", "discountAmount": "16.70", "basePrice": "43.29", "baseSuggestedPrice": "59.99"}}, "currency": "EUR", "offerType": "instant"}, {"offerID": "13130638", "offerUUID": "eaee7ab1-4ce8-4509-972e-f06eced3db92", "seller": {"id": "1df64b64-ed7d-497f-81ad-97f048a7df9d", "name": "Yougnabuyit", "avatarUrl": "https://img.g2a.com/96x96/1x0x0/zxc.png/85d044c88beb4992bd2d0428", "initials": "Yo", "type": "default", "rating": {"up": 190, "neutral": 2, "down": 18, "positiveFeedbackRatio": 91}, "ordersCount": 210, "issueInvoices": false, "deliveryTime": "automated"}, "isSelectedOffer": false, "isPromotedOffer": false, "type": "game", "prices": {"normal": {"price": "31.69", "suggestedPrice": "59.99", "discountPercent": "47", "discountAmount": "28.30", "basePrice": "31.69", "baseSuggestedPrice": "59.99"}, "plus": {"price": "29.16", "suggestedPrice": "59.99", "discountPercent": "51", "discountAmount": "30.83", "basePrice": "29.16", "baseSuggestedPrice": "59.99"}}, "currency": "EUR", "offerType": "instant"}, {"offerID": "13111092", "offerUUID": "23ed4e56-ee64-4422-958a-629225b38ae2", "seller": {"id": "0b12db1d-3590-450d-b7c7-dccd10f8e3f9", "name": "Gamedealz", "avatarUrl": "", "initials": "Ga", "type": "default", "rating": {"up": 236, "neutral": 8, "down": 44, "positiveFeedbackRatio": 84}, "ordersCount": 288, "issueInvoices": false, "deliveryTime": "automated"}, "isSelectedOffer": false, "isPromotedOffer": false, "type": "game", "prices": {"normal": {"price": "30.80", "suggestedPrice": "59.99", "discountPercent": "49", "discountAmount": "29.19", "basePrice": "30.80", "baseSuggestedPrice": "59.99"}, "plus": {"price": "28.34", "suggestedPrice": "59.99", "discountPercent": "53", "discountAmount": "31.65", "basePrice": "28.34", "baseSuggestedPrice": "59.99"}}, "currency": "EUR", "offerType": "instant"}, {"offerID": "13055936", "offerUUID": "7f1c2c5d-977c-402a-8f1a-638ddc275dd9", "seller": {"id": "fea32d02-6179-4308-b861-ed646a8e7636", "name": "Gamegeen", "avatarUrl": "https://img.g2a.com/96x96/1x0x0/123.png/b3f80f04f47d418283fbdf68", "initials": "Ga", "type": "default", "rating": {"up": 129, "neutral": 29, "down": 29, "positiveFeedbackRatio": 82}, "ordersCount": 187, "issueInvoices": false, "deliveryTime": "automated"}, "isSelectedOffer": false, "isPromotedOffer": false, "type": "game", "prices": {"normal": {"price": "30.78", "suggestedPrice": "59.99", "discountPercent": "49", "discountAmount": "29.21", "basePrice": "30.78", "baseSuggestedPrice": "59.99"}, "plus": {"price": "28.32", "suggestedPrice": "59.99", "discountPercent": "53", "discountAmount": "31.67", "basePrice": "28.32", "baseSuggestedPrice": "59.99"}}, "currency": "EUR", "offerType": "instant"}], "productType": "digital", "error": null}}