{"data": {"offers": [{"offerID": "12910834", "offerUUID": "e95d7b48-83b8-43e6-a29c-59406285e6ce", "seller": {"id": "4d1824cf-40c6-4815-85b4-c8341af8b813", "name": "World_of_games", "avatarUrl": "https://img.g2a.com/96x96/1x0x0/2.png/9269b260faba4c22af5a2060", "initials": "Wo", "type": "excellent", "rating": {"up": 48653, "neutral": 5329, "down": 690, "positiveFeedbackRatio": 99}, "ordersCount": 54672, "issueInvoices": false, "deliveryTime": "automated"}, "isSelectedOffer": false, "isPromotedOffer": true, "promotedOffer": {"campaignId": "42", "showId": "7d1a3a53-7a96-4ad2-a669-60369089c7c1", "requestId": "|Ct1pSzmxQrZfPLCLMoH09Kj7CgXQS3O5cf9i.5zaj8gPX_MARntr.kfI6Ri_", "skc": "unknown-skc"}, "type": "dropshipping", "prices": {"normal": {"price": "20.06", "suggestedPrice": "59.99", "discountPercent": "67", "discountAmount": "39.93", "basePrice": "20.06", "baseSuggestedPrice": "59.99"}, "plus": {"price": "18.05", "suggestedPrice": "59.99", "discountPercent": "70", "discountAmount": "41.94", "basePrice": "18.05", "baseSuggestedPrice": "59.99"}}, "currency": "EUR", "offerType": "instant"}, {"offerID": "13046825", "offerUUID": "9b195b62-0268-4a14-8eb7-fda38ae6579b", "seller": {"id": "9c5b72dd-941b-46ed-91b2-65ef37169c97", "name": "Gamersuniverse", "avatarUrl": "https://img.g2a.com/96x96/1x0x0/GameUniverse.png/082c50251210454fbb2a26d0", "initials": "Ga", "type": "excellent", "rating": {"up": 75666, "neutral": 5547, "down": 245, "positiveFeedbackRatio": 100}, "ordersCount": 81458, "issueInvoices": false, "deliveryTime": "automated"}, "isSelectedOffer": false, "isPromotedOffer": false, "type": "dropshipping", "prices": {"normal": {"price": "14.94", "suggestedPrice": "59.99", "discountPercent": "75", "discountAmount": "45.05", "basePrice": "14.94", "baseSuggestedPrice": "59.99"}, "plus": {"price": "13.45", "suggestedPrice": "59.99", "discountPercent": "78", "discountAmount": "46.54", "basePrice": "13.45", "baseSuggestedPrice": "59.99"}}, "currency": "EUR", "offerType": "instant"}, {"offerID": "12912175", "offerUUID": "6c18585d-eca1-4011-aae1-66ac1aedcb48", "seller": {"id": "fd3aa5e6-f89f-4ca5-85e1-6b5061856901", "name": "Codezilla", "avatarUrl": "https://img.g2a.com/96x96/1x0x0/rsz_115939684.png/7f0af52256f74eee8144e6e2", "initials": "Co", "type": "excellent", "rating": {"up": 6762, "neutral": 477, "down": 17, "positiveFeedbackRatio": 100}, "ordersCount": 7256, "issueInvoices": false, "deliveryTime": "automated"}, "isSelectedOffer": false, "isPromotedOffer": false, "type": "dropshipping", "prices": {"normal": {"price": "26.42", "suggestedPrice": "59.99", "discountPercent": "56", "discountAmount": "33.57", "basePrice": "26.42", "baseSuggestedPrice": "59.99"}, "plus": {"price": "24.18", "suggestedPrice": "59.99", "discountPercent": "60", "discountAmount": "35.81", "basePrice": "24.18", "baseSuggestedPrice": "59.99"}}, "currency": "EUR", "offerType": "instant"}, {"offerID": "13046826", "offerUUID": "890d03fd-c678-4d9c-82dd-a59d0493cd34", "seller": {"id": "f74c2d89-9055-4bb6-ad00-c000dbb4a856", "name": "Superbkeys", "avatarUrl": "https://img.g2a.com/96x96/1x0x0/S4.png/4a8b4d3cb4d84c16ba274210", "initials": "Su", "type": "excellent", "rating": {"up": 6223, "neutral": 672, "down": 12, "positiveFeedbackRatio": 100}, "ordersCount": 6907, "issueInvoices": false, "deliveryTime": "automated"}, "isSelectedOffer": false, "isPromotedOffer": false, "type": "dropshipping", "prices": {"normal": {"price": "15.37", "suggestedPrice": "59.99", "discountPercent": "74", "discountAmount": "44.62", "basePrice": "15.37", "baseSuggestedPrice": "59.99"}, "plus": {"price": "13.84", "suggestedPrice": "59.99", "discountPercent": "77", "discountAmount": "46.15", "basePrice": "13.84", "baseSuggestedPrice": "59.99"}}, "currency": "EUR", "offerType": "instant"}, {"offerID": "12910778", "offerUUID": "ca0633c2-e237-41d1-8bed-ff025e1014f9", "seller": {"id": "4ef9ea30-eb97-43f7-86bf-83401ff79d7b", "name": "Gr8keys", "avatarUrl": "", "initials": "Gr", "type": "excellent", "rating": {"up": 4066, "neutral": 194, "down": 13, "positiveFeedbackRatio": 100}, "ordersCount": 4273, "issueInvoices": false, "deliveryTime": "automated"}, "isSelectedOffer": false, "isPromotedOffer": false, "type": "game", "prices": {"normal": {"price": "32.58", "suggestedPrice": "59.99", "discountPercent": "46", "discountAmount": "27.41", "basePrice": "32.58", "baseSuggestedPrice": "59.99"}, "plus": {"price": "29.98", "suggestedPrice": "59.99", "discountPercent": "50", "discountAmount": "30.01", "basePrice": "29.98", "baseSuggestedPrice": "59.99"}}, "currency": "EUR", "offerType": "instant"}, {"offerID": "12947895", "offerUUID": "b28fe4f8-16e3-4952-8dc3-9fef357ab92e", "seller": {"id": "b3ebd5f2-5d7f-486e-bb7f-102592436ea7", "name": "Positive_entertainment", "avatarUrl": "https://img.g2a.com/96x96/1x0x0/1 \u043a\u043e\u043f\u0438\u044f.jpg/600b393f7e696c0eee225b62", "initials": "Po", "type": "excellent", "rating": {"up": 2130, "neutral": 411, "down": 7, "positiveFeedbackRatio": 100}, "ordersCount": 2548, "issueInvoices": false, "deliveryTime": "automated"}, "isSelectedOffer": false, "isPromotedOffer": false, "type": "game", "prices": {"normal": {"price": "14.55", "suggestedPrice": "59.99", "discountPercent": "76", "discountAmount": "45.44", "basePrice": "14.55", "baseSuggestedPrice": "59.99"}, "plus": {"price": "13.10", "suggestedPrice": "59.99", "discountPercent": "78", "discountAmount": "46.89", "basePrice": "13.10", "baseSuggestedPrice": "59.99"}}, "currency": "EUR", "offerType": "instant"}, {"offerID": "13046823", "offerUUID": "61eab0b3-1633-423b-a543-24d44797acba", "seller": {"id": "6075c220-a47c-4c12-a20a-3d3ceab378db", "name": "Gamesdivision", "avatarUrl": "https://img.g2a.com/96x96/1x0x0/G3.png/5f1bf9fe6e3b4f36bc66e372", "initials": "Ga", "type": "excellent", "rating": {"up": 1519, "neutral": 183, "down": 5, "positiveFeedbackRatio": 100}, "ordersCount": 1707, "issueInvoices": false, "deliveryTime": "automated"}, "isSelectedOffer": false, "isPromotedOffer": false, "type": "dropshipping", "prices": {"normal": {"price": "15.44", "suggestedPrice": "59.99", "discountPercent": "74", "discountAmount": "44.55", "basePrice": "15.44", "baseSuggestedPrice": "59.99"}, "plus": {"price": "13.90", "suggestedPrice": "59.99", "discountPercent": "77", "discountAmount": "46.09", "basePrice": "13.90", "baseSuggestedPrice": "59.99"}}, "currency": "EUR", "offerType": "instant"}, {"offerID": "13046824", "offerUUID": "2f42d5cf-ed49-4f18-8fd6-7ace779f798f", "seller": {"id": "fbe071e1-b0cd-458a-ae46-fe1acfcfca74", "name": "Lancce", "avatarUrl": "https://img.g2a.com/96x96/1x0x0/a.png/1da518f98f4141bb9bd45820", "initials": "La", "type": "default", "rating": {"up": 151, "neutral": 24, "down": 0, "positiveFeedbackRatio": 100}, "ordersCount": 175, "issueInvoices": false, "deliveryTime": null}, "isSelectedOffer": false, "isPromotedOffer": false, "type": "dropshipping", "prices": {"normal": {"price": "15.29", "suggestedPrice": "59.99", "discountPercent": "75", "discountAmount": "44.70", "basePrice": "15.29", "baseSuggestedPrice": "59.99"}, "plus": {"price": "13.76", "suggestedPrice": "59.99", "discountPercent": "77", "discountAmount": "46.23", "basePrice": "13.76", "baseSuggestedPrice": "59.99"}}, "currency": "EUR", "offerType": "instant"}, {"offerID": "13117516", "offerUUID": "e93db7e8-13c4-49fa-9540-b38afc4ae0d8", "seller": {"id": "e9fc58f9-25f2-47d5-8a14-8682b38e4f81", "name": "Lotropay_instant_delivery_", "avatarUrl": "", "initials": "Lo", "type": "excellent", "rating": {"up": 3149, "neutral": 692, "down": 24, "positiveFeedbackRatio": 99}, "ordersCount": 3865, "issueInvoices": false, "deliveryTime": "automated"}, "isSelectedOffer": false, "isPromotedOffer": false, "type": "game", "prices": {"normal": {"price": "52.03", "suggestedPrice": "59.99", "discountPercent": "13", "discountAmount": "7.96", "basePrice": "52.03", "baseSuggestedPrice": "59.99"}, "plus": {"price": "50.00", "suggestedPrice": "59.99", "discountPercent": "17", "discountAmount": "9.99", "basePrice": "50.00", "baseSuggestedPrice": "59.99"}}, "currency": "EUR", "offerType": "instant"}, {"offerID": "13152870", "offerUUID": "6cc9387a-8eac-4c90-a6d2-1249c53182dc", "seller": {"id": "98c43478-2732-499c-a466-520a30a56828", "name": "Rottviler", "avatarUrl": "https://img.g2a.com/96x96/1x0x0/logo.png/b39e84cfa5844877a3ceb4bc", "initials": "Ro", "type": "default", "rating": {"up": 997, "neutral": 79, "down": 10, "positiveFeedbackRatio": 99}, "ordersCount": 1086, "issueInvoices": false, "deliveryTime": "automated"}, "isSelectedOffer": false, "isPromotedOffer": false, "type": "game", "prices": {"normal": {"price": "11.84", "suggestedPrice": "59.99", "discountPercent": "80", "discountAmount": "48.15", "basePrice": "11.84", "baseSuggestedPrice": "59.99"}, "plus": {"price": "10.66", "suggestedPrice": "59.99", "discountPercent": "82", "discountAmount": "49.33", "basePrice": "10.66", "baseSuggestedPrice": "59.99"}}, "currency": "EUR", "offerType": "instant"}, {"offerID": "13083766", "offerUUID": "85f8b84b-5da8-4a6a-a519-b7d20ec36c40", "seller": {"id": "bf7cc326-d64f-4955-8cc4-904cd7827a36", "name": "Keys4games_soft", "avatarUrl": "https://img.g2a.com/96x96/1x0x0/11.jpg/5e9b16c4235f44169c2cba6c", "initials": "Ke", "type": "default", "rating": {"up": 84, "neutral": 1, "down": 2, "positiveFeedbackRatio": 98}, "ordersCount": 87, "issueInvoices": false, "deliveryTime": null}, "isSelectedOffer": false, "isPromotedOffer": false, "type": "game", "prices": {"normal": {"price": "38.04", "suggestedPrice": "59.99", "discountPercent": "37", "discountAmount": "21.95", "basePrice": "38.04", "baseSuggestedPrice": "59.99"}, "plus": {"price": "35.00", "suggestedPrice": "59.99", "discountPercent": "42", "discountAmount": "24.99", "basePrice": "35.00", "baseSuggestedPrice": "59.99"}}, "currency": "EUR", "offerType": "instant"}, {"offerID": "13132318", "offerUUID": "b8aeb063-e9d5-425b-a77b-74f0f7ec33fd", "seller": {"id": "bae89e1f-2d90-45c2-8038-b360e3caaadb", "name": "Yeahbabyitsgiftforu", "avatarUrl": "", "initials": "Ye", "type": "default", "rating": {"up": 45, "neutral": 2, "down": 1, "positiveFeedbackRatio": 98}, "ordersCount": 48, "issueInvoices": false, "deliveryTime": null}, "isSelectedOffer": false, "isPromotedOffer": false, "type": "game", "prices": {"normal": {"price": "18.27", "suggestedPrice": "59.99", "discountPercent": "70", "discountAmount": "41.72", "basePrice": "18.27", "baseSuggestedPrice": "59.99"}, "plus": {"price": "16.44", "suggestedPrice": "59.99", "discountPercent": "73", "discountAmount": "43.55", "basePrice": "16.44", "baseSuggestedPrice": "59.99"}}, "currency": "EUR", "offerType": "instant"}, {"offerID": "12974475", "offerUUID": "4722f206-4f80-45fe-b1a8-73f949b66608", "seller": {"id": "d9d2ba88-3de6-4ad2-a861-fae6788a97bf", "name": "Ingame", "avatarUrl": "", "initials": "In", "type": "excellent", "rating": {"up": 1436, "neutral": 21, "down": 98, "positiveFeedbackRatio": 94}, "ordersCount": 1555, "issueInvoices": false, "deliveryTime": "automated"}, "isSelectedOffer": false, "isPromotedOffer": false, "type": "dropshipping", "prices": {"normal": {"price": "26.44", "suggestedPrice": "59.99", "discountPercent": "56", "discountAmount": "33.55", "basePrice": "26.44", "baseSuggestedPrice": "59.99"}, "plus": {"price": "24.20", "suggestedPrice": "59.99", "discountPercent": "60", "discountAmount": "35.79", "basePrice": "24.20", "baseSuggestedPrice": "59.99"}}, "currency": "EUR", "offerType": "instant"}, {"offerID": "13141500", "offerUUID": "ecb15f6d-7ad7-4e21-ae7d-e25769c4e8fb", "seller": {"id": "93bfa900-922d-4c12-a363-8f17d0dfed2b", "name": "Keyshark", "avatarUrl": "https://img.g2a.com/96x96/1x0x0/420-4205738_credit-card-swipe-credit-card-usage-icon-hd.png/d4109873c9d2404d8a9b1360", "initials": "Ke", "type": "default", "rating": {"up": 452, "neutral": 308, "down": 81, "positiveFeedbackRatio": 85}, "ordersCount": 841, "issueInvoices": true, "deliveryTime": "automated"}, "isSelectedOffer": false, "isPromotedOffer": false, "type": "game", "prices": {"normal": {"price": "10.88", "suggestedPrice": "59.99", "discountPercent": "82", "discountAmount": "49.11", "basePrice": "10.88", "baseSuggestedPrice": "59.99"}, "plus": {"price": "9.79", "suggestedPrice": "59.99", "discountPercent": "84", "discountAmount": "50.20", "basePrice": "9.79", "baseSuggestedPrice": "59.99"}}, "currency": "EUR", "offerType": "instant"}, {"offerID": "13145006", "offerUUID": "b49ce606-2871-49d0-87a9-cf84c30b3263", "seller": {"id": "ee8e7d61-e644-4f4e-922e-bf5cc7fe2d9b", "name": "Racekey", "avatarUrl": "", "initials": "Ra", "type": "default", "rating": {"up": 170, "neutral": 4, "down": 71, "positiveFeedbackRatio": 71}, "ordersCount": 245, "issueInvoices": false, "deliveryTime": "automated"}, "isSelectedOffer": false, "isPromotedOffer": false, "type": "dropshipping", "prices": {"normal": {"price": "20.38", "suggestedPrice": "59.99", "discountPercent": "66", "discountAmount": "39.61", "basePrice": "20.38", "baseSuggestedPrice": "59.99"}, "plus": {"price": "18.35", "suggestedPrice": "59.99", "discountPercent": "69", "discountAmount": "41.64", "basePrice": "18.35", "baseSuggestedPrice": "59.99"}}, "currency": "EUR", "offerType": "instant"}, {"offerID": "13152893", "offerUUID": "ff5e615e-fd8f-4a00-9e9e-a4c8168e806e", "seller": {"id": "490521c5-b5cb-4763-8db9-02370912defa", "name": "Lelouchbrit", "avatarUrl": "", "initials": "Le", "type": "default", "rating": {"up": 0, "neutral": 0, "down": 0, "positiveFeedbackRatio": 0}, "ordersCount": 0, "issueInvoices": false, "deliveryTime": "automated"}, "isSelectedOffer": false, "isPromotedOffer": false, "type": "game", "prices": {"normal": {"price": "17.23", "suggestedPrice": "59.99", "discountPercent": "71", "discountAmount": "42.76", "basePrice": "17.23", "baseSuggestedPrice": "59.99"}, "plus": {"price": "15.51", "suggestedPrice": "59.99", "discountPercent": "74", "discountAmount": "44.48", "basePrice": "15.51", "baseSuggestedPrice": "59.99"}}, "currency": "EUR", "offerType": "instant"}, {"offerID": "13153069", "offerUUID": "6f35dd4c-0f1e-4dfe-adf7-4bc483e518f9", "seller": {"id": "cf03f2f4-0f87-4107-80d7-6e72d5980a96", "name": "Nobben", "avatarUrl": "", "initials": "No", "type": "default", "rating": {"up": 0, "neutral": 0, "down": 0, "positiveFeedbackRatio": 0}, "ordersCount": 0, "issueInvoices": false, "deliveryTime": "automated"}, "isSelectedOffer": false, "isPromotedOffer": false, "type": "game", "prices": {"normal": {"price": "14.40", "suggestedPrice": "59.99", "discountPercent": "76", "discountAmount": "45.59", "basePrice": "14.40", "baseSuggestedPrice": "59.99"}, "plus": {"price": "12.96", "suggestedPrice": "59.99", "discountPercent": "78", "discountAmount": "47.03", "basePrice": "12.96", "baseSuggestedPrice": "59.99"}}, "currency": "EUR", "offerType": "instant"}, {"offerID": "13157682", "offerUUID": "7664710d-4a3f-4361-9434-44b1998b6334", "seller": {"id": "c9d799a0-163a-4f72-9f7b-945a2953c645", "name": "Jm24cule", "avatarUrl": "", "initials": "Jm", "type": "default", "rating": {"up": 0, "neutral": 0, "down": 0, "positiveFeedbackRatio": 0}, "ordersCount": 0, "issueInvoices": false, "deliveryTime": "automated"}, "isSelectedOffer": false, "isPromotedOffer": false, "type": "game", "prices": {"normal": {"price": "11.96", "suggestedPrice": "59.99", "discountPercent": "80", "discountAmount": "48.03", "basePrice": "11.96", "baseSuggestedPrice": "59.99"}, "plus": {"price": "10.77", "suggestedPrice": "59.99", "discountPercent": "82", "discountAmount": "49.22", "basePrice": "10.77", "baseSuggestedPrice": "59.99"}}, "currency": "EUR", "offerType": "instant"}, {"offerID": "13160498", "offerUUID": "1b36e3d7-1e8d-4fbc-ab49-c73aaf6b3314", "seller": {"id": "eaeea4af-df82-4e2a-ade3-5f229c737467", "name": "Vivaciousi", "avatarUrl": "", "initials": "Vi", "type": "default", "rating": {"up": 0, "neutral": 0, "down": 0, "positiveFeedbackRatio": 0}, "ordersCount": 0, "issueInvoices": false, "deliveryTime": null}, "isSelectedOffer": false, "isPromotedOffer": false, "type": "game", "prices": {"normal": {"price": "11.88", "suggestedPrice": "59.99", "discountPercent": "80", "discountAmount": "48.11", "basePrice": "11.88", "baseSuggestedPrice": "59.99"}, "plus": {"price": "10.69", "suggestedPrice": "59.99", "discountPercent": "82", "discountAmount": "49.30", "basePrice": "10.69", "baseSuggestedPrice": "59.99"}}, "currency": "EUR", "offerType": "instant"}, {"offerID": "13161163", "offerUUID": "30c971b5-426f-4779-afd5-d35140285c76", "seller": {"id": "ed4f2855-1d44-4fa7-84c1-afe3bcdec608", "name": "Lufian112345", "avatarUrl": "", "initials": "Lu", "type": "default", "rating": {"up": 0, "neutral": 0, "down": 0, "positiveFeedbackRatio": 0}, "ordersCount": 0, "issueInvoices": false, "deliveryTime": "automated"}, "isSelectedOffer": false, "isPromotedOffer": false, "type": "game", "prices": {"normal": {"price": "12.08", "suggestedPrice": "59.99", "discountPercent": "80", "discountAmount": "47.91", "basePrice": "12.08", "baseSuggestedPrice": "59.99"}, "plus": {"price": "10.88", "suggestedPrice": "59.99", "discountPercent": "82", "discountAmount": "49.11", "basePrice": "10.88", "baseSuggestedPrice": "59.99"}}, "currency": "EUR", "offerType": "instant"}], "productType": "digital", "error": null}}