{"data": {"offers": [{"offerID": "13110080", "offerUUID": "d0bfb2a6-45fb-4116-9383-72466620087d", "seller": {"id": "93a37575-e3bb-4b21-b36a-64fa3e888966", "name": "Games_factory", "avatarUrl": "https://img.g2a.com/96x96/1x0x0/logo2.jpg/c45e4f861a0c4078b285dff4", "initials": "Ga", "type": "excellent", "rating": {"up": 34700, "neutral": 2727, "down": 102, "positiveFeedbackRatio": 100}, "ordersCount": 37529, "issueInvoices": false, "deliveryTime": "automated"}, "isSelectedOffer": false, "isPromotedOffer": false, "type": "dropshipping", "prices": {"normal": {"price": "13.27", "discountPercent": "0", "discountAmount": "0.00", "basePrice": "13.27"}, "plus": {"price": "11.95", "suggestedPrice": "13.27", "discountPercent": "10", "discountAmount": "1.32", "basePrice": "11.95", "baseSuggestedPrice": "13.27"}}, "currency": "EUR", "offerType": "instant"}, {"offerID": "13160978", "offerUUID": "be2b464b-af58-44ac-8357-a0296ab36045", "seller": {"id": "0e4f2b59-2812-4e91-8f4b-42679e672297", "name": "Totalst", "avatarUrl": "", "initials": "To", "type": "default", "rating": {"up": 8, "neutral": 0, "down": 0, "positiveFeedbackRatio": 100}, "ordersCount": 8, "issueInvoices": false, "deliveryTime": "automated"}, "isSelectedOffer": false, "isPromotedOffer": false, "type": "game", "prices": {"normal": {"price": "4.32", "discountPercent": "0", "discountAmount": "0.00", "basePrice": "4.32"}, "plus": {"price": "3.89", "suggestedPrice": "4.32", "discountPercent": "10", "discountAmount": "0.43", "basePrice": "3.89", "baseSuggestedPrice": "4.32"}}, "currency": "EUR", "offerType": "instant"}, {"offerID": "13157797", "offerUUID": "89cc1f3f-481d-4123-8055-f7e0eba5bc21", "seller": {"id": "3aac3984-f3cc-4e77-9a89-770ccbf23757", "name": "Pegasus331", "avatarUrl": "", "initials": "Pe", "type": "default", "rating": {"up": 1, "neutral": 0, "down": 0, "positiveFeedbackRatio": 100}, "ordersCount": 1, "issueInvoices": false, "deliveryTime": null}, "isSelectedOffer": false, "isPromotedOffer": false, "type": "game", "prices": {"normal": {"price": "4.34", "discountPercent": "0", "discountAmount": "0.00", "basePrice": "4.34"}, "plus": {"price": "3.91", "suggestedPrice": "4.34", "discountPercent": "10", "discountAmount": "0.43", "basePrice": "3.91", "baseSuggestedPrice": "4.34"}}, "currency": "EUR", "offerType": "instant"}, {"offerID": "13136200", "offerUUID": "d63717f9-9dab-4a53-add3-57ecb5c47576", "seller": {"id": "7f133cb2-75d9-4caf-89bd-7f953f2da613", "name": "Digital_power", "avatarUrl": "https://img.g2a.com/96x96/1x0x0/like neon.png/6030033746177c63840b06b2", "initials": "Di", "type": "default", "rating": {"up": 121, "neutral": 7, "down": 3, "positiveFeedbackRatio": 98}, "ordersCount": 131, "issueInvoices": false, "deliveryTime": "automated"}, "isSelectedOffer": false, "isPromotedOffer": false, "type": "game", "prices": {"normal": {"price": "12.90", "discountPercent": "0", "discountAmount": "0.00", "basePrice": "12.90"}, "plus": {"price": "11.61", "suggestedPrice": "12.90", "discountPercent": "10", "discountAmount": "1.29", "basePrice": "11.61", "baseSuggestedPrice": "12.90"}}, "currency": "EUR", "offerType": "instant"}, {"offerID": "13133929", "offerUUID": "74fa40d8-30df-4528-bee5-6657f88138d0", "seller": {"id": "3492b364-df97-4463-ac37-e4ce8931aadb", "name": "Owne3d", "avatarUrl": "", "initials": "Ow", "type": "default", "rating": {"up": 3, "neutral": 0, "down": 1, "positiveFeedbackRatio": 75}, "ordersCount": 4, "issueInvoices": true, "deliveryTime": "automated"}, "isSelectedOffer": false, "isPromotedOffer": false, "type": "game", "prices": {"normal": {"price": "5.32", "discountPercent": "0", "discountAmount": "0.00", "basePrice": "5.32"}, "plus": {"price": "4.79", "suggestedPrice": "5.32", "discountPercent": "10", "discountAmount": "0.53", "basePrice": "4.79", "baseSuggestedPrice": "5.32"}}, "currency": "EUR", "offerType": "instant"}, {"offerID": "13141459", "offerUUID": "66c1278f-3525-4437-a523-b040b8279eb8", "seller": {"id": "2e8b1b09-98c8-438b-be66-7c8963d7a0a4", "name": "Aniviamain", "avatarUrl": "", "initials": "An", "type": "default", "rating": {"up": 0, "neutral": 0, "down": 0, "positiveFeedbackRatio": 0}, "ordersCount": 0, "issueInvoices": false, "deliveryTime": "automated"}, "isSelectedOffer": false, "isPromotedOffer": false, "type": "game", "prices": {"normal": {"price": "5.45", "discountPercent": "0", "discountAmount": "0.00", "basePrice": "5.45"}, "plus": {"price": "4.90", "suggestedPrice": "5.45", "discountPercent": "10", "discountAmount": "0.55", "basePrice": "4.90", "baseSuggestedPrice": "5.45"}}, "currency": "EUR", "offerType": "instant"}, {"offerID": "13144198", "offerUUID": "329291d5-e272-42af-8600-1992718bed93", "seller": {"id": "cff6c343-4634-4f28-ba3f-6aa78b28b7ee", "name": "Szorike", "avatarUrl": "", "initials": "Sz", "type": "default", "rating": {"up": 0, "neutral": 0, "down": 0, "positiveFeedbackRatio": 0}, "ordersCount": 0, "issueInvoices": false, "deliveryTime": "automated"}, "isSelectedOffer": false, "isPromotedOffer": false, "type": "game", "prices": {"normal": {"price": "4.41", "discountPercent": "0", "discountAmount": "0.00", "basePrice": "4.41"}, "plus": {"price": "3.97", "suggestedPrice": "4.41", "discountPercent": "10", "discountAmount": "0.44", "basePrice": "3.97", "baseSuggestedPrice": "4.41"}}, "currency": "EUR", "offerType": "instant"}, {"offerID": "13152050", "offerUUID": "51e35696-f45c-4d5b-988b-70e2fbb6a164", "seller": {"id": "a6693a26-838b-4ef3-8d10-61a152726d12", "name": "Zillagames", "avatarUrl": "", "initials": "Zi", "type": "default", "rating": {"up": 0, "neutral": 0, "down": 0, "positiveFeedbackRatio": 0}, "ordersCount": 0, "issueInvoices": false, "deliveryTime": "automated"}, "isSelectedOffer": false, "isPromotedOffer": false, "type": "game", "prices": {"normal": {"price": "4.40", "discountPercent": "0", "discountAmount": "0.00", "basePrice": "4.40"}, "plus": {"price": "3.96", "suggestedPrice": "4.40", "discountPercent": "10", "discountAmount": "0.44", "basePrice": "3.96", "baseSuggestedPrice": "4.40"}}, "currency": "EUR", "offerType": "instant"}], "productType": "digital", "error": null}}