{"data": {"offers": [{"offerID": "12926546", "offerUUID": "5cb04503-8028-4b0c-b6a9-116ecd12d6f6", "seller": {"id": "9c5b72dd-941b-46ed-91b2-65ef37169c97", "name": "Gamersuniverse", "avatarUrl": "https://img.g2a.com/96x96/1x0x0/GameUniverse.png/082c50251210454fbb2a26d0", "initials": "Ga", "type": "excellent", "rating": {"up": 75666, "neutral": 5547, "down": 245, "positiveFeedbackRatio": 100}, "ordersCount": 81458, "issueInvoices": false, "deliveryTime": "automated"}, "isSelectedOffer": false, "isPromotedOffer": true, "promotedOffer": {"campaignId": "52", "showId": "c3f69eca-bc3d-49d0-ad55-0a8e344fc57b", "requestId": "|3OhzZYU+WMBfYMDgvjL1GXwWqwwx1BcmKRcA.nKsbUNr+_rQVKzA.xpLn2b_", "skc": "unknown-skc"}, "type": "dropshipping", "prices": {"normal": {"price": "1.48", "discountPercent": "0", "discountAmount": "0.00", "basePrice": "1.48"}, "plus": {"price": "1.33", "suggestedPrice": "1.48", "discountPercent": "10", "discountAmount": "0.15", "basePrice": "1.33", "baseSuggestedPrice": "1.48"}}, "currency": "EUR", "offerType": "instant"}, {"offerID": "12766404", "offerUUID": "42c179dd-abb0-4f4b-a569-fedc276918c2", "seller": {"id": "dabd25fb-f026-4d09-96b0-cbbc2b36dc1a", "name": "Instant_game", "avatarUrl": "https://img.g2a.com/96x96/1x0x0/instant-gaming-logo.png/1b629b69bea641d380f9aeac", "initials": "In", "type": "excellent", "rating": {"up": 9422, "neutral": 772, "down": 10, "positiveFeedbackRatio": 100}, "ordersCount": 10204, "issueInvoices": false, "deliveryTime": "automated"}, "isSelectedOffer": false, "isPromotedOffer": false, "type": "dropshipping", "prices": {"normal": {"price": "2.00", "discountPercent": "0", "discountAmount": "0.00", "basePrice": "2.00"}, "plus": {"price": "1.80", "suggestedPrice": "2.00", "discountPercent": "10", "discountAmount": "0.20", "basePrice": "1.80", "baseSuggestedPrice": "2.00"}}, "currency": "EUR", "offerType": "instant"}, {"offerID": "12994436", "offerUUID": "bc3b1824-f195-493b-af3d-ff5523e89c55", "seller": {"id": "7ee85a85-32e5-4741-aeff-bede00e135a0", "name": "Fun_keys", "avatarUrl": "https://img.g2a.com/96x96/1x0x0/33.jpg/60313c5b46177c4151397092", "initials": "Fu", "type": "excellent", "rating": {"up": 7812, "neutral": 53, "down": 1, "positiveFeedbackRatio": 100}, "ordersCount": 7866, "issueInvoices": false, "deliveryTime": "automated"}, "isSelectedOffer": false, "isPromotedOffer": false, "type": "game", "prices": {"normal": {"price": "4.09", "discountPercent": "0", "discountAmount": "0.00", "basePrice": "4.09"}, "plus": {"price": "3.68", "suggestedPrice": "4.09", "discountPercent": "10", "discountAmount": "0.41", "basePrice": "3.68", "baseSuggestedPrice": "4.09"}}, "currency": "EUR", "offerType": "instant"}, {"offerID": "12995023", "offerUUID": "9f2d8f4f-19de-44b9-bef6-8691e449cb58", "seller": {"id": "87a62671-876d-4963-947d-db0773420c53", "name": "Golden_games", "avatarUrl": "", "initials": "Go", "type": "excellent", "rating": {"up": 7178, "neutral": 77, "down": 2, "positiveFeedbackRatio": 100}, "ordersCount": 7257, "issueInvoices": false, "deliveryTime": "automated"}, "isSelectedOffer": false, "isPromotedOffer": false, "type": "game", "prices": {"normal": {"price": "1.48", "discountPercent": "0", "discountAmount": "0.00", "basePrice": "1.48"}, "plus": {"price": "1.33", "suggestedPrice": "1.48", "discountPercent": "10", "discountAmount": "0.15", "basePrice": "1.33", "baseSuggestedPrice": "1.48"}}, "currency": "EUR", "offerType": "instant"}, {"offerID": "12926547", "offerUUID": "2981805e-22ab-4476-85f3-ac53429434d0", "seller": {"id": "f74c2d89-9055-4bb6-ad00-c000dbb4a856", "name": "Superbkeys", "avatarUrl": "https://img.g2a.com/96x96/1x0x0/S4.png/4a8b4d3cb4d84c16ba274210", "initials": "Su", "type": "excellent", "rating": {"up": 6223, "neutral": 672, "down": 12, "positiveFeedbackRatio": 100}, "ordersCount": 6907, "issueInvoices": false, "deliveryTime": "automated"}, "isSelectedOffer": false, "isPromotedOffer": false, "type": "dropshipping", "prices": {"normal": {"price": "1.60", "discountPercent": "0", "discountAmount": "0.00", "basePrice": "1.60"}, "plus": {"price": "1.44", "suggestedPrice": "1.60", "discountPercent": "10", "discountAmount": "0.16", "basePrice": "1.44", "baseSuggestedPrice": "1.60"}}, "currency": "EUR", "offerType": "instant"}, {"offerID": "13012949", "offerUUID": "06928325-729f-45f4-b00a-63a3bd68ec9a", "seller": {"id": "1a332a8e-4fa2-44e7-9c51-5a1cd0e74a42", "name": "Atrueseller", "avatarUrl": "https://img.g2a.com/96x96/1x0x0/rock.png/602d4bf246177c37ea7ef902", "initials": "At", "type": "excellent", "rating": {"up": 5793, "neutral": 76, "down": 2, "positiveFeedbackRatio": 100}, "ordersCount": 5871, "issueInvoices": false, "deliveryTime": "automated"}, "isSelectedOffer": false, "isPromotedOffer": false, "type": "game", "prices": {"normal": {"price": "3.91", "discountPercent": "0", "discountAmount": "0.00", "basePrice": "3.91"}, "plus": {"price": "3.52", "suggestedPrice": "3.91", "discountPercent": "10", "discountAmount": "0.39", "basePrice": "3.52", "baseSuggestedPrice": "3.91"}}, "currency": "EUR", "offerType": "instant"}, {"offerID": "12993818", "offerUUID": "37c28a2a-4432-4d4f-800c-de0d23a16569", "seller": {"id": "8166753e-8645-4d4a-b0f9-4f8a92178c6e", "name": "Prestige_worldwide", "avatarUrl": "https://img.g2a.com/96x96/1x0x0/51bfzi5yUZL._AC_.jpg/602fd90146177c290c4f8e42", "initials": "Pr", "type": "excellent", "rating": {"up": 2559, "neutral": 103, "down": 1, "positiveFeedbackRatio": 100}, "ordersCount": 2663, "issueInvoices": false, "deliveryTime": "automated"}, "isSelectedOffer": false, "isPromotedOffer": false, "type": "game", "prices": {"normal": {"price": "5.02", "discountPercent": "0", "discountAmount": "0.00", "basePrice": "5.02"}, "plus": {"price": "4.52", "suggestedPrice": "5.02", "discountPercent": "10", "discountAmount": "0.50", "basePrice": "4.52", "baseSuggestedPrice": "5.02"}}, "currency": "EUR", "offerType": "instant"}, {"offerID": "13097457", "offerUUID": "c24eecdd-1850-4b4e-97bc-b40fa36102bf", "seller": {"id": "6608a8ab-46f3-445e-aad4-f4a81ae9a809", "name": "Kikidulm", "avatarUrl": "", "initials": "Ki", "type": "excellent", "rating": {"up": 2198, "neutral": 64, "down": 8, "positiveFeedbackRatio": 100}, "ordersCount": 2270, "issueInvoices": false, "deliveryTime": "automated"}, "isSelectedOffer": false, "isPromotedOffer": false, "type": "game", "prices": {"normal": {"price": "3.95", "discountPercent": "0", "discountAmount": "0.00", "basePrice": "3.95"}, "plus": {"price": "3.55", "suggestedPrice": "3.95", "discountPercent": "10", "discountAmount": "0.40", "basePrice": "3.55", "baseSuggestedPrice": "3.95"}}, "currency": "EUR", "offerType": "instant"}, {"offerID": "13160847", "offerUUID": "18313584-628e-4838-9555-89f4a4b03906", "seller": {"id": "d4d66234-acdc-43df-ad22-d39ac8168528", "name": "Trusted_keys_rep", "avatarUrl": "", "initials": "Tr", "type": "excellent", "rating": {"up": 1845, "neutral": 16, "down": 6, "positiveFeedbackRatio": 100}, "ordersCount": 1867, "issueInvoices": false, "deliveryTime": "automated"}, "isSelectedOffer": false, "isPromotedOffer": false, "type": "game", "prices": {"normal": {"price": "1.08", "discountPercent": "0", "discountAmount": "0.00", "basePrice": "1.08"}, "plus": {"price": "0.98", "suggestedPrice": "1.08", "discountPercent": "9", "discountAmount": "0.10", "basePrice": "0.98", "baseSuggestedPrice": "1.08"}}, "currency": "EUR", "offerType": "instant"}, {"offerID": "12926544", "offerUUID": "f2edfcc0-9b3d-4ef5-879d-781f7617f1d2", "seller": {"id": "6075c220-a47c-4c12-a20a-3d3ceab378db", "name": "Gamesdivision", "avatarUrl": "https://img.g2a.com/96x96/1x0x0/G3.png/5f1bf9fe6e3b4f36bc66e372", "initials": "Ga", "type": "excellent", "rating": {"up": 1519, "neutral": 183, "down": 5, "positiveFeedbackRatio": 100}, "ordersCount": 1707, "issueInvoices": false, "deliveryTime": "automated"}, "isSelectedOffer": false, "isPromotedOffer": false, "type": "dropshipping", "prices": {"normal": {"price": "1.61", "discountPercent": "0", "discountAmount": "0.00", "basePrice": "1.61"}, "plus": {"price": "1.45", "suggestedPrice": "1.61", "discountPercent": "10", "discountAmount": "0.16", "basePrice": "1.45", "baseSuggestedPrice": "1.61"}}, "currency": "EUR", "offerType": "instant"}, {"offerID": "12993761", "offerUUID": "90a6c040-efd0-4bf9-b41f-13fbfd9a8068", "seller": {"id": "f8f29384-f15b-4343-89b2-b0ddcf93eaf2", "name": "Sg_store", "avatarUrl": "https://img.g2a.com/96x96/1x0x0/20210911_194349_0000.png/96c810be09d5491697075886", "initials": "Sg", "type": "excellent", "rating": {"up": 1216, "neutral": 41, "down": 0, "positiveFeedbackRatio": 100}, "ordersCount": 1257, "issueInvoices": false, "deliveryTime": "automated"}, "isSelectedOffer": false, "isPromotedOffer": false, "type": "game", "prices": {"normal": {"price": "7.52", "discountPercent": "0", "discountAmount": "0.00", "basePrice": "7.52"}, "plus": {"price": "6.76", "suggestedPrice": "7.52", "discountPercent": "10", "discountAmount": "0.76", "basePrice": "6.76", "baseSuggestedPrice": "7.52"}}, "currency": "EUR", "offerType": "instant"}, {"offerID": "13152841", "offerUUID": "186a6dd7-e316-4c3a-bc8f-8592a92b6936", "seller": {"id": "528ae0f0-1baf-4604-bdea-a8b27bc90417", "name": "True_keys", "avatarUrl": "https://img.g2a.com/96x96/1x0x0/keys-large.png/5AMjnNbDHHSqQsbArpmKPE", "initials": "Tr", "type": "default", "rating": {"up": 273, "neutral": 14, "down": 1, "positiveFeedbackRatio": 100}, "ordersCount": 288, "issueInvoices": false, "deliveryTime": "automated"}, "isSelectedOffer": false, "isPromotedOffer": false, "type": "game", "prices": {"normal": {"price": "3.75", "discountPercent": "0", "discountAmount": "0.00", "basePrice": "3.75"}, "plus": {"price": "3.37", "suggestedPrice": "3.75", "discountPercent": "10", "discountAmount": "0.38", "basePrice": "3.37", "baseSuggestedPrice": "3.75"}}, "currency": "EUR", "offerType": "instant"}, {"offerID": "12926545", "offerUUID": "81e4b84a-eccc-45ed-a605-45dcb007e944", "seller": {"id": "fbe071e1-b0cd-458a-ae46-fe1acfcfca74", "name": "Lancce", "avatarUrl": "https://img.g2a.com/96x96/1x0x0/a.png/1da518f98f4141bb9bd45820", "initials": "La", "type": "default", "rating": {"up": 151, "neutral": 24, "down": 0, "positiveFeedbackRatio": 100}, "ordersCount": 175, "issueInvoices": false, "deliveryTime": null}, "isSelectedOffer": false, "isPromotedOffer": false, "type": "dropshipping", "prices": {"normal": {"price": "1.59", "discountPercent": "0", "discountAmount": "0.00", "basePrice": "1.59"}, "plus": {"price": "1.43", "suggestedPrice": "1.59", "discountPercent": "10", "discountAmount": "0.16", "basePrice": "1.43", "baseSuggestedPrice": "1.59"}}, "currency": "EUR", "offerType": "instant"}, {"offerID": "13153109", "offerUUID": "b8123d9e-41ca-474a-9090-7ebbf4b527bb", "seller": {"id": "d05eb3dc-7752-4649-bea3-d9725eb5c672", "name": "Bigworm187", "avatarUrl": "", "initials": "Bi", "type": "default", "rating": {"up": 9, "neutral": 0, "down": 0, "positiveFeedbackRatio": 100}, "ordersCount": 9, "issueInvoices": false, "deliveryTime": "automated"}, "isSelectedOffer": false, "isPromotedOffer": false, "type": "game", "prices": {"normal": {"price": "1.50", "discountPercent": "0", "discountAmount": "0.00", "basePrice": "1.50"}, "plus": {"price": "1.35", "suggestedPrice": "1.50", "discountPercent": "10", "discountAmount": "0.15", "basePrice": "1.35", "baseSuggestedPrice": "1.50"}}, "currency": "EUR", "offerType": "instant"}, {"offerID": "13152862", "offerUUID": "c884eeaa-eaed-4186-b4bc-9885c6826623", "seller": {"id": "3b695f8d-8d3a-4d63-b850-013747575750", "name": "Famjam", "avatarUrl": "", "initials": "Fa", "type": "default", "rating": {"up": 7, "neutral": 0, "down": 0, "positiveFeedbackRatio": 100}, "ordersCount": 7, "issueInvoices": false, "deliveryTime": null}, "isSelectedOffer": false, "isPromotedOffer": false, "type": "game", "prices": {"normal": {"price": "2.58", "discountPercent": "0", "discountAmount": "0.00", "basePrice": "2.58"}, "plus": {"price": "2.32", "suggestedPrice": "2.58", "discountPercent": "10", "discountAmount": "0.26", "basePrice": "2.32", "baseSuggestedPrice": "2.58"}}, "currency": "EUR", "offerType": "instant"}, {"offerID": "13152907", "offerUUID": "babb8299-035d-470f-aac2-3eedeaf1859a", "seller": {"id": "6f3491bc-d244-473e-bb2a-7655e0a65c88", "name": "Fernanvic", "avatarUrl": "", "initials": "Fe", "type": "default", "rating": {"up": 6, "neutral": 0, "down": 0, "positiveFeedbackRatio": 100}, "ordersCount": 6, "issueInvoices": false, "deliveryTime": null}, "isSelectedOffer": false, "isPromotedOffer": false, "type": "game", "prices": {"normal": {"price": "1.74", "discountPercent": "0", "discountAmount": "0.00", "basePrice": "1.74"}, "plus": {"price": "1.57", "suggestedPrice": "1.74", "discountPercent": "10", "discountAmount": "0.17", "basePrice": "1.57", "baseSuggestedPrice": "1.74"}}, "currency": "EUR", "offerType": "instant"}, {"offerID": "13152831", "offerUUID": "221d98bb-d0fa-4a15-90a0-6d724b972422", "seller": {"id": "478a3e25-68da-487e-aaaa-20ea989688bd", "name": "Zmoracieni", "avatarUrl": "", "initials": "Zm", "type": "default", "rating": {"up": 5, "neutral": 1, "down": 0, "positiveFeedbackRatio": 100}, "ordersCount": 6, "issueInvoices": false, "deliveryTime": "automated"}, "isSelectedOffer": false, "isPromotedOffer": false, "type": "game", "prices": {"normal": {"price": "2.60", "discountPercent": "0", "discountAmount": "0.00", "basePrice": "2.60"}, "plus": {"price": "2.34", "suggestedPrice": "2.60", "discountPercent": "10", "discountAmount": "0.26", "basePrice": "2.34", "baseSuggestedPrice": "2.60"}}, "currency": "EUR", "offerType": "instant"}, {"offerID": "13152974", "offerUUID": "70ef7446-24ac-4113-8235-6cb7415b763a", "seller": {"id": "2ba315aa-334e-4e08-b2ba-e67cdf7ce44d", "name": "Capdrew", "avatarUrl": "", "initials": "Ca", "type": "default", "rating": {"up": 5, "neutral": 0, "down": 0, "positiveFeedbackRatio": 100}, "ordersCount": 5, "issueInvoices": false, "deliveryTime": "automated"}, "isSelectedOffer": false, "isPromotedOffer": false, "type": "game", "prices": {"normal": {"price": "1.80", "discountPercent": "0", "discountAmount": "0.00", "basePrice": "1.80"}, "plus": {"price": "1.62", "suggestedPrice": "1.80", "discountPercent": "10", "discountAmount": "0.18", "basePrice": "1.62", "baseSuggestedPrice": "1.80"}}, "currency": "EUR", "offerType": "instant"}, {"offerID": "13152916", "offerUUID": "d099a950-7605-4910-b72a-575876a5220b", "seller": {"id": "42af984a-034f-42b1-8a88-8094e233dccb", "name": "Gameinside21", "avatarUrl": "", "initials": "Ga", "type": "default", "rating": {"up": 5, "neutral": 0, "down": 0, "positiveFeedbackRatio": 100}, "ordersCount": 5, "issueInvoices": false, "deliveryTime": null}, "isSelectedOffer": false, "isPromotedOffer": false, "type": "game", "prices": {"normal": {"price": "1.95", "discountPercent": "0", "discountAmount": "0.00", "basePrice": "1.95"}, "plus": {"price": "1.76", "suggestedPrice": "1.95", "discountPercent": "10", "discountAmount": "0.19", "basePrice": "1.76", "baseSuggestedPrice": "1.95"}}, "currency": "EUR", "offerType": "instant"}, {"offerID": "13152864", "offerUUID": "e3843361-f661-4c3c-a52c-a77a997cc5c1", "seller": {"id": "cf8113cd-4376-449b-9b10-0d746ec99c3b", "name": "Rafaelima", "avatarUrl": "", "initials": "Ra", "type": "default", "rating": {"up": 3, "neutral": 0, "down": 0, "positiveFeedbackRatio": 100}, "ordersCount": 3, "issueInvoices": false, "deliveryTime": "automated"}, "isSelectedOffer": false, "isPromotedOffer": false, "type": "game", "prices": {"normal": {"price": "2.47", "discountPercent": "0", "discountAmount": "0.00", "basePrice": "2.47"}, "plus": {"price": "2.22", "suggestedPrice": "2.47", "discountPercent": "10", "discountAmount": "0.25", "basePrice": "2.22", "baseSuggestedPrice": "2.47"}}, "currency": "EUR", "offerType": "instant"}, {"offerID": "13157768", "offerUUID": "53304a59-c15f-4bfb-b16b-09b6c9173056", "seller": {"id": "3aac3984-f3cc-4e77-9a89-770ccbf23757", "name": "Pegasus331", "avatarUrl": "", "initials": "Pe", "type": "default", "rating": {"up": 1, "neutral": 0, "down": 0, "positiveFeedbackRatio": 100}, "ordersCount": 1, "issueInvoices": false, "deliveryTime": null}, "isSelectedOffer": false, "isPromotedOffer": false, "type": "game", "prices": {"normal": {"price": "1.11", "discountPercent": "0", "discountAmount": "0.00", "basePrice": "1.11"}, "plus": {"price": "1.00", "suggestedPrice": "1.11", "discountPercent": "10", "discountAmount": "0.11", "basePrice": "1.00", "baseSuggestedPrice": "1.11"}}, "currency": "EUR", "offerType": "instant"}, {"offerID": "13003697", "offerUUID": "131bb07f-9796-46c2-91ac-b58f104a166c", "seller": {"id": "ff3f5d20-1f84-421e-bafb-f71e877efba4", "name": "Gks_store", "avatarUrl": "", "initials": "Gk", "type": "default", "rating": {"up": 660, "neutral": 27, "down": 5, "positiveFeedbackRatio": 99}, "ordersCount": 692, "issueInvoices": false, "deliveryTime": "automated"}, "isSelectedOffer": false, "isPromotedOffer": false, "type": "game", "prices": {"normal": {"price": "4.00", "discountPercent": "0", "discountAmount": "0.00", "basePrice": "4.00"}, "plus": {"price": "3.60", "suggestedPrice": "4.00", "discountPercent": "10", "discountAmount": "0.40", "basePrice": "3.60", "baseSuggestedPrice": "4.00"}}, "currency": "EUR", "offerType": "instant"}, {"offerID": "13013823", "offerUUID": "74abcf4b-d098-4b9a-aaf9-516304d1275f", "seller": {"id": "4a6ba6f4-447f-4b76-bab6-a71d227cebeb", "name": "Bestseller2077", "avatarUrl": "https://img.g2a.com/96x96/1x0x0/2077.jpg/604a0daa7e696c0a8e698852", "initials": "Be", "type": "excellent", "rating": {"up": 3044, "neutral": 273, "down": 135, "positiveFeedbackRatio": 96}, "ordersCount": 3452, "issueInvoices": false, "deliveryTime": "automated"}, "isSelectedOffer": false, "isPromotedOffer": false, "type": "game", "prices": {"normal": {"price": "3.92", "discountPercent": "0", "discountAmount": "0.00", "basePrice": "3.92"}, "plus": {"price": "3.53", "suggestedPrice": "3.92", "discountPercent": "10", "discountAmount": "0.39", "basePrice": "3.53", "baseSuggestedPrice": "3.92"}}, "currency": "EUR", "offerType": "instant"}, {"offerID": "13161137", "offerUUID": "e72cdf41-f9ce-41d3-b4e4-d40e3ca086ea", "seller": {"id": "bc70e7f0-f59c-4385-ab50-e032b80d28f7", "name": "Goodeddy", "avatarUrl": "", "initials": "Go", "type": "default", "rating": {"up": 19, "neutral": 0, "down": 1, "positiveFeedbackRatio": 95}, "ordersCount": 20, "issueInvoices": false, "deliveryTime": "automated"}, "isSelectedOffer": false, "isPromotedOffer": false, "type": "game", "prices": {"normal": {"price": "1.10", "discountPercent": "0", "discountAmount": "0.00", "basePrice": "1.10"}, "plus": {"price": "0.99", "suggestedPrice": "1.10", "discountPercent": "10", "discountAmount": "0.11", "basePrice": "0.99", "baseSuggestedPrice": "1.10"}}, "currency": "EUR", "offerType": "instant"}, {"offerID": "13152843", "offerUUID": "d3a83e74-fe2c-43bf-ac48-8e4321d8cdc3", "seller": {"id": "2420b286-9d40-4ba8-86ef-45f23628cf5b", "name": "Neozika", "avatarUrl": "", "initials": "Ne", "type": "default", "rating": {"up": 12, "neutral": 1, "down": 1, "positiveFeedbackRatio": 92}, "ordersCount": 14, "issueInvoices": false, "deliveryTime": "automated"}, "isSelectedOffer": false, "isPromotedOffer": false, "type": "game", "prices": {"normal": {"price": "2.59", "discountPercent": "0", "discountAmount": "0.00", "basePrice": "2.59"}, "plus": {"price": "2.33", "suggestedPrice": "2.59", "discountPercent": "10", "discountAmount": "0.26", "basePrice": "2.33", "baseSuggestedPrice": "2.59"}}, "currency": "EUR", "offerType": "instant"}, {"offerID": "13152876", "offerUUID": "5365df3b-e0f7-4bab-9f64-d87413ce38b8", "seller": {"id": "dd8b42bd-668c-4fa9-9113-c0fd20a456f1", "name": "Gamecover_site", "avatarUrl": "", "initials": "Ga", "type": "default", "rating": {"up": 0, "neutral": 0, "down": 1, "positiveFeedbackRatio": 0}, "ordersCount": 1, "issueInvoices": false, "deliveryTime": "automated"}, "isSelectedOffer": false, "isPromotedOffer": false, "type": "game", "prices": {"normal": {"price": "2.46", "discountPercent": "0", "discountAmount": "0.00", "basePrice": "2.46"}, "plus": {"price": "2.21", "suggestedPrice": "2.46", "discountPercent": "10", "discountAmount": "0.25", "basePrice": "2.21", "baseSuggestedPrice": "2.46"}}, "currency": "EUR", "offerType": "instant"}, {"offerID": "13157476", "offerUUID": "482e1fe7-18e5-4fbb-a3d2-d6174e1dcd8e", "seller": {"id": "4800b483-6248-4434-96f1-fa23f6669fd5", "name": "Diabluto", "avatarUrl": "", "initials": "Di", "type": "default", "rating": {"up": 0, "neutral": 0, "down": 0, "positiveFeedbackRatio": 0}, "ordersCount": 0, "issueInvoices": false, "deliveryTime": "automated"}, "isSelectedOffer": false, "isPromotedOffer": false, "type": "game", "prices": {"normal": {"price": "1.30", "discountPercent": "0", "discountAmount": "0.00", "basePrice": "1.30"}, "plus": {"price": "1.17", "suggestedPrice": "1.30", "discountPercent": "10", "discountAmount": "0.13", "basePrice": "1.17", "baseSuggestedPrice": "1.30"}}, "currency": "EUR", "offerType": "instant"}, {"offerID": "13161177", "offerUUID": "840009c0-fc4b-4767-b53e-b751da847c56", "seller": {"id": "ed4f2855-1d44-4fa7-84c1-afe3bcdec608", "name": "Lufian112345", "avatarUrl": "", "initials": "Lu", "type": "default", "rating": {"up": 0, "neutral": 0, "down": 0, "positiveFeedbackRatio": 0}, "ordersCount": 0, "issueInvoices": false, "deliveryTime": "automated"}, "isSelectedOffer": false, "isPromotedOffer": false, "type": "game", "prices": {"normal": {"price": "6.27", "discountPercent": "0", "discountAmount": "0.00", "basePrice": "6.27"}, "plus": {"price": "5.65", "suggestedPrice": "6.27", "discountPercent": "10", "discountAmount": "0.62", "basePrice": "5.65", "baseSuggestedPrice": "6.27"}}, "currency": "EUR", "offerType": "instant"}], "productType": "digital", "error": null}}