{"data": {"offers": [{"offerID": "13094187", "offerUUID": "19aae271-8b12-4587-8898-1df31d387a03", "seller": {"id": "9c5b72dd-941b-46ed-91b2-65ef37169c97", "name": "Gamersuniverse", "avatarUrl": "https://img.g2a.com/96x96/1x0x0/GameUniverse.png/082c50251210454fbb2a26d0", "initials": "Ga", "type": "excellent", "rating": {"up": 75666, "neutral": 5547, "down": 245, "positiveFeedbackRatio": 100}, "ordersCount": 81458, "issueInvoices": false, "deliveryTime": "automated"}, "isSelectedOffer": false, "isPromotedOffer": true, "promotedOffer": {"campaignId": "52", "showId": "f1d7e094-4a8f-4b0e-8a54-4d84e33d6f2c", "requestId": "|OYYI5p03oCkkOIJh6K0uZqV4RTjfz4EYUayo.gDv3O//0_A2MBpA.RCxsIi_", "skc": "unknown-skc"}, "type": "dropshipping", "prices": {"normal": {"price": "27.24", "suggestedPrice": "29.99", "discountPercent": "9", "discountAmount": "2.75", "basePrice": "27.24", "baseSuggestedPrice": "29.99"}, "plus": {"price": "24.93", "suggestedPrice": "29.99", "discountPercent": "17", "discountAmount": "5.06", "basePrice": "24.93", "baseSuggestedPrice": "29.99"}}, "currency": "EUR", "offerType": "instant"}, {"offerID": "12859631", "offerUUID": "5abfeaad-6c77-4a35-a321-76bee9eaa633", "seller": {"id": "dabd25fb-f026-4d09-96b0-cbbc2b36dc1a", "name": "Instant_game", "avatarUrl": "https://img.g2a.com/96x96/1x0x0/instant-gaming-logo.png/1b629b69bea641d380f9aeac", "initials": "In", "type": "excellent", "rating": {"up": 9422, "neutral": 772, "down": 10, "positiveFeedbackRatio": 100}, "ordersCount": 10204, "issueInvoices": false, "deliveryTime": "automated"}, "isSelectedOffer": false, "isPromotedOffer": false, "type": "dropshipping", "prices": {"normal": {"price": "36.28", "discountPercent": "0", "discountAmount": "0.00", "basePrice": "36.28"}, "plus": {"price": "33.38", "suggestedPrice": "36.28", "discountPercent": "8", "discountAmount": "2.90", "basePrice": "33.38", "baseSuggestedPrice": "36.28"}}, "currency": "EUR", "offerType": "instant"}, {"offerID": "13094188", "offerUUID": "6beea45d-b3b4-4a1b-b264-762a510e372e", "seller": {"id": "f74c2d89-9055-4bb6-ad00-c000dbb4a856", "name": "Superbkeys", "avatarUrl": "https://img.g2a.com/96x96/1x0x0/S4.png/4a8b4d3cb4d84c16ba274210", "initials": "Su", "type": "excellent", "rating": {"up": 6223, "neutral": 672, "down": 12, "positiveFeedbackRatio": 100}, "ordersCount": 6907, "issueInvoices": false, "deliveryTime": "automated"}, "isSelectedOffer": false, "isPromotedOffer": false, "type": "dropshipping", "prices": {"normal": {"price": "28.24", "suggestedPrice": "29.99", "discountPercent": "6", "discountAmount": "1.75", "basePrice": "28.24", "baseSuggestedPrice": "29.99"}, "plus": {"price": "25.85", "suggestedPrice": "29.99", "discountPercent": "14", "discountAmount": "4.14", "basePrice": "25.85", "baseSuggestedPrice": "29.99"}}, "currency": "EUR", "offerType": "instant"}, {"offerID": "13094185", "offerUUID": "f679802b-ea41-45a5-ad3d-f77b09590945", "seller": {"id": "6075c220-a47c-4c12-a20a-3d3ceab378db", "name": "Gamesdivision", "avatarUrl": "https://img.g2a.com/96x96/1x0x0/G3.png/5f1bf9fe6e3b4f36bc66e372", "initials": "Ga", "type": "excellent", "rating": {"up": 1519, "neutral": 183, "down": 5, "positiveFeedbackRatio": 100}, "ordersCount": 1707, "issueInvoices": false, "deliveryTime": "automated"}, "isSelectedOffer": false, "isPromotedOffer": false, "type": "dropshipping", "prices": {"normal": {"price": "28.39", "suggestedPrice": "29.99", "discountPercent": "5", "discountAmount": "1.60", "basePrice": "28.39", "baseSuggestedPrice": "29.99"}, "plus": {"price": "25.98", "suggestedPrice": "29.99", "discountPercent": "13", "discountAmount": "4.01", "basePrice": "25.98", "baseSuggestedPrice": "29.99"}}, "currency": "EUR", "offerType": "instant"}, {"offerID": "13094186", "offerUUID": "26d59885-4cd4-42ba-aa55-cc263f68d1dc", "seller": {"id": "fbe071e1-b0cd-458a-ae46-fe1acfcfca74", "name": "Lancce", "avatarUrl": "https://img.g2a.com/96x96/1x0x0/a.png/1da518f98f4141bb9bd45820", "initials": "La", "type": "default", "rating": {"up": 151, "neutral": 24, "down": 0, "positiveFeedbackRatio": 100}, "ordersCount": 175, "issueInvoices": false, "deliveryTime": null}, "isSelectedOffer": false, "isPromotedOffer": false, "type": "dropshipping", "prices": {"normal": {"price": "28.11", "suggestedPrice": "29.99", "discountPercent": "6", "discountAmount": "1.88", "basePrice": "28.11", "baseSuggestedPrice": "29.99"}, "plus": {"price": "25.73", "suggestedPrice": "29.99", "discountPercent": "14", "discountAmount": "4.26", "basePrice": "25.73", "baseSuggestedPrice": "29.99"}}, "currency": "EUR", "offerType": "instant"}, {"offerID": "12906427", "offerUUID": "fb2b0895-32af-4fdf-ac3e-8cb6b8cc87b8", "seller": {"id": "4d1824cf-40c6-4815-85b4-c8341af8b813", "name": "World_of_games", "avatarUrl": "https://img.g2a.com/96x96/1x0x0/2.png/9269b260faba4c22af5a2060", "initials": "Wo", "type": "excellent", "rating": {"up": 48653, "neutral": 5329, "down": 690, "positiveFeedbackRatio": 99}, "ordersCount": 54672, "issueInvoices": false, "deliveryTime": "automated"}, "isSelectedOffer": false, "isPromotedOffer": false, "type": "dropshipping", "prices": {"normal": {"price": "27.27", "suggestedPrice": "29.99", "discountPercent": "9", "discountAmount": "2.72", "basePrice": "27.27", "baseSuggestedPrice": "29.99"}, "plus": {"price": "24.96", "suggestedPrice": "29.99", "discountPercent": "17", "discountAmount": "5.03", "basePrice": "24.96", "baseSuggestedPrice": "29.99"}}, "currency": "EUR", "offerType": "instant"}], "productType": "digital", "error": null}}